build_id,class,weapon,archetype,variant,primary_family,family_ids,roll_profile,total_hp,ehp,ehp_no_agi,hpr,ehpr,defense_pct,agility_pct,earth_defense,thunder_defense,water_defense,fire_defense,air_defense,hpr_raw,hpr_pct,ls,effective_ls,life_per_hit,mr,total_mr,ms,mana_per_hit,max_mana_bonus,total_mana,walk_speed,attack_tier,attack_speed_base,attack_speed_final,attacks_per_second,poison,heal_pct,main_attack_range_pct,main_attack_range_blocks,main_attack_dps,spell_1_display_avg,spell_2_display_avg,spell_3_display_avg,spell_4_display_avg,spell_display_avg_max,spell_display_avg_sum,spell_1_cost,spell_2_cost,spell_3_cost,spell_4_cost,skill_points_assigned,strength,dexterity,intelligence,defense,agility,md_pct,md_raw,sd_pct,sd_raw,damage_pct,damage_raw,source_url
ubg-az-az-sharpshooter-non-crafted-1,archer,Az,Sharpshooter,non_crafted,family_unclassified,[],median,15935,14916.4866,14427.2581,0,0,15.038,3.7173,4,155,882,-100,-264,0,-39,368,344.4786,59.8374,7,32,19,3.0894,0,160,0,-1,FAST,NORMAL,2.05,5733,0,0,11,1050.5115,27589.0029,0,24533.9783,21076.6691,27589.0029,73199.6503,12.782,13.3527,15.1513,19.5878,176,63,80,90,19,4,0,-350,40,517,0,0,https://wynnbuilder.github.io/builder/#CW0bu0OJeJ4yQWjHiDI15EGYipKmbtFZFFD6-aD0
ubg-az-az-sharpshooter-non-crafted-1,archer,Az,Sharpshooter,non_crafted,family_unclassified,[],upper_quartile_proxy,15935,14916.4866,14427.2581,0,0,15.038,3.7173,4.15,155,926.1,-100,-257.4,0,-32,483,452.1282,78.5366,21,46,24,3.9024,0,160,0,-1,FAST,NORMAL,2.05,7524,0,0,11,1397.4022,32943.951,0,29131.7132,25014.1759,32943.951,87089.8401,11.8467,13.3527,13.842,19.5878,176,63,80,90,19,4,0,-297,53,680,0,0,https://wynnbuilder.github.io/builder/#CW0bu0OJeJ4yQWjHiDI15EGYipKmbtFZFFD6-aD0
ubg-az-az-sharpshooter-non-crafted-1,archer,Az,Sharpshooter,non_crafted,family_unclassified,[],solver_default,15935,14916.4866,14427.2581,0,0,15.038,3.7173,4.2,155,940.8,-100,-255.2,0,-31,529,495.188,86.0163,33,58,30,4.878,0,160,0,-1,FAST,NORMAL,2.05,8240,0,0,11,1538.5767,35083.2606,0,30963.5961,26588.2258,35083.2606,92635.0825,10.9115,12.3527,12.7197,18.5878,176,63,80,90,19,4,0,-276,58,744,0,0,https://wynnbuilder.github.io/builder/#CW0bu0OJeJ4yQWjHiDI15EGYipKmbtFZFFD6-aD0
ubg-az-az-sharpshooter-non-crafted-1,archer,Az,Sharpshooter,non_crafted,family_unclassified,[],maximum,15935,14916.4866,14427.2581,0,0,15.038,3.7173,4.3,155,970.2,-100,-250.8,0,-27,598,559.7778,97.2358,33,58,30,4.878,0,160,0,-1,FAST,NORMAL,2.05,9315,0,0,11,1757.384,38350.9212,0,33751.7966,28975.1981,38350.9212,101077.9159,10.9115,12.3527,12.7197,18.5878,176,63,80,90,19,4,0,-245,65,840,0,0,https://wynnbuilder.github.io/builder/#CW0bu0OJeJ4yQWjHiDI15EGYipKmbtFZFFD6-aD0
ubg-divzer-divzer-boltslinger-hybrid-non-crafted-1,archer,Divzer,Boltslinger,non_crafted,family_hybrid,"[""family_hybrid""]",median,15785,12142.3077,12142.3077,-209.3,-161,0,0,50,192.5,-100,-100,-300,-182,-15,550,423.0769,42.6357,0,25,16,1.2403,0,100,-3,0,SUPER_FAST,SUPER_FAST,4.3,0,0,0,6,11981.7992,138869.1221,0,33523.0813,47839.9824,138869.1221,220232.1858,23,15,46,25,170,100,152,-3,-76,-566,79,2043,39,836,0,0,https://wynnbuilder.github.io/builder/#CW0cVAwCufe3dWYwZlcYwZfHCD266M1GdcDSM7qI830qFwzFuXx9S8
ubg-divzer-divzer-boltslinger-hybrid-non-crafted-1,archer,Divzer,Boltslinger,non_crafted,family_hybrid,"[""family_hybrid""]",upper_quartile_proxy,15785,12142.3077,12142.3077,-177.1,-136.2308,0,0,50,192.5,-100,-100,-300,-154,-15,806,620,62.4806,0,25,21,1.6279,0,100,4,0,SUPER_FAST,SUPER_FAST,4.3,0,0,0,6,14207.3837,152823.0316,0,36772.1976,52700.4893,152823.0316,242295.7185,22,15,46,25,170,100,152,-3,-76,-566,109,2468,43,1018,0,0,https://wynnbuilder.github.io/builder/#CW0cVAwCufe3dWYwZlcYwZfHCD266M1GdcDSM7qI830qFwzFuXx9S8
ubg-divzer-divzer-boltslinger-hybrid-non-crafted-1,archer,Divzer,Boltslinger,non_crafted,family_hybrid,"[""family_hybrid""]",solver_default,15785,12142.3077,12142.3077,-165.6,-127.3846,0,0,50,192.5,-100,-100,-300,-144,-15,907,697.6923,70.3101,0,25,26,2.0155,0,100,7,0,SUPER_FAST,SUPER_FAST,4.3,0,0,0,6,15067.2971,158342.7536,0,38065.2601,54619.8646,158342.7536,251027.8783,21,15,46,25,170,100,152,-3,-76,-566,118,2637,44,1090,0,0,https://wynnbuilder.github.io/builder/#CW0cVAwCufe3dWYwZlcYwZfHCD266M1GdcDSM7qI830qFwzFuXx9S8
ubg-divzer-divzer-boltslinger-hybrid-non-crafted-1,archer,Divzer,Boltslinger,non_crafted,family_hybrid,"[""family_hybrid""]",maximum,15785,12142.3077,12142.3077,-147.2,-113.2308,0,0,50,192.5,-100,-100,-300,-128,-15,1060,815.3846,82.1705,0,25,26,2.0155,0,100,11,0,SUPER_FAST,SUPER_FAST,4.3,0,0,0,6,16385.1754,166338.9805,0,39931.2904,57403.6805,166338.9805,263673.9514,21,15,46,25,170,100,152,-3,-76,-566,135,2892,46,1200,0,0,https://wynnbuilder.github.io/builder/#CW0cVAwCufe3dWYwZlcYwZfHCD266M1GdcDSM7qI830qFwzFuXx9S8
ubg-divzer-divzer-spell-boltslinger-non-crafted-1,archer,Divzer,Boltslinger,non_crafted,family_spell_sustained,"[""family_spell_sustained""]",median,12510,9623.0769,9623.0769,-292.6,-225.0769,0,0,362.25,908.5,126,-200,-200,-266,-10,730,561.5385,477.1242,-21,4,58,37.9085,0,133,0,-12,SUPER_FAST,SUPER_SLOW,0.51,8500,0,-50,3,7247.7714,204738.8428,0,38537.726,55952.1391,204738.8428,299228.7079,16.5997,11.9095,27.7888,15.8793,182,92,152,40,-103,-580,50,1309,100,471,0,0,https://wynnbuilder.github.io/builder/#CW0o2tm9im6EfJsm1jv6E2QGG3OOG09TQsmfRGB1m-exVq7SEa30
ubg-divzer-divzer-spell-boltslinger-non-crafted-1,archer,Divzer,Boltslinger,non_crafted,family_spell_sustained,"[""family_spell_sustained""]",upper_quartile_proxy,12510,9623.0769,9623.0769,-244.08,-187.7538,0,0,362.25,908.5,126,-200,-200,-226,-8,958,736.9231,626.1438,-17,8,72,47.0588,0,133,0,-12,SUPER_FAST,SUPER_SLOW,0.51,8500,0,-42,3.48,8764.5296,223800.6708,0,42124.8455,61174.4406,223800.6708,327099.9569,15.1642,11.9095,27.7888,15.8793,182,92,152,40,-103,-580,50,1718,112,600,0,0,https://wynnbuilder.github.io/builder/#CW0o2tm9im6EfJsm1jv6E2QGG3OOG09TQsmfRGB1m-exVq7SEa30
ubg-divzer-divzer-spell-boltslinger-non-crafted-1,archer,Divzer,Boltslinger,non_crafted,family_spell_sustained,"[""family_spell_sustained""]",solver_default,12510,9623.0769,9623.0769,-226.8,-174.4615,0,0,362.25,908.5,126,-200,-200,-210,-8,1049,806.9231,685.6209,-14,11,86,56.2092,0,133,0,-12,SUPER_FAST,SUPER_SLOW,0.51,8500,0,-39,3.66,9348.8874,231144.9944,0,43501.926,63188.7406,231144.9944,337835.661,13.9473,11.9095,27.7888,15.8793,182,92,152,40,-103,-580,50,1882,117,651,0,0,https://wynnbuilder.github.io/builder/#CW0o2tm9im6EfJsm1jv6E2QGG3OOG09TQsmfRGB1m-exVq7SEa30
ubg-divzer-divzer-spell-boltslinger-non-crafted-1,archer,Divzer,Boltslinger,non_crafted,family_spell_sustained,"[""family_spell_sustained""]",maximum,12510,9623.0769,9623.0769,-199.02,-153.0923,0,0,362.25,908.5,126,-200,-200,-186,-7,1186,912.3077,775.1634,-14,11,86,56.2092,0,133,0,-12,SUPER_FAST,SUPER_SLOW,0.51,8500,0,-35,3.9,10255.9955,242829.3276,0,45696.5207,66391.089,242829.3276,354916.9373,13.9473,11.9095,27.7888,15.8793,182,92,152,40,-103,-580,50,2127,125,727,0,0,https://wynnbuilder.github.io/builder/#CW0o2tm9im6EfJsm1jv6E2QGG3OOG09TQsmfRGB1m-exVq7SEa30
ubg-freedom-freedom-sharpshooter-non-crafted-1,archer,Freedom,Sharpshooter,non_crafted,family_unclassified,[],median,12909,28952.711,15814.5036,189.7,425.4651,37.2095,53.9741,315.9,508.95,304.2,356.85,163.8,271,-30,168,376.7957,27.3171,30,55,-12,-1.9512,0,143,-33,0,NORMAL,NORMAL,2.05,0,0,0,11,3618.2286,31907.538,0,25139.8851,25567.1822,31907.538,82614.6053,18.2662,14.9597,21.9194,18.2662,182,55,55,56,55,81,0,160,0,160,22,128,https://wynnbuilder.github.io/builder/#CW013HyGyb0lGHgJITI15YF2ecKu488G0uzpupJZnFP3
ubg-freedom-freedom-sharpshooter-non-crafted-1,archer,Freedom,Sharpshooter,non_crafted,family_unclassified,[],upper_quartile_proxy,13142,29475.2907,16099.9462,322.5,723.3131,37.2095,53.9741,356.4,574.2,343.2,402.6,184.8,430,-25,221,495.6657,35.935,41,66,-10,-1.626,0,143,-16,0,NORMAL,NORMAL,2.05,0,0,0,11,3980.451,35260.481,0,27813.7686,28257.6235,35260.481,91331.8731,18.2662,14.9597,21.9194,18.2662,182,55,55,56,55,81,0,210,0,210,29,168,https://wynnbuilder.github.io/builder/#CW013HyGyb0lGHgJITI15YF2ecKu488G0uzpupJZnFP3
ubg-freedom-freedom-sharpshooter-non-crafted-1,archer,Freedom,Sharpshooter,non_crafted,family_unclassified,[],solver_default,13236,29686.1169,16215.1034,376.96,845.4577,37.2095,53.9741,369.9,595.95,356.2,417.85,191.8,496,-24,242,542.7652,39.3496,49,74,-8,-1.3008,0,143,-10,0,NORMAL,NORMAL,2.05,0,0,0,11,4120.1507,36617.1781,0,28895.5085,29346.1371,36617.1781,94858.8237,18.2662,13.9597,21.9194,18.2662,182,55,55,56,55,81,0,230,0,230,32,184,https://wynnbuilder.github.io/builder/#CW013HyGyb0lGHgJITI15YF2ecKu488G0uzpupJZnFP3
ubg-freedom-freedom-sharpshooter-non-crafted-1,archer,Freedom,Sharpshooter,non_crafted,family_unclassified,[],maximum,13376,30000.1133,16386.614,467.68,1048.9274,37.2095,53.9741,394.2,635.1,379.6,445.3,204.4,592,-21,273,612.293,44.3902,49,74,-8,-1.3008,0,143,1,0,NORMAL,NORMAL,2.05,0,0,0,11,4330.6759,38613.424,0,30487.6521,30948.0649,38613.424,100049.141,18.2662,13.9597,21.9194,18.2662,182,55,55,56,55,81,0,260,0,260,36,208,https://wynnbuilder.github.io/builder/#CW013HyGyb0lGHgJITI15YF2ecKu488G0uzpupJZnFP3
ubg-grandmother-grandmother-sharpshooter-non-crafted-1,archer,Grandmother,Sharpshooter,non_crafted,family_unclassified,[],median,18385,36619.6725,23471.1188,-759.9,-1513.5866,39.7459,43.0505,1243.2,-250,725,438.4,-175,-447,-70,0,0,0,20,45,24,15.6863,56,201,-20,-4,SLOW,SUPER_SLOW,0.51,0,0,0,11,4675.8474,27314.3563,0,21835.4661,22083.8027,27314.3563,71233.6251,14.9057,7.7434,17.6409,14.9057,193,125,4,60,60,59,80,0,65,109,0,0,https://wynnbuilder.github.io/builder/#CW0s2nwG8Y3dQ06EM0H15UmGgc5peSS10y+Pyvfnudi1
ubg-grandmother-grandmother-sharpshooter-non-crafted-1,archer,Grandmother,Sharpshooter,non_crafted,family_unclassified,[],upper_quartile_proxy,18385,36619.6725,23471.1188,-160.59,-319.8669,39.7459,43.0505,1327.2,-250,725,476.8,-175,-101,-59,0,0,0,26,51,32,20.915,73,218,-17,-4,SLOW,SUPER_SLOW,0.51,0,0,0,11,5475.2751,30953.4857,0,24658.1528,24868.2345,30953.4857,80479.873,13.9057,6.7434,15.356,13.9057,193,125,4,60,60,59,118,0,85,142,0,0,https://wynnbuilder.github.io/builder/#CW0s2nwG8Y3dQ06EM0H15UmGgc5peSS10y+Pyvfnudi1
ubg-grandmother-grandmother-sharpshooter-non-crafted-1,archer,Grandmother,Sharpshooter,non_crafted,family_unclassified,[],solver_default,18385,36619.6725,23471.1188,16.65,33.1639,39.7459,43.0505,1360.8,-250,725,489.6,-175,37,-55,0,0,0,32,57,39,25.4902,90,235,-16,-4,SLOW,SUPER_SLOW,0.51,0,0,0,11,5773.671,32224.2316,0,25639.8261,25838.655,32224.2316,83702.7127,12.9057,5.7434,13.1112,12.9057,193,125,4,60,60,59,133,0,92,156,0,0,https://wynnbuilder.github.io/builder/#CW0s2nwG8Y3dQ06EM0H15UmGgc5peSS10y+Pyvfnudi1
ubg-grandmother-grandmother-sharpshooter-non-crafted-1,archer,Grandmother,Sharpshooter,non_crafted,family_unclassified,[],maximum,18385,36619.6725,23471.1188,124.44,247.8625,39.7459,43.0505,1411.2,-250,725,512,-175,244,-49,0,0,0,32,57,39,25.4902,90,235,-14,-4,SLOW,SUPER_SLOW,0.51,0,0,0,11,6248.1357,34366.3781,0,27298.2092,27476.6229,34366.3781,89141.2102,12.9057,5.7434,13.1112,12.9057,193,125,4,60,60,59,156,0,104,176,0,0,https://wynnbuilder.github.io/builder/#CW0s2nwG8Y3dQ06EM0H15UmGgc5peSS10y+Pyvfnudi1
ubg-ignis-ignis-sharpshooter-non-crafted-1,archer,Ignis,Sharpshooter,non_crafted,family_unclassified,[],median,22735,52103.2128,50387.6073,851.81,1952.1459,65.2921,4.6254,387.6,104,13.6,1091.2,0,827,3,0,0,0,29,54,0,0,10,146,-42,-15,NORMAL,SUPER_SLOW,0.51,0,-60,0,11,2647.06,21795.3879,0,17879.2666,17484.6684,21795.3879,57159.3229,19.3291,11.5975,23.1949,14.1102,195,80,55,45,130,5,0,0,28,93,22,128,https://wynnbuilder.github.io/builder/#CW0s2HyG0I4XQmgH2eWy4kongcRSa70y+Pyvfnudi1
ubg-ignis-ignis-sharpshooter-non-crafted-1,archer,Ignis,Sharpshooter,non_crafted,family_unclassified,[],upper_quartile_proxy,23923,54825.8262,53020.5731,1387.68,3180.2325,65.2921,4.6254,447.45,107.9,14.2,1295.8,0,1176,18,0,0,0,38,63,0,0,13,149,-33,-15,NORMAL,SUPER_SLOW,0.51,0,-51,0,11,2909.7181,23787.0171,0,19481.1731,19084.5123,23787.0171,62352.7025,19.3291,11.5975,23.1949,12.3706,195,80,55,45,130,5,0,0,33,121,29,168,https://wynnbuilder.github.io/builder/#CW0s2HyG0I4XQmgH2eWy4kongcRSa70y+Pyvfnudi1
ubg-ignis-ignis-sharpshooter-non-crafted-1,archer,Ignis,Sharpshooter,non_crafted,family_unclassified,[],solver_default,24398,55914.4132,54073.3161,1604.3,3676.674,65.2921,4.6254,470.25,109.2,14.4,1376.4,0,1315,22,0,0,0,46,71,0,0,16,152,-29,-15,NORMAL,SUPER_SLOW,0.51,0,-47,0,11,3018.0887,24610.3606,0,20149.3197,19751.04,24610.3606,64510.7203,19.3291,11.5975,23.1949,10.631,195,80,55,45,130,5,0,0,35,133,32,184,https://wynnbuilder.github.io/builder/#CW0s2HyG0I4XQmgH2eWy4kongcRSa70y+Pyvfnudi1
ubg-ignis-ignis-sharpshooter-non-crafted-1,archer,Ignis,Sharpshooter,non_crafted,family_unclassified,[],maximum,25110,57546.1479,55651.3226,1997.75,4578.3679,65.2921,4.6254,504.45,111.8,14.8,1500.4,0,1525,31,0,0,0,46,71,0,0,16,152,-24,-15,NORMAL,SUPER_SLOW,0.51,0,-42,0,11,3180.6445,25843.8436,0,21142.969,20739.6884,25843.8436,67726.501,19.3291,11.5975,23.1949,10.631,195,80,55,45,130,5,0,0,38,150,36,208,https://wynnbuilder.github.io/builder/#CW0s2HyG0I4XQmgH2eWy4kongcRSa70y+Pyvfnudi1
ubg-labyrinth-labyrinth-trapper-non-crafted-1,archer,Labyrinth,Trapper,non_crafted,family_unclassified,[],median,18335,39732.1074,39732.1074,612.72,1327.7697,64.5026,0,700.6,-450,156.4,585.8,-220,552,11,-150,-325.0513,-98.0392,15,40,12,7.8431,0,136,-31,-67,VERY_SLOW,SUPER_SLOW,0.51,0,0,-24,8.36,8628.8803,26331.7747,0,14157.0552,8658.813,26331.7747,49147.6429,19.3291,11.5975,34.4454,19.3291,158,102,0,45,127,0,0,1032,6,0,0,0,https://wynnbuilder.github.io/builder/#CW0O0lvWEycphZREXQkvyuW77WrXKS4oxcJA1WsNpjRe3VU001
ubg-labyrinth-labyrinth-trapper-non-crafted-1,archer,Labyrinth,Trapper,non_crafted,family_unclassified,[],upper_quartile_proxy,18773,40681.2573,40681.2573,833.75,1806.7436,64.5026,0,745.8,-450,158.1,611.05,-220,725,15,-34,-73.6783,-22.2222,20,45,15,9.8039,0,136,-17,-67,VERY_SLOW,SUPER_SLOW,0.51,0,0,-21,8.69,10315.0182,29621.8157,0,15991.007,9760.8762,29621.8157,55373.6989,19.3291,11.5975,32.4192,19.3291,158,102,0,45,127,0,0,1356,8,0,0,0,https://wynnbuilder.github.io/builder/#CW0O0lvWEycphZREXQkvyuW77WrXKS4oxcJA1WsNpjRe3VU001
ubg-labyrinth-labyrinth-trapper-non-crafted-1,archer,Labyrinth,Trapper,non_crafted,family_unclassified,[],solver_default,18948,41060.4838,41060.4838,921.04,1995.9018,64.5026,0,762.75,-450,158.1,621.15,-220,794,16,12,26.0041,7.8431,24,49,19,12.4183,0,136,-12,-67,VERY_SLOW,SUPER_SLOW,0.51,0,0,-19,8.91,11020.8454,31183.8479,0,16858.8644,10283.2493,31183.8479,58325.9616,19.3291,11.5975,29.643,19.3291,158,102,0,45,127,0,0,1485,9,0,0,0,https://wynnbuilder.github.io/builder/#CW0O0lvWEycphZREXQkvyuW77WrXKS4oxcJA1WsNpjRe3VU001
ubg-labyrinth-labyrinth-trapper-non-crafted-1,archer,Labyrinth,Trapper,non_crafted,family_unclassified,[],maximum,19210,41628.2401,41628.2401,1058.46,2293.6922,64.5026,0,785.35,-450,159.8,636.3,-220,897,18,80,173.3607,52.2876,24,49,19,12.4183,0,136,-4,-67,VERY_SLOW,SUPER_SLOW,0.51,0,0,-17,9.13,12024.3318,33127.4374,0,17941.5271,10934.2941,33127.4374,62003.2586,19.3291,11.5975,29.643,19.3291,158,102,0,45,127,0,0,1677,10,0,0,0,https://wynnbuilder.github.io/builder/#CW0O0lvWEycphZREXQkvyuW77WrXKS4oxcJA1WsNpjRe3VU001
ubg-revolution-revolution-sharpshooter-non-crafted-1,archer,Revolution,Sharpshooter,non_crafted,family_unclassified,[],median,13992,20115.427,11236.9165,-343.2,-493.3973,4.2168,49.2831,105,0,590,-150,49.95,-286,-20,528,759.0727,345.098,-10,15,39,25.4902,36,201,22,-2,VERY_SLOW,SUPER_SLOW,0.51,0,0,-20,8.8,6659.9999,23106.0936,0,17624.3921,18023.676,23106.0936,58754.1617,14.8866,1.9319,17.8639,14.8866,192,63,30,101,5,71,93,265,58,160,0,0,https://wynnbuilder.github.io/builder/#CW0ZJ1OJWi3dQG05ETIhJ4+0TpKSq40y+Pyvfnudi1
ubg-revolution-revolution-sharpshooter-non-crafted-1,archer,Revolution,Sharpshooter,non_crafted,family_unclassified,[],upper_quartile_proxy,14356,20638.7272,11529.2434,-291.6,-419.2152,4.2168,49.2831,112.5,0,590,-150,51.75,-243,-20,693,996.2829,452.9412,-9,16,51,33.3333,56,221,24,-2,VERY_SLOW,SUPER_SLOW,0.51,0,0,-9,10.01,7646.1497,26253.6256,0,20046.7202,20445.1311,26253.6256,66745.4769,14.8866,1,17.8639,14.8866,192,63,30,101,5,71,121,347,72,210,0,0,https://wynnbuilder.github.io/builder/#CW0ZJ1OJWi3dQG05ETIhJ4+0TpKSq40y+Pyvfnudi1
ubg-revolution-revolution-sharpshooter-non-crafted-1,archer,Revolution,Sharpshooter,non_crafted,family_unclassified,[],solver_default,14501,20847.1846,11645.6923,-271.2,-389.8874,4.2168,49.2831,114,0,590,-150,52.2,-226,-20,759,1091.167,496.0784,-7,18,63,41.1765,76,241,25,-2,VERY_SLOW,SUPER_SLOW,0.51,0,0,-5,10.45,8045.9437,27432.5829,0,20956.0949,21354.2548,27432.5829,69742.9326,14.8866,1,17.8639,14.8866,192,63,30,101,5,71,133,380,77,230,0,0,https://wynnbuilder.github.io/builder/#CW0ZJ1OJWi3dQG05ETIhJ4+0TpKSq40y+Pyvfnudi1
ubg-revolution-revolution-sharpshooter-non-crafted-1,archer,Revolution,Sharpshooter,non_crafted,family_unclassified,[],maximum,14719,21160.5896,11820.7672,-240,-345.0331,4.2168,49.2831,118.5,0,590,-150,53.1,-200,-20,858,1233.4932,560.7843,-7,18,63,41.1765,76,241,26,-2,VERY_SLOW,SUPER_SLOW,0.51,0,0,1,11.11,8636.553,29344.5537,0,22430.4219,22828.6905,29344.5537,74603.6661,14.8866,1,17.8639,14.8866,192,63,30,101,5,71,150,430,86,260,0,0,https://wynnbuilder.github.io/builder/#CW0ZJ1OJWi3dQG05ETIhJ4+0TpKSq40y+Pyvfnudi1
ubg-siege-vent-siege-vent-boltslinger-standard-1,archer,Siege Vent,Boltslinger,standard,family_unclassified,[],median,14031,20692.7247,19758.7393,166.41,245.4192,45.3757,5.5251,392.2,-111.25,340.4,183.15,0,129,29,-550,-811.1324,-359.4771,-3,22,-20,-13.0719,106,279,-30,-3,VERY_SLOW,SUPER_SLOW,0.51,0,-18,-8,5.52,4252.9143,84671.8974,0,17696.3191,25233.4458,84671.8974,127601.6623,11.583,6.3568,14.0161,10.8664,196,64,3,125,72,6,0,0,113,139,0,0,https://wynnbuilder.github.io/builder/#CW0Q01-iDSU3YWWeo8L6Xt8h7n2PAEU00+7T-Z+WpXS0
ubg-siege-vent-siege-vent-boltslinger-standard-1,archer,Siege Vent,Boltslinger,standard,family_unclassified,[],upper_quartile_proxy,14608,21543.6764,20571.2824,231.53,341.4572,45.3757,5.5251,434.6,-106.25,377.2,189.75,0,169,37,-467,-688.7251,-305.2288,0,25,-16,-10.4575,130,303,-25,-3,VERY_SLOW,SUPER_SLOW,0.51,0,-9,-7,5.58,4375.3146,95769.9397,0,19994.8896,28539.9891,95769.9397,144304.8184,10.583,5.7863,13.0161,10.8664,196,64,3,125,72,6,0,0,139,182,0,0,https://wynnbuilder.github.io/builder/#CW0Q01-iDSU3YWWeo8L6Xt8h7n2PAEU00+7T-Z+WpXS0
ubg-siege-vent-siege-vent-boltslinger-standard-1,archer,Siege Vent,Boltslinger,standard,family_unclassified,[],solver_default,14839,21884.352,20896.5813,260.85,384.698,45.3757,5.5251,447.85,-105,388.7,191.4,0,185,41,-434,-640.0572,-283.6601,2,27,-14,-9.1503,155,328,-24,-3,VERY_SLOW,SUPER_SLOW,0.51,0,-6,-7,5.58,4436.5147,100213.2623,0,20921.6207,29868.0674,100213.2623,151002.9504,9.583,5.2159,11.0161,10.8664,196,64,3,125,72,6,0,0,149,199,0,0,https://wynnbuilder.github.io/builder/#CW0Q01-iDSU3YWWeo8L6Xt8h7n2PAEU00+7T-Z+WpXS0
ubg-siege-vent-siege-vent-boltslinger-standard-1,archer,Siege Vent,Boltslinger,standard,family_unclassified,[],maximum,15185,22394.628,21383.8255,305.14,450.0163,45.3757,5.5251,471.7,-102.5,409.4,194.7,0,209,46,-385,-567.7927,-251.634,2,27,-14,-9.1503,155,328,-21,-3,VERY_SLOW,SUPER_SLOW,0.51,0,-1,-6,5.64,4518.1149,106813.6177,0,22293.4601,31837.8492,106813.6177,160944.927,9.583,5.2159,11.0161,10.8664,196,64,3,125,72,6,0,0,164,225,0,0,https://wynnbuilder.github.io/builder/#CW0Q01-iDSU3YWWeo8L6Xt8h7n2PAEU00+7T-Z+WpXS0
ubg-spring-spring-sharpshooter-non-crafted-1,archer,Spring,Sharpshooter,non_crafted,family_unclassified,[],median,16010,12315.3846,12315.3846,-269,-206.9231,0,0,225,-485,925,-100,-17.8,-269,0,-282,-216.9231,-184.3137,34,59,0,0,23,199,0,-7,NORMAL,SUPER_SLOW,0.51,0,0,0,11,1667.6849,36028.4354,0,21405.4854,19275.9484,36028.4354,76709.8692,10.4956,7.8717,13.7435,13.1195,148,78,-120,135,0,0,-16,-82,96,134,0,0,https://wynnbuilder.github.io/builder/#CW0620OJqH4mRGoDIkHhJOFYkcKSGQ0yUZnFyqSyi90
ubg-spring-spring-sharpshooter-non-crafted-1,archer,Spring,Sharpshooter,non_crafted,family_unclassified,[],upper_quartile_proxy,16010,12315.3846,12315.3846,-228,-175.3846,0,0,225,-485,925,-100,-17,-228,0,-69,-53.0769,-45.098,47,72,0,0,40,216,0,-7,NORMAL,SUPER_SLOW,0.51,0,0,0,11,1862.4807,41793.5666,0,24927.3374,22402.7988,41793.5666,89123.7028,10.4956,7.8717,12.7435,13.1195,148,78,-120,135,0,0,-14,-70,124,177,0,0,https://wynnbuilder.github.io/builder/#CW0620OJqH4mRGoDIkHhJOFYkcKSGQ0yUZnFyqSyi90
ubg-spring-spring-sharpshooter-non-crafted-1,archer,Spring,Sharpshooter,non_crafted,family_unclassified,[],solver_default,16010,12315.3846,12315.3846,-212,-163.0769,0,0,225,-485,925,-100,-16.8,-212,0,16,12.3077,10.4575,59,84,0,0,56,232,0,-7,NORMAL,SUPER_SLOW,0.51,0,0,0,11,1937.6531,44207.5689,0,26400.0243,23711.0364,44207.5689,94318.6296,10.4956,7.8717,11.7435,13.1195,148,78,-120,135,0,0,-14,-66,136,194,0,0,https://wynnbuilder.github.io/builder/#CW0620OJqH4mRGoDIkHhJOFYkcKSGQ0yUZnFyqSyi90
ubg-spring-spring-sharpshooter-non-crafted-1,archer,Spring,Sharpshooter,non_crafted,family_unclassified,[],maximum,16010,12315.3846,12315.3846,-188,-144.6154,0,0,225,-485,925,-100,-16.4,-188,0,143,110,93.4641,59,84,0,0,56,232,0,-7,NORMAL,SUPER_SLOW,0.51,0,0,0,11,2064.4827,47539.3136,0,28434.2786,25518.7767,47539.3136,101492.3689,10.4956,7.8717,11.7435,13.1195,148,78,-120,135,0,0,-12,-58,152,218,0,0,https://wynnbuilder.github.io/builder/#CW0620OJqH4mRGoDIkHhJOFYkcKSGQ0yUZnFyqSyi90
ubg-stratiformis-stratiformis-bolt-hybrid-standard-1,archer,Stratiformis,,standard,family_hybrid,"[""family_hybrid""]",median,12785,31862.9857,9834.6154,0,0,0,76.8163,225,20,0,-177,496.1,0,-20,326,812.4625,25.2713,-9,16,20,1.5504,-13,87,167,2,FAST,SUPER_FAST,4.3,0,0,22,7.32,10232.443,105454.802,0,20239.1136,30586.939,105454.802,156280.8546,25,9,45,17.94,181,70,55,0,0,160,-70,1489,25,43,8,0,https://wynnbuilder.github.io/builder/#CW0l2Bw40eep6mYw3kcYwJiHKd0s34+WtqYSY4490qFwzFuXx9S8
ubg-stratiformis-stratiformis-bolt-hybrid-standard-1,archer,Stratiformis,,standard,family_hybrid,"[""family_hybrid""]",upper_quartile_proxy,13460,33545.2317,10353.8462,0,0,0,76.8163,225,20,0,-172.5,514.25,0,-20,428,1066.6686,33.1783,-7,18,26,2.0155,-11,89,211,2,FAST,SUPER_FAST,4.3,0,0,28,7.68,13056.3798,116382.1505,0,22498.8088,33939.2609,116382.1505,172820.2202,25,7,45,15.62,181,70,55,0,0,160,-59,1953,32,56,11,0,https://wynnbuilder.github.io/builder/#CW0l2Bw40eep6mYw3kcYwJiHKd0s34+WtqYSY4490qFwzFuXx9S8
ubg-stratiformis-stratiformis-bolt-hybrid-standard-1,archer,Stratiformis,,standard,family_hybrid,"[""family_hybrid""]",solver_default,13730,34218.1301,10561.5385,0,0,0,76.8163,225,20,0,-171,520.3,0,-20,469,1168.8495,36.3566,-6,19,32,2.4806,-9,91,231,2,FAST,SUPER_FAST,4.3,0,0,31,7.86,14176.5328,120610.516,0,23370.5025,35233.1623,120610.516,179214.1808,25,5,45,13.44,181,70,55,0,0,160,-55,2139,35,61,12,0,https://wynnbuilder.github.io/builder/#CW0l2Bw40eep6mYw3kcYwJiHKd0s34+WtqYSY4490qFwzFuXx9S8
ubg-stratiformis-stratiformis-bolt-hybrid-standard-1,archer,Stratiformis,,standard,family_hybrid,"[""family_hybrid""]",maximum,14135,35227.4777,10873.0769,0,0,0,76.8163,225,20,0,-169.5,526.35,0,-20,530,1320.8747,41.0853,-6,19,32,2.4806,-9,91,257,2,FAST,SUPER_FAST,4.3,0,0,35,8.1,15860.1914,127309.499,0,24758.504,37291.5829,127309.499,189359.5859,25,5,45,13.44,181,70,55,0,0,160,-49,2418,40,69,13,0,https://wynnbuilder.github.io/builder/#CW0l2Bw40eep6mYw3kcYwJiHKd0s34+WtqYSY4490qFwzFuXx9S8
ubg-abyssopelagic-abyssopelagic-trickster-standard-1,assassin,Abyssopelagic,Trickster,standard,family_unclassified,[],median,13485,25162.8218,22380.2256,40,74.6394,39.7459,13.2589,-13.2,151.2,647.8,8.2,62.4,40,0,0,0,0,22,47,0,0,0,151,-44,0,NORMAL,NORMAL,2.05,0,-7,-20,0.8,1289.9081,9784.675,0,11967.5721,3249.4774,11967.5721,25001.7245,8.2413,10.2364,15.7632,20.4728,197,30,55,70,60,15,0,0,36,0,0,0,https://wynnbuilder-beta.github.io/builder/#CT0C3HzG812C6nM76eG15YTo3qKmb-vkaYsnNPI21
ubg-abyssopelagic-abyssopelagic-trickster-standard-1,assassin,Abyssopelagic,Trickster,standard,family_unclassified,[],upper_quartile_proxy,13485,25162.8218,22380.2256,52,97.0313,39.7459,13.2589,-12.7,183.6,671.5,8.5,72,52,0,0,0,0,28,53,0,0,0,151,-41,0,NORMAL,NORMAL,2.05,0,-6,-20,0.8,1387.8585,10807.1413,0,13083.3829,3535.2694,13083.3829,27425.7936,6.1277,10.2364,12.0437,20.4728,197,30,55,70,60,15,0,0,40,0,0,0,https://wynnbuilder-beta.github.io/builder/#CT0C3HzG812C6nM76eG15YTo3qKmb-vkaYsnNPI21
ubg-abyssopelagic-abyssopelagic-trickster-standard-1,assassin,Abyssopelagic,Trickster,standard,family_unclassified,[],solver_default,13485,25162.8218,22380.2256,57,106.3612,39.7459,13.2589,-12.5,194.4,679.4,8.6,74.4,57,0,0,0,0,34,59,0,0,0,151,-39,0,NORMAL,NORMAL,2.05,0,-6,-20,0.8,1428.8487,11239.9884,0,13573.6897,3659.1533,13573.6897,28472.8314,3.4888,10.2364,8.3695,20.4728,197,30,55,70,60,15,0,0,42,0,0,0,https://wynnbuilder-beta.github.io/builder/#CT0C3HzG812C6nM76eG15YTo3qKmb-vkaYsnNPI21
ubg-abyssopelagic-abyssopelagic-trickster-standard-1,assassin,Abyssopelagic,Trickster,standard,family_unclassified,[],maximum,13485,25162.8218,22380.2256,64,119.4231,39.7459,13.2589,-12.3,212.4,687.3,8.7,79.2,64,0,0,0,0,34,59,0,0,0,151,-37,0,NORMAL,NORMAL,2.05,0,-5,-20,0.8,1492.1084,11906.1303,0,14322.6695,3848.7815,14322.6695,30077.5813,3.4888,10.2364,8.3695,20.4728,197,30,55,70,60,15,0,0,45,0,0,0,https://wynnbuilder-beta.github.io/builder/#CT0C3HzG812C6nM76eG15YTo3qKmb-vkaYsnNPI21
ubg-archangel-archangel-acrobat-standard-1,assassin,Archangel,Acrobat,standard,family_unclassified,[],median,13080,35657.0338,14255.0721,466.48,1271.6585,8.2432,67.3632,-345,-295,235,-290,330,392,19,0,0,0,17,42,12,1.6,0,154,74,0,FAST,FAST,2.5,0,0,101,,1103.6522,13412.9314,0,25505.2595,11623.8575,25505.2595,50542.0484,14.0368,3.6056,23.1195,19.6516,145,2,30,77,10,116,-76,224,31,415,0,0,https://wynnbuilder.github.io/builder/#CX0oq0xGWi3X7mbHIk1LEEGmmpYSg2C50yUoVnMtuN1
ubg-archangel-archangel-acrobat-standard-1,assassin,Archangel,Acrobat,standard,family_unclassified,[],upper_quartile_proxy,13555,36951.9185,14772.7449,638.6,1740.8702,8.2432,67.3632,-345,-295,235,-290,330,515,24,0,0,0,25,50,16,2.1333,0,154,95,0,FAST,FAST,2.5,0,0,132,,1373.229,15346.9461,0,29134.1525,13387.8005,29134.1525,57868.8991,13.2111,2.6056,23.1195,18.4956,145,2,30,77,10,116,-64,312,39,545,0,0,https://wynnbuilder.github.io/builder/#CX0oq0xGWi3X7mbHIk1LEEGmmpYSg2C50yUoVnMtuN1
ubg-archangel-archangel-acrobat-standard-1,assassin,Archangel,Acrobat,standard,family_unclassified,[],solver_default,13745,37469.8723,14979.814,716.28,1952.6315,8.2432,67.3632,-345,-295,235,-290,330,564,27,0,0,0,33,58,20,2.6667,0,154,103,0,FAST,FAST,2.5,0,0,144,,1474.0991,16161.2647,0,30665.1856,14132.8208,30665.1856,60959.2711,12.3854,1.6056,23.1195,17.3396,145,2,30,77,10,116,-61,347,43,596,0,0,https://wynnbuilder.github.io/builder/#CX0oq0xGWi3X7mbHIk1LEEGmmpYSg2C50yUoVnMtuN1
ubg-archangel-archangel-acrobat-standard-1,assassin,Archangel,Acrobat,standard,family_unclassified,[],maximum,14030,38246.8031,15290.4176,828.1,2257.461,8.2432,67.3632,-345,-295,235,-290,330,637,30,0,0,0,33,58,20,2.6667,0,154,116,0,FAST,FAST,2.5,0,0,163,,1639.7364,17344.0518,0,32888.9554,15208.5503,32888.9554,65441.5575,12.3854,1.6056,23.1195,17.3396,145,2,30,77,10,116,-54,401,48,673,0,0,https://wynnbuilder.github.io/builder/#CX0oq0xGWi3X7mbHIk1LEEGmmpYSg2C50yUoVnMtuN1
ubg-grimtrap-grimtrap-shadestepper-non-crafted-1,assassin,Grimtrap,Shadestepper,non_crafted,family_unclassified,[],median,13495,13495,13495,-534.52,-534.52,0,0,665,-357.5,372.6,0,-295,-322,-66,693,693,154,0,25,19,4.2222,56,204,-3,0,SLOW,SLOW,1.5,20191,-20,0,1,5505.505,15929.4429,0,20421.6904,5055.4662,20421.6904,41406.5995,16.9681,4.484,8.4734,14.9681,198,120,70,65,0,0,93,-90,18,109,8,160,https://wynnbuilder.github.io/builder/#CW0-2nO68Y3dQ0wE2eGs3gL0fc6Sg70yFwFi+xtX0
ubg-grimtrap-grimtrap-shadestepper-non-crafted-1,assassin,Grimtrap,Shadestepper,non_crafted,family_unclassified,[],upper_quartile_proxy,13495,13495,13495,-423.15,-423.15,0,0,665,-351,376.65,0,-295,-273,-55,909,909,202,0,25,25,5.5556,73,221,-2,0,SLOW,SLOW,1.5,26542,-17,0,1,6509.0433,18002.9568,0,23158.652,5695.3687,23158.652,46856.9775,15.9681,1.484,5.4734,11.9681,198,120,70,65,0,0,121,-76,20,142,11,210,https://wynnbuilder.github.io/builder/#CW0-2nO68Y3dQ0wE2eGs3gL0fc6Sg70yFwFi+xtX0
ubg-grimtrap-grimtrap-shadestepper-non-crafted-1,assassin,Grimtrap,Shadestepper,non_crafted,family_unclassified,[],solver_default,13495,13495,13495,-386.08,-386.08,0,0,665,-351,376.65,0,-295,-254,-52,995,995,221.1111,0,25,31,6.8889,90,238,-2,0,SLOW,SLOW,1.5,29065,-16,0,1,6920.1074,18838.7157,0,24268.5697,5954.7148,24268.5697,49062.0002,14.9681,1,2.4734,9.9681,198,120,70,65,0,0,133,-71,21,156,12,230,https://wynnbuilder.github.io/builder/#CW0-2nO68Y3dQ0wE2eGs3gL0fc6Sg70yFwFi+xtX0
ubg-grimtrap-grimtrap-shadestepper-non-crafted-1,assassin,Grimtrap,Shadestepper,non_crafted,family_unclassified,[],maximum,13495,13495,13495,-328.5,-328.5,0,0,665,-347.75,380.7,0,-295,-225,-46,1125,1125,250,0,25,31,6.8889,90,238,-1,0,SLOW,SLOW,1.5,32850,-14,0,1,7550.327,20136.3689,0,25995.1535,6351.5835,25995.1535,52483.1059,14.9681,1,2.4734,9.9681,198,120,70,65,0,0,150,-63,22,176,13,260,https://wynnbuilder.github.io/builder/#CW0-2nO68Y3dQ0wE2eGs3gL0fc6Sg70yFwFi+xtX0
ubg-hanafubuki-hanafubuki-acrobat-non-crafted-1,assassin,Hanafubuki,Acrobat,non_crafted,family_unclassified,[],median,13790,37203.6357,19383.6731,130.2,351.2628,28.8577,55.7324,115.5,151.2,92.4,-518.4,193.2,186,-30,0,0,0,19,44,-12,-0.9302,0,158,-32,0,SUPER_FAST,SUPER_FAST,4.3,0,0,0,,908.45,26366.5619,0,43868.3979,27988.8524,43868.3979,98223.8122,16.9309,4.2058,30.5118,28.9336,199,70,55,85,40,85,0,0,32,338,22,128,https://wynnbuilder.github.io/builder/#CX0k2HyGuY3VJHgJITI15am0AF8F0uza-Yjknl2
ubg-hanafubuki-hanafubuki-acrobat-non-crafted-1,assassin,Hanafubuki,Acrobat,non_crafted,family_unclassified,[],upper_quartile_proxy,13790,37203.6357,19383.6731,181.5,489.6635,28.8577,55.7324,133.5,167.4,102.3,-496.8,213.9,242,-25,0,0,0,31,56,-10,-0.7752,0,158,-26,0,SUPER_FAST,SUPER_FAST,4.3,0,0,0,,1043.0259,31625.9077,0,52287.0208,33793.7538,52287.0208,117706.6823,15.9309,3.5048,29.7227,28.6706,199,70,55,85,40,85,0,0,42,443,29,168,https://wynnbuilder.github.io/builder/#CX0k2HyGuY3VJHgJITI15am0AF8F0uza-Yjknl2
ubg-hanafubuki-hanafubuki-acrobat-non-crafted-1,assassin,Hanafubuki,Acrobat,non_crafted,family_unclassified,[],solver_default,13790,37203.6357,19383.6731,202.16,545.4015,28.8577,55.7324,141,175.5,107.25,-486,224.25,266,-24,0,0,0,40,65,-8,-0.6202,0,158,-24,0,SUPER_FAST,SUPER_FAST,4.3,0,0,0,,1097.8157,33775.6174,0,55724.3566,36169.098,55724.3566,125669.072,13.9309,2.8038,28.0866,27.0745,199,70,55,85,40,85,0,0,46,485,32,184,https://wynnbuilder.github.io/builder/#CX0k2HyGuY3VJHgJITI15am0AF8F0uza-Yjknl2
ubg-hanafubuki-hanafubuki-acrobat-non-crafted-1,assassin,Hanafubuki,Acrobat,non_crafted,family_unclassified,[],maximum,13790,37203.6357,19383.6731,237,639.3953,28.8577,55.7324,153,186.3,113.85,-471.6,238.05,300,-21,0,0,0,40,65,-8,-0.6202,0,158,-21,0,SUPER_FAST,SUPER_FAST,4.3,0,0,0,,1177.6017,36885.2535,0,60705.6438,39598.6552,60705.6438,137189.5525,13.9309,2.8038,28.0866,27.0745,199,70,55,85,40,85,0,0,52,548,36,208,https://wynnbuilder.github.io/builder/#CX0k2HyGuY3VJHgJITI15am0AF8F0uza-Yjknl2
ubg-inferno-inferno-trickster-non-crafted-1,assassin,Inferno,Trickster,non_crafted,family_unclassified,[],median,22285,59542.7384,59542.7384,108.23,289.1771,62.5731,0,137.5,-280,222,887.4,-120,137,-21,0,0,0,28,53,0,0,13,158,-17,-2,VERY_SLOW,SUPER_SLOW,0.51,50,0,0,1,6031.1967,9437.2464,0,17020.1435,2599.2523,17020.1435,29056.6422,8.9057,10.7434,9.9057,21.4868,194,80,0,60,120,0,-30,616,50,93,0,0,https://wynnbuilder-beta.github.io/builder/#CT0vvmwmREIWkv4gvcpM72eWhJko1hcRSvVkJAp7Vj9A4
ubg-inferno-inferno-trickster-non-crafted-1,assassin,Inferno,Trickster,non_crafted,family_unclassified,[],upper_quartile_proxy,23098,61714.9729,61714.9729,245.7,656.4797,62.5731,0,150,-268,244.2,986,-120,270,-9,0,0,0,37,62,0,0,16,161,-4,-2,VERY_SLOW,SUPER_SLOW,0.51,50,0,0,1,6915.2561,10396.0163,0,18652.3367,2844.6421,18652.3367,31892.9951,7.9057,10.7434,8.9057,21.4868,194,80,0,60,120,0,-25,808,60,121,0,0,https://wynnbuilder-beta.github.io/builder/#CT0vvmwmREIWkv4gvcpM72eWhJko1hcRSvVkJAp7Vj9A4
ubg-inferno-inferno-trickster-non-crafted-1,assassin,Inferno,Trickster,non_crafted,family_unclassified,[],solver_default,23423,62583.3323,62583.3323,305.9,817.3266,62.5731,0,155,-264,251.6,1020.8,-120,322,-5,0,0,0,45,70,0,0,20,165,1,-2,VERY_SLOW,SUPER_SLOW,0.51,50,0,0,1,7223.6881,10778.8687,0,19313.0911,2943.6232,19313.0911,33035.583,5.9057,10.7434,7.9057,21.4868,194,80,0,60,120,0,-24,885,65,133,0,0,https://wynnbuilder-beta.github.io/builder/#CT0vvmwmREIWkv4gvcpM72eWhJko1hcRSvVkJAp7Vj9A4
ubg-inferno-inferno-trickster-non-crafted-1,assassin,Inferno,Trickster,non_crafted,family_unclassified,[],maximum,23910,63884.5355,63884.5355,406.02,1084.8348,62.5731,0,161.25,-256,266.4,1078.8,-120,402,1,0,0,0,45,70,0,0,20,165,9,-2,VERY_SLOW,SUPER_SLOW,0.51,50,0,0,1,7761.3172,11397.5359,0,20371.6268,3102.0963,20371.6268,34871.259,5.9057,10.7434,7.9057,21.4868,194,80,0,60,120,0,-21,1000,72,150,0,0,https://wynnbuilder-beta.github.io/builder/#CT0vvmwmREIWkv4gvcpM72eWhJko1hcRSvVkJAp7Vj9A4
ubg-nirvana-nirvana-acrobat-non-crafted-1,assassin,Nirvana,Acrobat,non_crafted,family_unclassified,[],median,9085,9894.8535,9484.963,-349.7,-380.8729,4.2168,4.6254,24,96,552,-240,-130.8,-269,-30,0,0,0,10,35,3,0.4878,23,203,-15,0,NORMAL,NORMAL,2.05,0,0,0,,1954.1403,28770.3157,0,57030.524,24043.4391,57030.524,109844.2788,12.5,5,17.5,17.5,196,55,65,169,5,5,-150,-82,59,282,22,128,https://wynnbuilder.github.io/builder/#CX0e1GyGqH4yQGoDIkHhJOFosqKSk30yUoVnMtuN1
ubg-nirvana-nirvana-acrobat-non-crafted-1,assassin,Nirvana,Acrobat,non_crafted,family_unclassified,[],upper_quartile_proxy,9385,10221.5961,9798.1704,-285,-310.4054,4.2168,4.6254,24.9,99.6,572.7,-234,-122.4,-228,-25,0,0,0,23,48,8,1.3008,40,220,-12,0,NORMAL,NORMAL,2.05,0,0,0,,2750.6063,33992.4575,0,67311.1888,28395.9253,67311.1888,129699.5716,12.5,5,17.5,17.5,196,55,65,169,5,5,-128,-70,76,371,29,168,https://wynnbuilder.github.io/builder/#CX0e1GyGqH4yQGoDIkHhJOFosqKSk30yUoVnMtuN1
ubg-nirvana-nirvana-acrobat-non-crafted-1,assassin,Nirvana,Acrobat,non_crafted,family_unclassified,[],solver_default,9505,10352.2931,9923.4533,-262.88,-286.3136,4.2168,4.6254,25.2,100.8,579.6,-232,-120,-212,-24,0,0,0,35,60,13,2.1138,56,236,-11,0,NORMAL,NORMAL,2.05,0,0,0,,3082.6996,36197.5034,0,71685.5871,30207.1964,71685.5871,138090.2869,12.5,5,17.5,17.5,196,55,65,169,5,5,-120,-66,83,406,32,184,https://wynnbuilder.github.io/builder/#CX0e1GyGqH4yQGoDIkHhJOFosqKSk30yUoVnMtuN1
ubg-nirvana-nirvana-acrobat-non-crafted-1,assassin,Nirvana,Acrobat,non_crafted,family_unclassified,[],maximum,9685,10548.3386,10111.3777,-227.48,-247.758,4.2168,4.6254,25.8,103.2,593.4,-228,-115.2,-188,-21,0,0,0,35,60,13,2.1138,56,236,-9,0,NORMAL,NORMAL,2.05,0,0,0,,3576.133,39287.863,0,77776.5792,32776.9981,77776.5792,149841.4403,12.5,5,17.5,17.5,196,55,65,169,5,5,-106,-58,93,458,36,208,https://wynnbuilder.github.io/builder/#CX0e1GyGqH4yQGoDIkHhJOFosqKSk30yUoVnMtuN1
ubg-nullification-nullification-acrobat-standard-1,assassin,Nullification,Acrobat,standard,family_unclassified,[],median,13185,40119.363,29020.8744,122,371.222,54.5672,35.471,286,650,1313,520,156,122,0,568,1728.3123,75.7333,32,57,7,0.9333,0,151,-46,0,FAST,FAST,2.5,-12000,0,-20,,2287.9974,26701.7586,0,48851.2882,25224.0404,48851.2882,100777.0872,12.0607,10.8243,23.8849,23.8849,199,46,55,70,95,46,0,0,20,0,0,0,https://wynnbuilder.github.io/builder/#CX013HzGyb0lGHgJC0G15YFoicDSE30yUoVnMtuN1
ubg-nullification-nullification-acrobat-standard-1,assassin,Nullification,Acrobat,standard,family_unclassified,[],upper_quartile_proxy,13185,40119.363,29020.8744,262,797.2145,54.5672,35.471,342.1,777.5,1570.55,622,186.6,262,0,746,2269.9313,99.4667,40,65,12,1.6,0,151,-35,0,FAST,FAST,2.5,-10200,0,-20,,2411.6401,28462.5794,0,52083.2862,26884.0347,52083.2862,107429.9003,12.0607,10.8243,23.8849,23.8849,199,46,55,70,95,46,0,0,20,0,0,0,https://wynnbuilder.github.io/builder/#CX013HzGyb0lGHgJC0G15YFoicDSE30yUoVnMtuN1
ubg-nullification-nullification-acrobat-standard-1,assassin,Nullification,Acrobat,standard,family_unclassified,[],solver_default,13185,40119.363,29020.8744,319,970.6543,54.5672,35.471,363,825,1666.5,660,198,319,0,817,2485.9704,108.9333,46,71,17,2.2667,0,151,-32,0,FAST,FAST,2.5,-9480,0,-20,,2454.8506,29150.4648,0,53345.8812,27532.4752,53345.8812,110028.8212,12.0607,9.8243,23.8849,23.8849,199,46,55,70,95,46,0,0,20,0,0,0,https://wynnbuilder.github.io/builder/#CX013HzGyb0lGHgJC0G15YFoicDSE30yUoVnMtuN1
ubg-nullification-nullification-acrobat-standard-1,assassin,Nullification,Acrobat,standard,family_unclassified,[],maximum,13185,40119.363,29020.8744,403,1226.2498,54.5672,35.471,396,900,1818,720,216,403,0,923,2808.5075,123.0667,46,71,17,2.2667,0,151,-25,0,FAST,FAST,2.5,-8400,0,-20,,2524.8718,30223.4002,0,55315.2842,28544.029,55315.2842,114082.7134,12.0607,9.8243,23.8849,23.8849,199,46,55,70,95,46,0,0,20,0,0,0,https://wynnbuilder.github.io/builder/#CX013HzGyb0lGHgJC0G15YFoicDSE30yUoVnMtuN1
ubg-nullification-nullification-shadestepper-standard-1,assassin,Nullification,Shadestepper,standard,family_unclassified,[],median,7785,23061.3159,17135.1921,0,0,54.5672,32.9496,681.15,1075.5,1111.35,1075.5,681.15,0,0,400,1184.9103,261.4379,6,31,19,12.4183,0,148,-35,-6,FAST,SUPER_SLOW,0.51,-12000,-7,0,1,2943.7609,13661.9364,0,15710.0902,4773.3488,15710.0902,34145.3754,20.9681,5.484,14.4734,16.8816,199,42,55,65,95,42,0,-90,17,0,0,0,https://wynnbuilder.github.io/builder/#CW0++GxGyb0lGXT8GtH15YToicDSk20ce3vVyVOztN72
ubg-nullification-nullification-shadestepper-standard-1,assassin,Nullification,Shadestepper,standard,family_unclassified,[],upper_quartile_proxy,7785,23061.3159,17135.1921,0,0,54.5672,32.9496,829.35,1309.5,1353.15,1309.5,829.35,0,0,525,1555.1947,343.1373,8,33,25,16.3399,0,148,-29,-6,FAST,SUPER_SLOW,0.51,-10200,-6,0,1,3455.044,14874.8292,0,17105.7506,5197.0276,17105.7506,37177.6074,20.9681,1.484,13.4734,15.4526,199,42,55,65,95,42,0,-76,22,0,0,0,https://wynnbuilder.github.io/builder/#CW0++GxGyb0lGXT8GtH15YToicDSk20ce3vVyVOztN72
ubg-nullification-nullification-shadestepper-standard-1,assassin,Nullification,Shadestepper,standard,family_unclassified,[],solver_default,7785,23061.3159,17135.1921,0,0,54.5672,32.9496,886.35,1399.5,1446.15,1399.5,886.35,0,0,575,1703.3085,375.817,10,35,31,20.2614,0,148,-27,-6,FAST,SUPER_SLOW,0.51,-9480,-6,0,1,3658.9836,15367.8648,0,17673.0705,5369.2611,17673.0705,38410.1964,20.9681,1,12.4734,13.9138,199,42,55,65,95,42,0,-71,24,0,0,0,https://wynnbuilder.github.io/builder/#CW0++GxGyb0lGXT8GtH15YToicDSk20ce3vVyVOztN72
ubg-nullification-nullification-shadestepper-standard-1,assassin,Nullification,Shadestepper,standard,family_unclassified,[],maximum,7785,23061.3159,17135.1921,0,0,54.5672,32.9496,971.85,1534.5,1585.65,1534.5,971.85,0,0,650,1925.4792,424.8366,10,35,31,20.2614,0,148,-23,-6,FAST,SUPER_SLOW,0.51,-8400,-5,0,1,3969.0519,16171.1242,0,18597.296,5649.9247,18597.296,40418.3449,20.9681,1,12.4734,13.9138,199,42,55,65,95,42,0,-63,27,0,0,0,https://wynnbuilder.github.io/builder/#CW0++GxGyb0lGXT8GtH15YToicDSk20ce3vVyVOztN72
ubg-oblivion-oblivion-spell-shadestepper-non-crafted-1,assassin,Oblivion,Shadestepper,non_crafted,family_spellsteal,"[""family_spellsteal""]",median,13105,13105,13105,0,0,0,0,-115,462,399,-216,-240,0,-30,0,0,0,-38,-13,46,30.0654,0,153,10,0,SUPER_SLOW,SUPER_SLOW,0.51,8500,0,0,1,9566.7717,17893.6432,0,20039.6696,5324.7132,20039.6696,43258.026,26.6665,1,16.6665,19.9998,160,40,90,75,-29,-29,42,-391,87,578,0,0,https://wynnbuilder.github.io/builder/#CW0bum9DaE1yQGoDqm1KEml1GkCuK98O0YN-H-XrV-E4
ubg-oblivion-oblivion-spell-shadestepper-non-crafted-1,assassin,Oblivion,Shadestepper,non_crafted,family_spellsteal,"[""family_spellsteal""]",upper_quartile_proxy,13105,13105,13105,0,0,0,0,-112,462,399,-214,-234,0,-25,0,0,0,-25,0,57,37.2549,0,153,12,0,SUPER_SLOW,SUPER_SLOW,0.51,8500,0,0,1,10407.8551,20138.5978,0,22483.144,5977.2792,22483.144,48599.021,26.6665,1,16.6665,19.9998,160,40,90,75,-29,-29,43,-332,98,759,0,0,https://wynnbuilder.github.io/builder/#CW0bum9DaE1yQGoDqm1KEml1GkCuK98O0YN-H-XrV-E4
ubg-oblivion-oblivion-spell-shadestepper-non-crafted-1,assassin,Oblivion,Shadestepper,non_crafted,family_spellsteal,"[""family_spellsteal""]",solver_default,13105,13105,13105,0,0,0,0,-111,462,399,-214,-232,0,-24,0,0,0,-15,10,69,45.098,0,153,12,0,SUPER_SLOW,SUPER_SLOW,0.51,8500,0,0,1,10757.0892,21091.4823,0,23508.5487,6250.1303,23508.5487,50850.1613,26.6665,1,16.6665,19.9998,160,40,90,75,-29,-29,43,-309,103,830,0,0,https://wynnbuilder.github.io/builder/#CW0bum9DaE1yQGoDqm1KEml1GkCuK98O0YN-H-XrV-E4
ubg-oblivion-oblivion-spell-shadestepper-non-crafted-1,assassin,Oblivion,Shadestepper,non_crafted,family_spellsteal,"[""family_spellsteal""]",maximum,13105,13105,13105,0,0,0,0,-109,462,399,-212,-228,0,-21,0,0,0,-15,10,69,45.098,0,153,13,0,SUPER_SLOW,SUPER_SLOW,0.51,8500,0,0,1,11298.7571,22443.4412,0,24969.7255,6637.3021,24969.7255,54050.4688,26.6665,1,16.6665,19.9998,160,40,90,75,-29,-29,44,-274,109,938,0,0,https://wynnbuilder.github.io/builder/#CW0bum9DaE1yQGoDqm1KEml1GkCuK98O0YN-H-XrV-E4
ubg-vengeance-vengeance-heavy-melee-shadestepper-non-crafted-2,assassin,Vengeance,Shadestepper,non_crafted,family_heavy_melee,"[""family_heavy_melee""]",median,14565,22254.7149,22254.7149,0,0,34.5532,0,906,-172,0,174,-100,-7098,267,300,458.3875,196.0784,6,31,14,9.1503,41,141,-15,-70,SUPER_SLOW,SUPER_SLOW,0.51,50,-6,56,1.56,25052.4582,12257.027,0,12604.8374,3436.241,12604.8374,28298.1054,30,15,25.81,35,197,115,70,-30,50,-30,40,4480,5,0,22,0,https://wynnbuilder.github.io/builder/#CW04KQuCA3c1HXX6EE0n1827XD8xDRmna0m-ybq-j82BB
ubg-vengeance-vengeance-heavy-melee-shadestepper-non-crafted-2,assassin,Vengeance,Shadestepper,non_crafted,family_heavy_melee,"[""family_heavy_melee""]",upper_quartile_proxy,14565,22254.7149,22254.7149,0,0,34.5532,0,906,-172,0,174,-100,-6033,350,330,504.2263,215.6863,8,33,18,11.7647,45,145,-15,-70,SUPER_SLOW,SUPER_SLOW,0.51,50,-5,62,1.62,28289.2668,13257.1243,0,13708.6904,3750.9595,13708.6904,30716.7742,30,15,24.94,35,197,115,70,-30,50,-30,53,5255,7,0,29,0,https://wynnbuilder.github.io/builder/#CW04KQuCA3c1HXX6EE0n1827XD8xDRmna0m-ybq-j82BB
ubg-vengeance-vengeance-heavy-melee-shadestepper-non-crafted-2,assassin,Vengeance,Shadestepper,non_crafted,family_heavy_melee,"[""family_heavy_melee""]",solver_default,14565,22254.7149,22254.7149,0,0,34.5532,0,906,-172,0,174,-100,-5608,383,342,522.5618,223.5294,10,35,22,14.3791,48,148,-15,-70,SUPER_SLOW,SUPER_SLOW,0.51,50,-5,64,1.64,29572.8876,13621.0207,0,14111.4565,3869.5723,14111.4565,31602.0495,30,15,23.78,35,197,115,70,-30,50,-30,58,5565,7,0,32,0,https://wynnbuilder.github.io/builder/#CW04KQuCA3c1HXX6EE0n1827XD8xDRmna0m-ybq-j82BB
ubg-vengeance-vengeance-heavy-melee-shadestepper-non-crafted-2,assassin,Vengeance,Shadestepper,non_crafted,family_heavy_melee,"[""family_heavy_melee""]",maximum,14565,22254.7149,22254.7149,0,0,34.5532,0,906,-172,0,174,-100,-4969,433,360,550.065,235.2941,10,35,22,14.3791,48,148,-15,-70,SUPER_SLOW,SUPER_SLOW,0.51,50,-4,66,1.66,31535.0126,14225.2966,0,14780.3674,4067.2604,14780.3674,33072.9244,30,15,23.78,35,197,115,70,-30,50,-30,65,6030,8,0,36,0,https://wynnbuilder.github.io/builder/#CW04KQuCA3c1HXX6EE0n1827XD8xDRmna0m-ybq-j82BB
ubg-vengeance-vengeance-shadestepper-non-crafted-2,assassin,Vengeance,Shadestepper,non_crafted,family_unclassified,[],median,9335,14845.2207,14263.4922,0,0,34.5532,4.6254,504,240,229.4,93,-555,-7000,237,0,0,0,0,25,16,10.4575,56,204,-3,-1,SUPER_SLOW,SUPER_SLOW,0.51,0,0,0,1,13241.7974,13928.1477,0,16704.3817,4630.2985,16704.3817,35262.8279,20.9681,4.484,12.4061,20.9681,200,75,69,65,50,5,93,-135,12,43,63,128,https://wynnbuilder.github.io/builder/#CW0m2HyGG00dQ0wEGt1s3OGoUp6SvVw-mwlTD2
ubg-vengeance-vengeance-shadestepper-non-crafted-2,assassin,Vengeance,Shadestepper,non_crafted,family_unclassified,[],upper_quartile_proxy,9335,14845.2207,14263.4922,0,0,34.5532,4.6254,522.9,249,251.6,102,-525,-5950,325,0,0,0,0,25,27,17.6471,73,221,4,-1,SUPER_SLOW,SUPER_SLOW,0.51,50,0,0,1,15715.0358,16010.7779,0,19286.8399,5316.0581,19286.8399,40613.6759,20.9681,1,10.8335,20.9681,200,75,69,65,50,5,121,-94,16,56,82,168,https://wynnbuilder.github.io/builder/#CW0m2HyGG00dQ0wEGt1s3OGoUp6SvVw-mwlTD2
ubg-vengeance-vengeance-shadestepper-non-crafted-2,assassin,Vengeance,Shadestepper,non_crafted,family_unclassified,[],solver_default,9335,14845.2207,14263.4922,0,0,34.5532,4.6254,529.2,252,259,105,-517.5,-5530,359,0,0,0,0,25,38,24.8366,90,238,7,-1,SUPER_SLOW,SUPER_SLOW,0.51,50,0,0,1,16779.1726,16927.8832,0,20409.8149,5618.4901,20409.8149,42956.1882,20.9681,1,9.0862,20.9681,200,75,69,65,50,5,133,-78,18,61,91,184,https://wynnbuilder.github.io/builder/#CW0m2HyGG00dQ0wEGt1s3OGoUp6SvVw-mwlTD2
ubg-vengeance-vengeance-shadestepper-non-crafted-2,assassin,Vengeance,Shadestepper,non_crafted,family_unclassified,[],maximum,9335,14845.2207,14263.4922,0,0,34.5532,4.6254,541.8,258,270.1,109.5,-502.5,-4900,412,0,0,0,0,25,38,24.8366,90,238,11,-1,SUPER_SLOW,SUPER_SLOW,0.51,50,0,0,1,18235.7166,18121.5496,0,21891.2651,6012.113,21891.2651,46024.9277,20.9681,1,9.0862,20.9681,200,75,69,65,50,5,150,-54,20,69,102,208,https://wynnbuilder.github.io/builder/#CW0m2HyGG00dQ0wEGt1s3OGoUp6SvVw-mwlTD2
ubg-event-horizon-event-horizon-lightbender-standard-1,mage,Event Horizon,Light Bender,standard,family_unclassified,[],median,17435,25122.9481,25122.9481,-388.08,-559.2035,42.1677,0,-246.4,198.9,-651.2,8.4,-510.4,-196,-98,352,507.2141,37.8495,20,45,21,2.2581,0,100,-7,0,VERY_FAST,VERY_FAST,3.1,0,-18,8,4.32,3720.1135,3311.2936,8351.9724,74006.5504,8391.7211,74006.5504,94061.5375,35,15,51,20,174,55,106,-50,65,-13,-12,382,28,465,22,0,https://wynnbuilder-beta.github.io/builder/#CT0X6G6Gm90T5H05wC266koHzZREZ20wdNSdvkE6Q0
ubg-event-horizon-event-horizon-lightbender-standard-1,mage,Event Horizon,Light Bender,standard,family_unclassified,[],upper_quartile_proxy,18685,26924.1345,26924.1345,-303.78,-437.7315,42.1677,0,-229.6,269.1,-606.8,12.6,-475.6,-166,-83,462,665.7185,49.6774,25,50,28,3.0108,0,100,2,0,VERY_FAST,VERY_FAST,3.1,0,-15,11,4.44,4531.7156,3847.6834,9722.1129,85082.8322,9753.9452,85082.8322,108406.5737,35,15,50,20,174,55,106,-50,65,-13,-10,501,31,591,28,0,https://wynnbuilder-beta.github.io/builder/#CT0X6G6Gm90T5H05wC266koHzZREZ20wdNSdvkE6Q0
ubg-event-horizon-event-horizon-lightbender-standard-1,mage,Event Horizon,Light Bender,standard,family_unclassified,[],solver_default,19185,27644.6091,27644.6091,-275.9,-397.5579,42.1677,0,-224,292.5,-592,14,-464,-155,-78,506,729.1203,54.4086,29,54,34,3.6559,0,100,7,0,VERY_FAST,VERY_FAST,3.1,0,-14,12,4.48,4860.2431,4064.2582,10280.2036,89608.2873,10306.3135,89608.2873,114259.0626,35,15,49,20,174,55,106,-50,65,-13,-9,548,32,642,31,0,https://wynnbuilder-beta.github.io/builder/#CT0X6G6Gm90T5H05wC266koHzZREZ20wdNSdvkE6Q0
ubg-event-horizon-event-horizon-lightbender-standard-1,mage,Event Horizon,Light Bender,standard,family_unclassified,[],maximum,19935,28725.321,28725.321,-231.53,-333.623,42.1677,0,-214.2,333.45,-566.1,16.45,-443.7,-137,-69,572,824.2229,61.5054,29,54,34,3.6559,0,100,12,0,VERY_FAST,VERY_FAST,3.1,0,-13,13,4.52,5350.0729,4381.91,11086.7717,96159.1139,11110.6142,96159.1139,122738.4098,35,15,49,20,174,55,106,-50,65,-13,-8,620,33,717,35,0,https://wynnbuilder-beta.github.io/builder/#CT0X6G6Gm90T5H05wC266koHzZREZ20wdNSdvkE6Q0
ubg-fatal-fatal-riftwalker-non-crafted-2,mage,Fatal,Riftwalker,non_crafted,family_unclassified,[],median,12885,11210.2136,11210.2136,0,0,4.2168,0,328,630,-414,-216,-474,0,-70,0,0,0,11,36,28,18.3007,0,100,-15,-8,VERY_FAST,SUPER_SLOW,0.51,0,0,-50,1,2537.5966,0,12217.0099,148248.7998,19739.3213,148248.7998,180205.131,44.8,12.2,44.5,20,131,70,135,-40,5,-8,0,382,74,553,22,128,https://wynnbuilder.github.io/builder/#CX0X6GyGm9OZyWsSZy4G1V9WX1yRmDT3dn1j4420jdNb9QZPEr1
ubg-fatal-fatal-riftwalker-non-crafted-2,mage,Fatal,Riftwalker,non_crafted,family_unclassified,[],upper_quartile_proxy,12885,11210.2136,11210.2136,0,0,4.2168,0,340.3,651,-403.65,-210.6,-462.15,0,-59,0,0,0,15,40,37,24.183,0,100,-4,-8,VERY_FAST,SUPER_SLOW,0.51,0,0,-42,1.16,3016.3133,0,14246.7361,171519.8356,23003.7145,171519.8356,208770.2862,43.4,9.6,42.5,20,131,70,135,-40,5,-8,0,501,91,707,29,168,https://wynnbuilder.github.io/builder/#CX0X6GyGm9OZyWsSZy4G1V9WX1yRmDT3dn1j4420jdNb9QZPEr1
ubg-fatal-fatal-riftwalker-non-crafted-2,mage,Fatal,Riftwalker,non_crafted,family_unclassified,[],solver_default,12885,11210.2136,11210.2136,0,0,4.2168,0,344.4,658,-400.2,-208.8,-458.2,0,-56,0,0,0,18,43,47,30.719,0,100,0,-8,VERY_FAST,SUPER_SLOW,0.51,0,0,-39,1.22,3206.3631,0,15054.3799,180848.6244,24294.3821,180848.6244,220197.3864,42,7.2,40.5,20,131,70,135,-40,5,-8,0,548,97,768,32,184,https://wynnbuilder.github.io/builder/#CX0X6GyGm9OZyWsSZy4G1V9WX1yRmDT3dn1j4420jdNb9QZPEr1
ubg-fatal-fatal-riftwalker-non-crafted-2,mage,Fatal,Riftwalker,non_crafted,family_unclassified,[],maximum,12885,11210.2136,11210.2136,0,0,4.2168,0,352.6,672,-393.3,-205.2,-450.3,0,-49,0,0,0,18,43,47,30.719,0,100,7,-8,VERY_FAST,SUPER_SLOW,0.51,0,0,-35,1.3,3490.1326,0,16235.5941,194434.4644,26200.6537,194434.4644,236870.7122,42,7.2,40.5,20,131,70,135,-40,5,-8,0,620,107,860,36,208,https://wynnbuilder.github.io/builder/#CX0X6GyGm9OZyWsSZy4G1V9WX1yRmDT3dn1j4420jdNb9QZPEr1
ubg-halcyon-halcyon-lightbender-non-crafted-1,mage,Halcyon,Light Bender,non_crafted,family_unclassified,[],median,12710,32846.1521,17578.3381,-454.23,-1173.8558,39.7459,55.7324,-375,348,413.25,14.5,990.6,-309,-47,-274,-708.0917,-179.085,16,41,12,7.8431,12,167,27,-8,FAST,SUPER_SLOW,0.51,0,22,0,4,1065.6777,6401.5481,7131.3069,14048.1734,5731.8886,14048.1734,33312.917,20.1606,7.462,49.0923,13.3641,192,-185,67,79,60,85,-90,0,38,333,0,282,https://wynnbuilder.github.io/builder/#CX0g2nDJSI4jWWfJCTIhJMbnupKSS90qFluMpT-G3
ubg-halcyon-halcyon-lightbender-non-crafted-1,mage,Halcyon,Light Bender,non_crafted,family_unclassified,[],upper_quartile_proxy,13205,34125.3689,18262.939,-176.53,-456.2023,39.7459,55.7324,-290,381.6,453.15,15.9,1104.9,-127,-39,-233,-602.1364,-152.2876,23,48,19,12.4183,25,180,38,-8,FAST,SUPER_SLOW,0.51,0,29,0,4,1357.8076,7552.0492,8409.4577,16605.302,6756.3944,16605.302,39323.2033,19.2442,6.6766,49.0923,11.3641,192,-185,67,79,60,85,-76,0,49,436,0,368,https://wynnbuilder.github.io/builder/#CX0g2nDJSI4jWWfJCTIhJMbnupKSS90qFluMpT-G3
ubg-halcyon-halcyon-lightbender-non-crafted-1,mage,Halcyon,Light Bender,non_crafted,family_unclassified,[],solver_default,13403,34637.0556,18536.7794,-74.8,-193.3039,39.7459,55.7324,-260,393.6,467.4,16.4,1143,-55,-36,-217,-560.788,-141.8301,30,55,26,16.9935,38,193,43,-8,FAST,SUPER_SLOW,0.51,0,32,0,4,1472.9812,8006.4586,8914.2921,17615.2628,7160.9626,17615.2628,41696.9761,18.3278,5.8911,49.0923,10.3641,192,-185,67,79,60,85,-71,0,53,478,0,404,https://wynnbuilder.github.io/builder/#CX0g2nDJSI4jWWfJCTIhJMbnupKSS90qFluMpT-G3
ubg-halcyon-halcyon-lightbender-non-crafted-1,mage,Halcyon,Light Bender,non_crafted,family_unclassified,[],maximum,13700,35404.5857,18947.5399,36.72,94.8946,39.7459,55.7324,-210,412.8,490.2,17.2,1206.5,54,-32,-192,-496.1811,-125.4902,30,55,26,16.9935,38,193,50,-8,FAST,SUPER_SLOW,0.51,0,36,0,4,1647.6004,8707.9402,9693.5971,19174.4081,7785.6912,19174.4081,45361.6366,18.3278,5.8911,49.0923,10.3641,192,-185,67,79,60,85,-63,0,60,540,0,456,https://wynnbuilder.github.io/builder/#CX0g2nDJSI4jWWfJCTIhJMbnupKSS90qFluMpT-G3
ubg-lament-lament-lightbender-non-crafted-1,mage,Lament,Light Bender,non_crafted,family_unclassified,[],median,16435,21811.9643,21811.9643,-647.46,-859.2865,37.2095,0,-275,285,225,200,-173.55,-594,-9,-600,-796.2993,-133.3333,-15,10,53,11.7778,20,199,-33,0,SLOW,SLOW,1.5,0,51,0,4,995.0511,3904.2237,7063.4004,14809.3894,5975.0359,14809.3894,31752.0494,10.4568,7.6182,38.0911,12.697,172,0,65,145,55,0,-16,-302,43,516,0,0,https://wynnbuilder-beta.github.io/builder/#CV00+00nKS69Uxmh9bJoDIkHhJEG2xqKSo10qFl5tQgh7D
ubg-lament-lament-lightbender-non-crafted-1,mage,Lament,Light Bender,non_crafted,family_unclassified,[],upper_quartile_proxy,16435,21811.9643,21811.9643,-539.28,-715.7138,37.2095,0,-275,285,225,200,-165.75,-504,-7,-510,-676.8544,-113.3333,-7,18,69,15.3333,36,215,-28,0,SLOW,SLOW,1.5,0,68,0,4,1249.8733,4665.242,8447.2646,17700.4767,7140.0954,17700.4767,37953.0787,8.8102,7.6182,38.0911,12.697,172,0,65,145,55,0,-14,-257,54,678,0,0,https://wynnbuilder-beta.github.io/builder/#CV00+00nKS69Uxmh9bJoDIkHhJEG2xqKSo10qFl5tQgh7D
ubg-lament-lament-lightbender-non-crafted-1,mage,Lament,Light Bender,non_crafted,family_unclassified,[],solver_default,16435,21811.9643,21811.9643,-501.83,-666.0114,37.2095,0,-275,285,225,200,-163.8,-469,-7,-474,-629.0764,-105.3333,0,25,85,18.8889,51,230,-26,0,SLOW,SLOW,1.5,0,74,0,4,1350.1672,4982.2537,9021.0606,18903.1699,7624.4241,18903.1699,40530.9083,7.3037,7.6182,38.0911,12.697,172,0,65,145,55,0,-14,-240,59,742,0,0,https://wynnbuilder-beta.github.io/builder/#CV00+00nKS69Uxmh9bJoDIkHhJEG2xqKSo10qFl5tQgh7D
ubg-lament-lament-lightbender-non-crafted-1,mage,Lament,Light Bender,non_crafted,family_unclassified,[],maximum,16435,21811.9643,21811.9643,-440.96,-585.2269,37.2095,0,-275,285,225,200,-159.9,-416,-6,-420,-557.4095,-93.3333,0,25,85,18.8889,51,230,-23,0,SLOW,SLOW,1.5,0,83,0,4,1509.874,5444.4236,9860.3731,20657.8912,8331.5736,20657.8912,44294.2615,7.3037,7.6182,38.0911,12.697,172,0,65,145,55,0,-12,-212,66,838,0,0,https://wynnbuilder-beta.github.io/builder/#CV00+00nKS69Uxmh9bJoDIkHhJEG2xqKSo10qFl5tQgh7D
ubg-lament-lament-lightbender-non-crafted-2,mage,Lament,Light Bender,non_crafted,family_unclassified,[],median,14810,25138.3062,12774.5934,-380.8,-646.3651,3.389,54.8613,-300,445,315,-340,397.3,-280,-36,-900,-1527.6486,-200,-22,3,61,13.5556,32,211,82,0,SLOW,SLOW,1.5,0,40,0,4,1529.6665,3026.4663,5818.2193,11399.3696,4867.84,11399.3696,25111.8952,12.0368,7.6182,38.0911,12.697,163,-11,65,145,4,83,-40,0,0,506,-6,120,https://wynnbuilder-beta.github.io/builder/#CV0g2X5GKq0yQWY7KyG15EG2xqKSg10qFl5tQgh7D
ubg-lament-lament-lightbender-non-crafted-2,mage,Lament,Light Bender,non_crafted,family_unclassified,[],upper_quartile_proxy,14810,25138.3062,12774.5934,-309.4,-525.1716,3.389,54.8613,-300,445,315,-340,432.1,-238,-30,-765,-1298.5013,-170,-18,7,80,17.7778,42,221,105,0,SLOW,SLOW,1.5,0,53,0,4,1835.1856,3606.6536,6938.96,13593.9878,5813.3309,13593.9878,29952.9323,10.9702,7.6182,38.0911,12.697,163,-11,65,145,4,83,-34,0,0,664,2,158,https://wynnbuilder-beta.github.io/builder/#CV0g2X5GKq0yQWY7KyG15EG2xqKSg10qFl5tQgh7D
ubg-lament-lament-lightbender-non-crafted-2,mage,Lament,Light Bender,non_crafted,family_unclassified,[],solver_default,14810,25138.3062,12774.5934,-282.88,-480.1569,3.389,54.8613,-300,445,315,-340,443.7,-221,-28,-711,-1206.8424,-158,-15,10,98,21.7778,52,231,115,0,SLOW,SLOW,1.5,0,58,0,4,1952.9234,3835.3158,7376.3968,14456.8109,6183.8636,14456.8109,31852.3871,9.9037,7.6182,38.0911,12.697,163,-11,65,145,4,83,-32,0,0,727,4,173,https://wynnbuilder-beta.github.io/builder/#CV0g2X5GKq0yQWY7KyG15EG2xqKSg10qFl5tQgh7D
ubg-lament-lament-lightbender-non-crafted-2,mage,Lament,Light Bender,non_crafted,family_unclassified,[],maximum,14810,25138.3062,12774.5934,-245,-415.8599,3.389,54.8613,-300,445,315,-340,464,-196,-25,-630,-1069.354,-140,-15,10,98,21.7778,52,231,130,0,SLOW,SLOW,1.5,0,65,0,4,2139.0697,4185.3545,8047.23,15780.9102,6750.1831,15780.9102,34763.6778,9.9037,7.6182,38.0911,12.697,163,-11,65,145,4,83,-28,0,0,822,9,195,https://wynnbuilder-beta.github.io/builder/#CV0g2X5GKq0yQWY7KyG15EG2xqKSg10qFl5tQgh7D
ubg-monster-monster-arcanist-standard-1,mage,Monster,Arcanist,standard,family_unclassified,[],median,20410,56753.5911,56753.5911,-83.08,-231.0185,70.0313,0,336,455,21.6,650,16.4,-67,-24,266,739.6597,106.8273,5,30,-2,-0.8032,11,111,-50,-1,SLOW,VERY_SLOW,0.83,0,0,0,2,4897.0931,0,0,31566.5241,7264.6814,31566.5241,38831.2055,3.36,20,29.48,23.4,190,55,55,-30,150,-25,32,0,50,93,6,185,https://wynnbuilder-beta.github.io/builder/#CT02E105uH42D1iHe0Yy4koXicRSo3a70yUvlcM-Z3
ubg-monster-monster-arcanist-standard-1,mage,Monster,Arcanist,standard,family_unclassified,[],upper_quartile_proxy,21160,58839.0979,58839.0979,2.37,6.5902,70.0313,0,336,455,22,650,18.8,3,-21,456,1267.9881,183.1325,9,34,3,1.2048,15,115,-34,-1,SLOW,VERY_SLOW,0.83,0,0,0,2,5584.62,0,0,35110.2926,8121.4743,35110.2926,43231.7669,3.16,20,27.72,23.4,190,55,55,-30,150,-25,42,0,50,121,8,242,https://wynnbuilder-beta.github.io/builder/#CT02E105uH42D1iHe0Yy4koXicRSo3a70yUvlcM-Z3
ubg-monster-monster-arcanist-standard-1,mage,Monster,Arcanist,standard,family_unclassified,[],solver_default,21460,59673.3006,59673.3006,24.3,67.5704,70.0313,0,336,455,22,650,19.8,30,-19,532,1479.3195,213.6546,12,37,6,2.4096,18,118,-26,-1,SLOW,VERY_SLOW,0.83,0,0,0,2,5857.0711,0,0,36526.1428,8464.3783,36526.1428,44990.5211,2.19,20,25.37,23.4,190,55,55,-30,150,-25,46,0,50,133,9,265,https://wynnbuilder-beta.github.io/builder/#CT02E105uH42D1iHe0Yy4koXicRSo3a70yUvlcM-Z3
ubg-monster-monster-arcanist-standard-1,mage,Monster,Arcanist,standard,family_unclassified,[],maximum,21910,60924.6047,60924.6047,59.76,166.1732,70.0313,0,336,455,22.2,650,21.4,72,-17,646,1796.3165,259.4378,12,37,6,2.4096,18,118,-17,-1,SLOW,VERY_SLOW,0.83,0,0,0,2,6272.1469,0,0,38654.0611,8978.2673,38654.0611,47632.3284,2.19,20,25.37,23.4,190,55,55,-30,150,-25,52,0,50,150,10,300,https://wynnbuilder-beta.github.io/builder/#CT02E105uH42D1iHe0Yy4koXicRSo3a70yUvlcM-Z3
ubg-monster-monster-lightbender-non-crafted-1,mage,Monster,Light Bender,non_crafted,family_unclassified,[],median,18960,52721.6113,52721.6113,-925.92,-2574.6832,70.0313,0,-266.6,-173.6,-184.6,232,-127.8,-643,-44,702,1952.0343,156,5,30,14,3.1111,0,100,-34,0,SLOW,SLOW,1.5,4040,-16,0,4,2818.0466,8075.2902,9021.217,18225.9528,9060.7743,18225.9528,44383.2343,39,15,75,25,196,60,76,0,160,0,18,45,62,277,19,43,https://wynnbuilder-beta.github.io/builder/#CV0h2lvK1ycpIbRET5l9S4DI05mUmLEarSJUM40qFluMpTTCQ0
ubg-monster-monster-lightbender-non-crafted-1,mage,Monster,Light Bender,non_crafted,family_unclassified,[],upper_quartile_proxy,19710,54807.1181,54807.1181,-715.26,-1988.9061,70.0313,0,-260.15,-169.4,-176.8,256,-122.4,-546,-31,1046,2908.5868,232.4444,7,32,19,4.2222,0,100,-23,0,SLOW,SLOW,1.5,5303,-7,0,4,3316.9416,9271.9243,10357.5218,20926.1934,10398.03,20926.1934,50953.6695,39,15,75,25,196,60,76,0,160,0,30,58,62,361,24,57,https://wynnbuilder-beta.github.io/builder/#CV0h2lvK1ycpIbRET5l9S4DI05mUmLEarSJUM40qFluMpTTCQ0
ubg-monster-monster-lightbender-non-crafted-1,mage,Monster,Light Bender,non_crafted,family_unclassified,[],solver_default,20010,55641.3208,55641.3208,-645.16,-1793.9807,70.0313,0,-255.85,-166.6,-172.9,268,-119.7,-508,-27,1184,3292.32,263.1111,8,33,23,5.1111,0,100,-18,0,SLOW,SLOW,1.5,5808,-5,0,4,3526.857,9770.4765,10914.1043,22048.1642,10955.183,22048.1642,53687.928,38,15,75,25,196,60,76,0,160,0,35,64,62,396,27,62,https://wynnbuilder-beta.github.io/builder/#CV0h2lvK1ycpIbRET5l9S4DI05mUmLEarSJUM40qFluMpTTCQ0
ubg-monster-monster-lightbender-non-crafted-1,mage,Monster,Light Bender,non_crafted,family_unclassified,[],maximum,20460,56892.6249,56892.6249,-535.5,-1489.0518,70.0313,0,-251.55,-163.8,-169,280,-117,-450,-19,1390,3865.1392,308.8889,8,33,23,5.1111,0,100,-12,0,SLOW,SLOW,1.5,6565,1,0,4,3825.01,10493.2507,11721.1786,23677.3871,11762.8279,23677.3871,57654.6443,38,15,75,25,196,60,76,0,160,0,42,72,62,447,30,70,https://wynnbuilder-beta.github.io/builder/#CV0h2lvK1ycpIbRET5l9S4DI05mUmLEarSJUM40qFluMpTTCQ0
ubg-monster-monster-riftwalker-non-crafted-1,mage,Monster,Riftwalker,non_crafted,family_unclassified,[],median,21985,61133.1553,61133.1553,-359.52,-999.7085,70.0313,0,-186,72.2,-186,849.6,-223.2,-321,-12,129,358.7072,51.8072,12,37,8,3.2129,20,158,-34,-1,SLOW,VERY_SLOW,0.83,0,-16,0,4,3800.9609,0,6360.7355,76111.5148,8168.7082,76111.5148,90640.9585,30.6398,10.2227,38.0568,15.2227,146,19,56,48,155,-14,57,420,35,0,19,0,https://wynnbuilder.github.io/builder/#CX0h2lvK1yc3xaREO5l9Eh6Pr85KG33oQknPGGW0G-lNCCHBjEC
ubg-monster-monster-riftwalker-non-crafted-1,mage,Monster,Riftwalker,non_crafted,family_unclassified,[],upper_quartile_proxy,22735,63218.6621,63218.6621,-294.84,-819.8544,70.0313,0,-181.5,75.05,-181.5,876.15,-217.8,-273,-8,295,820.2993,118.4739,16,41,11,4.4177,26,164,-29,-1,SLOW,VERY_SLOW,0.83,0,-7,0,4,4280.3478,0,7499.8942,89389.0854,9608.292,89389.0854,106497.2716,30.6398,9.2227,38.0568,15.2227,146,19,56,48,155,-14,74,420,60,0,24,0,https://wynnbuilder.github.io/builder/#CX0h2lvK1yc3xaREO5l9Eh6Pr85KG33oQknPGGW0G-lNCCHBjEC
ubg-monster-monster-riftwalker-non-crafted-1,mage,Monster,Riftwalker,non_crafted,family_unclassified,[],solver_default,23035,64052.8648,64052.8648,-269.24,-748.6691,70.0313,0,-178.5,76.95,-178.5,893.85,-214.2,-254,-6,361,1003.8239,144.9799,20,45,13,5.2209,32,170,-27,-1,SLOW,VERY_SLOW,0.83,0,-5,0,4,4486.3076,0,7823.493,93194.4048,10014.1678,93194.4048,111032.0656,29.6398,7.2227,38.0568,15.2227,146,19,56,48,155,-14,81,420,60,0,27,0,https://wynnbuilder.github.io/builder/#CX0h2lvK1yc3xaREO5l9Eh6Pr85KG33oQknPGGW0G-lNCCHBjEC
ubg-monster-monster-riftwalker-non-crafted-1,mage,Monster,Riftwalker,non_crafted,family_unclassified,[],maximum,23485,65304.1689,65304.1689,-234,-650.6781,70.0313,0,-175.5,78.85,-175.5,911.55,-210.6,-225,-4,460,1279.1108,184.739,20,45,13,5.2209,32,170,-24,-1,SLOW,VERY_SLOW,0.83,0,1,0,4,4791.3755,0,8289.001,98679.6207,10604.0374,98679.6207,117572.6591,29.6398,7.2227,38.0568,15.2227,146,19,56,48,155,-14,92,420,60,0,30,0,https://wynnbuilder.github.io/builder/#CX0h2lvK1yc3xaREO5l9Eh6Pr85KG33oQknPGGW0G-lNCCHBjEC
ubg-pure-pure-arcanist-standard-1,mage,Pure,Arcanist,standard,family_unclassified,[],median,14560,28307.8684,17055.0085,0,0,28.8577,46.2532,240,85,410,-110,185,0,0,368,715.4736,240.5229,-7,18,26,16.9935,0,148,-3,-7,FAST,SUPER_SLOW,0.51,0,0,0,2,378.1397,0,0,29682.6502,9525.9279,29682.6502,39208.5781,7,20.9787,31.9575,24.4734,188,63,50,65,40,65,-14,0,472,491,0,0,https://wynnbuilder-beta.github.io/builder/#CT0vAIv0sCbp4lKE1DJvi1XD8KG19Cyxay+elEyw-C
ubg-pure-pure-arcanist-standard-1,mage,Pure,Arcanist,standard,family_unclassified,[],upper_quartile_proxy,14560,28307.8684,17055.0085,0,0,28.8577,46.2532,240,85,410,-110,185,0,0,483,939.0591,315.6863,-5,20,31,20.2614,0,148,6,-7,FAST,SUPER_SLOW,0.51,0,0,0,2,391.7698,0,0,35591.9202,11430.856,35591.9202,47022.7762,7,20.9787,29.9575,24.4734,188,63,50,65,40,65,-12,0,604,560,0,0,https://wynnbuilder-beta.github.io/builder/#CT0vAIv0sCbp4lKE1DJvi1XD8KG19Cyxay+elEyw-C
ubg-pure-pure-arcanist-standard-1,mage,Pure,Arcanist,standard,family_unclassified,[],solver_default,14560,28307.8684,17055.0085,0,0,28.8577,46.2532,240,85,410,-110,185,0,0,529,1028.4933,345.7516,-3,22,36,23.5294,0,148,10,-7,FAST,SUPER_SLOW,0.51,0,0,0,2,397.2603,0,0,37992.3544,12203.4063,37992.3544,50195.7607,7,20.9787,28.9575,24.4734,188,63,50,65,40,65,-11,0,657,590,0,0,https://wynnbuilder-beta.github.io/builder/#CT0vAIv0sCbp4lKE1DJvi1XD8KG19Cyxay+elEyw-C
ubg-pure-pure-arcanist-standard-1,mage,Pure,Arcanist,standard,family_unclassified,[],maximum,14560,28307.8684,17055.0085,0,0,28.8577,46.2532,240,85,410,-110,185,0,0,598,1162.6446,390.8497,-3,22,36,23.5294,0,148,16,-7,FAST,SUPER_SLOW,0.51,0,0,0,2,402.7508,0,0,41526.094,13342.3076,41526.094,54868.4016,7,20.9787,28.9575,24.4734,188,63,50,65,40,65,-10,0,736,632,0,0,https://wynnbuilder-beta.github.io/builder/#CT0vAIv0sCbp4lKE1DJvi1XD8KG19Cyxay+elEyw-C
ubg-quetzalcoatl-quetzalcoatl-riftwalker-non-crafted-1,mage,Quetzalcoatl,Riftwalker,non_crafted,family_unclassified,[],median,14110,23950.1351,12170.7976,0,0,3.389,54.8613,36.3,231,-214.4,-455.6,386.1,0,-23,1000,1697.3873,107.5269,3,28,10,1.0753,-8,92,39,0,VERY_FAST,VERY_FAST,3.1,0,-49,0,2,2517.1892,0,102277.1846,116478.1368,14268.3716,116478.1368,233023.693,35,6.8,33.15,17,152,70,73,-75,4,83,0,400,85,394,6,160,https://wynnbuilder.github.io/builder/#CX0mCBw4+iecp9nYwptqYEJvW2827vz8zuQGSo6SA0yUUHceDRUr1
ubg-quetzalcoatl-quetzalcoatl-riftwalker-non-crafted-1,mage,Quetzalcoatl,Riftwalker,non_crafted,family_unclassified,[],upper_quartile_proxy,14110,23950.1351,12170.7976,0,0,3.389,54.8613,39.05,248.5,-206.4,-438.6,415.35,0,-19,1405,2384.8292,151.0753,6,31,13,1.3978,5,105,53,0,VERY_FAST,VERY_FAST,3.1,0,-36,0,2,3067.5073,0,116212.4677,132521.5281,16266.5058,132521.5281,265000.5016,35,2.4,33.15,17,152,70,73,-75,4,83,0,525,95,516,8,210,https://wynnbuilder.github.io/builder/#CX0mCBw4+iecp9nYwptqYEJvW2827vz8zuQGSo6SA0yUUHceDRUr1
ubg-quetzalcoatl-quetzalcoatl-riftwalker-non-crafted-1,mage,Quetzalcoatl,Riftwalker,non_crafted,family_unclassified,[],solver_default,14110,23950.1351,12170.7976,0,0,3.389,54.8613,40.15,255.5,-203.2,-431.8,427.05,0,-18,1567,2659.8059,168.4946,9,34,16,1.7204,15,115,58,0,VERY_FAST,VERY_FAST,3.1,0,-31,0,2,3292.1032,0,122275.0593,139496.2057,17132.4849,139496.2057,278903.7499,35,1,33.15,17,152,70,73,-75,4,83,0,575,100,566,9,230,https://wynnbuilder.github.io/builder/#CX0mCBw4+iecp9nYwptqYEJvW2827vz8zuQGSo6SA0yUUHceDRUr1
ubg-quetzalcoatl-quetzalcoatl-riftwalker-non-crafted-1,mage,Quetzalcoatl,Riftwalker,non_crafted,family_unclassified,[],maximum,14110,23950.1351,12170.7976,0,0,3.389,54.8613,41.8,266,-198.4,-421.6,444.6,0,-16,1810,3072.271,194.6237,9,34,16,1.7204,15,115,66,0,VERY_FAST,VERY_FAST,3.1,0,-24,0,2,3623.8775,0,130704.5375,149197.4324,18338.78,149197.4324,298240.7499,35,1,33.15,17,152,70,73,-75,4,83,0,650,106,639,10,260,https://wynnbuilder.github.io/builder/#CX0mCBw4+iecp9nYwptqYEJvW2827vz8zuQGSo6SA0yUUHceDRUr1
ubg-riptide-riptide-arcanist-non-crafted-1,mage,Riptide,Arcanist,non_crafted,family_unclassified,[],median,13985,11654.1667,11654.1667,0,0,0,0,0,172.8,-86.4,-100,-106.8,0,0,0,0,0,-33,-8,-9,-5.8824,44,222,0,-1,SUPER_SLOW,SUPER_SLOW,0.51,0,0,0,2,8005.78,0,0,50249.6774,12037.5276,50249.6774,62287.205,1,10.3227,17.6455,15.4841,187,60,65,140,-25,0,0,0,77,502,0,0,https://wynnbuilder-beta.github.io/builder/#CV0G7IvmFBbJ7kKEyQIvOR4RZqwaBC8rC5d71720l7zrir-v
ubg-riptide-riptide-arcanist-non-crafted-1,mage,Riptide,Arcanist,non_crafted,family_unclassified,[],upper_quartile_proxy,13985,11654.1667,11654.1667,0,0,0,0,0,176,-76.8,-100,-102,0,0,0,0,0,-19,6,3,1.9608,67,245,0,-1,SUPER_SLOW,SUPER_SLOW,0.51,0,0,0,2,8380.4592,0,0,59321.7702,14197.9003,59321.7702,73519.6705,1,10.3227,16.6455,15.4841,187,60,65,140,-25,0,0,0,101,642,0,0,https://wynnbuilder-beta.github.io/builder/#CV0G7IvmFBbJ7kKEyQIvOR4RZqwaBC8rC5d71720l7zrir-v
ubg-riptide-riptide-arcanist-non-crafted-1,mage,Riptide,Arcanist,non_crafted,family_unclassified,[],solver_default,13985,11654.1667,11654.1667,0,0,0,0,0,177.6,-73.2,-100,-100.8,0,0,0,0,0,-7,18,14,9.1503,90,268,0,-1,SUPER_SLOW,SUPER_SLOW,0.51,0,0,0,2,8577.5106,0,0,62886.4232,15046.6991,62886.4232,77933.1223,1,10.3227,15.6455,15.4841,187,60,65,140,-25,0,0,0,109,697,0,0,https://wynnbuilder-beta.github.io/builder/#CV0G7IvmFBbJ7kKEyQIvOR4RZqwaBC8rC5d71720l7zrir-v
ubg-riptide-riptide-arcanist-non-crafted-1,mage,Riptide,Arcanist,non_crafted,family_unclassified,[],maximum,13985,11654.1667,11654.1667,0,0,0,0,0,179.2,-67.2,-100,-98.4,0,0,0,0,0,-7,18,14,9.1503,90,268,0,-1,SUPER_SLOW,SUPER_SLOW,0.51,0,0,0,2,8802.3181,0,0,68232.0497,16319.7546,68232.0497,84551.8043,1,10.3227,15.6455,15.4841,187,60,65,140,-25,0,0,0,123,780,0,0,https://wynnbuilder-beta.github.io/builder/#CV0G7IvmFBbJ7kKEyQIvOR4RZqwaBC8rC5d71720l7zrir-v
ubg-singularity-singularity-riftwalker-standard-1,mage,Singularity,Riftwalker,standard,family_unclassified,[],median,15860,29993.4735,21048.8441,385.7,729.4125,37.2095,35.471,479.7,672.75,468,520.65,327.6,551,-30,168,317.7114,109.8039,27,52,-12,-7.8431,32,172,-86,0,SUPER_SLOW,SUPER_SLOW,0.51,0,0,0,2,6461.2942,0,9468.2601,108664.2599,15354.6044,108664.2599,133487.1244,26.2303,18.9888,37.4719,14.9888,175,59,94,51,55,46,13,616,41,178,22,128,https://wynnbuilder.github.io/builder/#CX013J9Fn3nInKAElGt8FfE9r95K8+8qQE10hn9L0GxvLPYserfE
ubg-singularity-singularity-riftwalker-standard-1,mage,Singularity,Riftwalker,standard,family_unclassified,[],upper_quartile_proxy,15860,29993.4735,21048.8441,598.5,1131.847,37.2095,35.471,541.2,759,528,587.4,369.6,798,-25,221,417.9418,144.4444,35,60,-10,-6.5359,42,182,-66,0,SUPER_SLOW,SUPER_SLOW,0.51,0,0,0,2,7380.0527,0,11372.5778,130569.285,18454.7115,130569.285,160396.5743,26.2303,18.9888,37.4719,14.9888,175,59,94,51,55,46,16,808,55,234,29,168,https://wynnbuilder.github.io/builder/#CX013J9Fn3nInKAElGt8FfE9r95K8+8qQE10hn9L0GxvLPYserfE
ubg-singularity-singularity-riftwalker-standard-1,mage,Singularity,Riftwalker,standard,family_unclassified,[],solver_default,15860,29993.4735,21048.8441,683.24,1292.1022,37.2095,35.471,561.7,787.75,548,609.65,383.6,899,-24,242,457.6558,158.1699,41,66,-8,-5.2288,52,192,-60,0,SUPER_SLOW,SUPER_SLOW,0.51,0,0,0,2,7756.0403,0,12145.4483,139459.1885,19712.9442,139459.1885,171317.581,26.2303,17.9888,37.4719,14.9888,175,59,94,51,55,46,18,885,60,256,32,184,https://wynnbuilder.github.io/builder/#CX013J9Fn3nInKAElGt8FfE9r95K8+8qQE10hn9L0GxvLPYserfE
ubg-singularity-singularity-riftwalker-standard-1,mage,Singularity,Riftwalker,standard,family_unclassified,[],maximum,15860,29993.4735,21048.8441,827.13,1564.2183,37.2095,35.471,598.6,839.5,584,649.7,408.8,1047,-21,273,516.2811,178.4314,41,66,-8,-5.2288,52,192,-47,0,SUPER_SLOW,SUPER_SLOW,0.51,0,0,0,2,8296.6294,0,13159.0987,151121.2812,21362.7171,151121.2812,185643.097,26.2303,17.9888,37.4719,14.9888,175,59,94,51,55,46,20,1000,63,289,36,208,https://wynnbuilder.github.io/builder/#CX013J9Fn3nInKAElGt8FfE9r95K8+8qQE10hn9L0GxvLPYserfE
ubg-theatre-cane-theatre-cane-arcanist-standard-1,mage,Theatre Cane,Arcanist,standard,family_unclassified,[],median,12510,25276.257,16602.8399,-80.08,-161.8004,37.2095,40.8146,-240,300,-270,50,-60,-52,-54,640,1293.1099,418.3007,-1,24,23,15.0327,22,122,6,0,SUPER_SLOW,SUPER_SLOW,0.51,0,0,-30,1.4,6728.3403,0,0,34671.174,7623.7015,34671.174,42294.8755,5.39,21.6,28.67,28.8,190,53,85,-140,55,55,0,-120,58,508,12,0,https://wynnbuilder-beta.github.io/builder/#CT0X6m5CCn3lG05Ge0oVCEdGmpDuy70uzulEqwVS
ubg-theatre-cane-theatre-cane-arcanist-standard-1,mage,Theatre Cane,Arcanist,standard,family_unclassified,[],upper_quartile_proxy,12510,25276.257,16602.8399,26.46,53.462,37.2095,40.8146,-240,300,-270,50,-60,49,-46,841,1699.2272,549.6732,4,29,27,17.6471,30,130,8,0,SUPER_SLOW,SUPER_SLOW,0.51,0,0,-25,1.5,7009.103,0,0,37692.2374,8387.2206,37692.2374,46079.458,4.83,19.71,22.09,27.84,190,53,85,-140,55,55,0,-102,61,586,16,0,https://wynnbuilder-beta.github.io/builder/#CT0X6m5CCn3lG05Ge0oVCEdGmpDuy70uzulEqwVS
ubg-theatre-cane-theatre-cane-arcanist-standard-1,mage,Theatre Cane,Arcanist,standard,family_unclassified,[],solver_default,12510,25276.257,16602.8399,50.73,102.4992,37.2095,40.8146,-240,300,-270,50,-60,89,-43,921,1860.8659,601.9608,9,34,31,20.2614,36,136,9,0,SUPER_SLOW,SUPER_SLOW,0.51,0,0,-24,1.52,7148.7492,0,0,38947.2032,8694.3156,38947.2032,47641.5188,4.34,18.09,16.45,26.88,190,53,85,-140,55,55,0,-95,62,617,18,0,https://wynnbuilder-beta.github.io/builder/#CT0X6m5CCn3lG05Ge0oVCEdGmpDuy70uzulEqwVS
ubg-theatre-cane-theatre-cane-arcanist-standard-1,mage,Theatre Cane,Arcanist,standard,family_unclassified,[],maximum,12510,25276.257,16602.8399,92.38,186.6523,37.2095,40.8146,-240,300,-270,50,-60,149,-38,1040,2101.3035,679.7386,9,34,31,20.2614,36,136,10,0,SUPER_SLOW,SUPER_SLOW,0.51,0,0,-21,1.58,7304.821,0,0,40642.8575,9123.1237,40642.8575,49765.9812,4.34,18.09,16.45,26.88,190,53,85,-140,55,55,0,-84,63,663,20,0,https://wynnbuilder-beta.github.io/builder/#CT0X6m5CCn3lG05Ge0oVCEdGmpDuy70uzulEqwVS
ubg-trance-trance-riftwalker-melee-non-crafted-1,mage,Trance,Riftwalker,non_crafted,family_cancelstack,"[""family_cancelstack""]",median,13914,21399.7988,21399.7988,-182,-279.9169,45.8172,0,875.88,377,0,564,-295,-182,0,931,1431.8825,72.1705,0,25,24,1.8605,0,100,-18,0,SUPER_FAST,SUPER_FAST,4.3,8472,0,0,4,34862.1496,0,54619.3239,11865.1275,7806.9297,54619.3239,74291.3811,1,22.6,64,24.2,171,84,80,0,73,-43,10,3760,50,0,0,0,https://wynnbuilder.github.io/builder/#CW0rkkvWHycp3ZRgpUnRgZfHCDIvHamn8lRgpmWW1W+tjqzDJMm2
ubg-trance-trance-riftwalker-melee-non-crafted-1,mage,Trance,Riftwalker,non_crafted,family_cancelstack,"[""family_cancelstack""]",upper_quartile_proxy,13914,21399.7988,21399.7988,-154,-236.8527,45.8172,0,900.21,377,0,564,-295,-154,0,1306,2008.6343,101.2403,0,25,32,2.4806,0,100,-13,0,SUPER_FAST,SUPER_FAST,4.3,8472,0,0,4,39659.127,0,55674.0182,12156.5328,7957.8083,55674.0182,75788.3593,1,22.6,64,24.2,171,84,80,0,73,-43,32,4002,50,0,0,0,https://wynnbuilder.github.io/builder/#CW0rkkvWHycp3ZRgpUnRgZfHCDIvHamn8lRgpmWW1W+tjqzDJMm2
ubg-trance-trance-riftwalker-melee-non-crafted-1,mage,Trance,Riftwalker,non_crafted,family_cancelstack,"[""family_cancelstack""]",solver_default,13914,21399.7988,21399.7988,-144,-221.4727,45.8172,0,908.32,377,0,564,-295,-144,0,1455,2237.797,112.7907,0,25,39,3.0233,0,100,-11,0,SUPER_FAST,SUPER_FAST,4.3,8472,0,0,4,41555.1392,0,56190.5003,12295.527,8031.6735,56190.5003,76517.7008,1,22.6,64,24.2,171,84,80,0,73,-43,39,4097,50,0,0,0,https://wynnbuilder.github.io/builder/#CW0rkkvWHycp3ZRgpUnRgZfHCDIvHamn8lRgpmWW1W+tjqzDJMm2
ubg-trance-trance-riftwalker-melee-non-crafted-1,mage,Trance,Riftwalker,non_crafted,family_cancelstack,"[""family_cancelstack""]",maximum,13914,21399.7988,21399.7988,-128,-196.8646,45.8172,0,916.43,377,0,564,-295,-128,0,1679,2582.3101,130.155,0,25,39,3.0233,0,100,-8,0,SUPER_FAST,SUPER_FAST,4.3,8472,0,0,4,44443.5386,0,56915.0256,12497.3444,8135.3483,56915.0256,77547.7183,1,22.6,64,24.2,171,84,80,0,73,-43,53,4242,50,0,0,0,https://wynnbuilder.github.io/builder/#CW0rkkvWHycp3ZRgpUnRgZfHCDIvHamn8lRgpmWW1W+tjqzDJMm2
ubg-warp-warp-arcanist-lootrun-2,mage,Warp,Arcanist,lootrun,family_lootrun,"[""family_lootrun""]",median,14146,38192.7998,11788.3333,-1305,-3523.3708,0,76.8163,291.2,173.6,705.6,-66,7.2,-522,-150,368,993.5636,49.0667,-14,11,0,0,0,166,165,-1,VERY_FAST,FAST,2.5,0,-30,0,2,3891.1683,0,0,32972.7902,8323.7421,32972.7902,41296.5323,1,1,23.438,17.5785,198,63,30,105,-31,165,-8,631,66,245,-8,0,https://wynnbuilder-beta.github.io/builder/#CT0820OJWi3kQGCKG0H15EGWmcYoRy3DrM7jvtJ+rir-u
ubg-warp-warp-arcanist-lootrun-2,mage,Warp,Arcanist,lootrun,family_lootrun,"[""family_lootrun""]",upper_quartile_proxy,14191,38314.2953,11825.8333,-726.4,-1961.2081,0,76.8163,291.2,173.6,754.6,-66,7.7,-320,-127,483,1304.0522,64.4,-4,21,0,0,0,166,216,-1,VERY_FAST,FAST,2.5,0,-25,0,2,4683.141,0,0,36212.5851,9130.8988,36212.5851,45343.4839,1,1,23.438,17.5785,198,63,30,105,-31,165,-7,828,71,321,-8,0,https://wynnbuilder-beta.github.io/builder/#CT0820OJWi3kQGCKG0H15EGWmcYoRy3DrM7jvtJ+rir-u
ubg-warp-warp-arcanist-lootrun-2,mage,Warp,Arcanist,lootrun,family_lootrun,"[""family_lootrun""]",solver_default,14209,38362.8935,11840.8333,-523.2,-1412.5882,0,76.8163,291.2,173.6,774.2,-66,7.9,-240,-118,529,1428.2476,70.5333,8,33,0,0,0,166,236,-1,VERY_FAST,FAST,2.5,0,-24,0,2,4998.1104,0,0,37544.4446,9459.7176,37544.4446,47004.1622,1,1,23.438,17.5785,198,63,30,105,-31,165,-7,906,73,351,-8,0,https://wynnbuilder-beta.github.io/builder/#CT0820OJWi3kQGCKG0H15EGWmcYoRy3DrM7jvtJ+rir-u
ubg-warp-warp-arcanist-lootrun-2,mage,Warp,Arcanist,lootrun,family_lootrun,"[""family_lootrun""]",maximum,14236,38435.7909,11863.3333,-243.95,-658.6409,0,76.8163,291.2,173.6,803.6,-66,8.2,-119,-105,598,1614.5408,79.7333,8,33,0,0,0,166,267,-1,VERY_FAST,FAST,2.5,0,-21,0,2,5482.2498,0,0,39523.4657,9953.6304,39523.4657,49477.0961,1,1,23.438,17.5785,198,63,30,105,-31,165,-6,1025,76,397,-8,0,https://wynnbuilder-beta.github.io/builder/#CT0820OJWi3kQGCKG0H15EGWmcYoRy3DrM7jvtJ+rir-u
ubg-warp-warp-arcanist-non-crafted-1,mage,Warp,Arcanist,non_crafted,family_unclassified,[],median,13005,42546.0032,14122.6571,-992.5,-3246.9749,23.2616,76.8163,35,510,235,125,710,-397,-150,139,454.7401,14.9462,-28,-3,6,0.6452,8,137,179,0,VERY_FAST,VERY_FAST,3.1,0,-30,9,2.18,1511.3593,0,0,38661.4007,9211.2324,38661.4007,47872.6331,1,1,27.5598,24.6069,197,31,61,34,31,150,-85,0,27,378,16,0,https://wynnbuilder-beta.github.io/builder/#CT0oqmFJiK4-v0cHITI15amWmcYSA20nxzaVDRzFE
ubg-warp-warp-arcanist-non-crafted-1,mage,Warp,Arcanist,non_crafted,family_unclassified,[],upper_quartile_proxy,13005,42546.0032,14122.6571,-551.61,-1804.5983,23.2616,76.8163,35,510,235,125,710,-243,-127,182,595.415,19.5699,-18,7,11,1.1828,21,150,224,0,VERY_FAST,VERY_FAST,3.1,0,-25,11,2.22,1683.8028,0,0,43059.0532,10273.7604,43059.0532,53332.8136,1,1,25.9193,24.6069,197,31,61,34,31,150,-77,0,36,434,21,0,https://wynnbuilder-beta.github.io/builder/#CT0oqmFJiK4-v0cHITI15amWmcYSA20nxzaVDRzFE
ubg-warp-warp-arcanist-non-crafted-1,mage,Warp,Arcanist,non_crafted,family_unclassified,[],solver_default,13005,42546.0032,14122.6571,-394.58,-1290.8729,23.2616,76.8163,35,510,235,125,710,-181,-118,199,651.0307,21.3978,-8,17,16,1.7204,35,164,242,0,VERY_FAST,VERY_FAST,3.1,0,-24,12,2.24,1762.1862,0,0,44979.9039,10736.4508,44979.9039,55716.3547,1,1,24.2788,24.6069,197,31,61,34,31,150,-74,0,39,456,23,0,https://wynnbuilder-beta.github.io/builder/#CT0oqmFJiK4-v0cHITI15amWmcYSA20nxzaVDRzFE
ubg-warp-warp-arcanist-non-crafted-1,mage,Warp,Arcanist,non_crafted,family_unclassified,[],maximum,13005,42546.0032,14122.6571,-180.4,-590.1806,23.2616,76.8163,35,510,235,125,710,-88,-105,225,736.09,24.1935,-8,17,16,1.7204,35,164,269,0,VERY_FAST,VERY_FAST,3.1,0,-21,14,2.28,1864.0845,0,0,47696.1218,11392.1407,47696.1218,59088.2625,1,1,24.2788,24.6069,197,31,61,34,31,150,-70,0,45,489,26,0,https://wynnbuilder-beta.github.io/builder/#CT0oqmFJiK4-v0cHITI15amWmcYSA20nxzaVDRzFE
ubg-fantasia-fantasia-acolyte-non-crafted-1,shaman,Fantasia,Acolyte,non_crafted,family_unclassified,[],median,15760,25546.5939,17928.1094,271,439.2847,37.2095,35.471,747,1020.9,946.2,1020.9,747,271,0,168,272.3241,67.4699,2,27,-32,-12.8514,32,195,-26,0,VERY_SLOW,VERY_SLOW,0.83,0,0,0,32.25,3915.7966,2032.3951,0,7576.1677,24161.0076,24161.0076,33769.5704,10.0297,4.6459,16.0475,8.9297,158,46,55,96,55,46,0,0,35,0,0,0,https://wynnbuilder-beta.github.io/builder/#CV013HxGiK4lGHgJITI15YFYecKSU4490qVw+UyzqW0
ubg-fantasia-fantasia-acolyte-non-crafted-1,shaman,Fantasia,Acolyte,non_crafted,family_unclassified,[],upper_quartile_proxy,15760,25546.5939,17928.1094,430,697.02,37.2095,35.471,841.5,1150.05,1065.9,1150.05,841.5,430,0,221,358.2359,88.755,13,38,-27,-10.8434,42,205,-15,0,VERY_SLOW,VERY_SLOW,0.83,0,0,0,32.25,4081.2135,2353.4014,0,8756.601,27934.2986,27934.2986,39044.301,8.51,3.942,13.6161,6.399,158,46,55,96,55,46,0,0,46,0,0,0,https://wynnbuilder-beta.github.io/builder/#CV013HxGiK4lGHgJITI15YFYecKSU4490qVw+UyzqW0
ubg-fantasia-fantasia-acolyte-non-crafted-1,shaman,Fantasia,Acolyte,non_crafted,family_unclassified,[],solver_default,15760,25546.5939,17928.1094,496,804.0045,37.2095,35.471,877.5,1199.25,1111.5,1199.25,877.5,496,0,242,392.2764,97.1888,22,47,-22,-8.8353,52,215,-12,0,VERY_SLOW,VERY_SLOW,0.83,0,0,0,32.25,4132.5021,2484.3974,0,9238.1267,29473.547,29473.547,41196.0711,6.8384,2.7177,10.9415,3.8437,158,46,55,96,55,46,0,0,50,0,0,0,https://wynnbuilder-beta.github.io/builder/#CV013HxGiK4lGHgJITI15YFYecKSU4490qVw+UyzqW0
ubg-fantasia-fantasia-acolyte-non-crafted-1,shaman,Fantasia,Acolyte,non_crafted,family_unclassified,[],maximum,15760,25546.5939,17928.1094,592,959.6182,37.2095,35.471,931.5,1273.05,1179.9,1273.05,931.5,592,0,273,442.5267,109.6386,22,47,-22,-8.8353,52,215,-5,0,VERY_SLOW,VERY_SLOW,0.83,0,0,0,32.25,4221.8335,2674.4078,0,9937.0343,31707.5897,31707.5897,44319.0318,6.8384,2.7177,10.9415,3.8437,158,46,55,96,55,46,0,0,56,0,0,0,https://wynnbuilder-beta.github.io/builder/#CV013HxGiK4lGHgJITI15YFYecKSU4490qVw+UyzqW0
ubg-fate-fate-tierstack-ritualist-standard-1,shaman,Fate,Ritualist,standard,family_tierstack,"[""family_tierstack""]",median,10510,22715.9803,14195.9527,0,0,47.1177,46.2532,-25,310,0,60,-265,-3339,112,-90,-194.5231,-6.9767,0,25,13,1.0078,0,100,43,5,VERY_SLOW,SUPER_FAST,4.3,4000,0,0,32.25,12700.6194,1833.7306,24586.8868,8925.4616,10792.7094,24586.8868,46138.7884,37,12,57.12,24,195,70,85,-16,76,65,46,10,-14,260,0,0,https://wynnbuilder-beta.github.io/builder/#CT0i21s1Cn3OVWw4CDI15amn8q6fpb0WsxDL3NNv4a2
ubg-fate-fate-tierstack-ritualist-standard-1,shaman,Fate,Ritualist,standard,family_tierstack,"[""family_tierstack""]",upper_quartile_proxy,10510,22715.9803,14195.9527,0,0,47.1177,46.2532,-25,310,0,60,-265,-2838,147,-76,-164.264,-5.8915,0,25,14,1.0853,0,100,55,5,VERY_SLOW,SUPER_FAST,4.3,5250,0,0,32.25,14785.4069,1908.4195,25739.2541,9324.2225,11289.7573,25739.2541,48261.6534,37,10,55.02,22,195,70,85,-16,76,65,62,66,-12,260,0,0,https://wynnbuilder-beta.github.io/builder/#CT0i21s1Cn3OVWw4CDI15amn8q6fpb0WsxDL3NNv4a2
ubg-fate-fate-tierstack-ritualist-standard-1,shaman,Fate,Ritualist,standard,family_tierstack,"[""family_tierstack""]",solver_default,10510,22715.9803,14195.9527,0,0,47.1177,46.2532,-25,310,0,60,-265,-2638,161,-71,-153.4571,-5.5039,0,25,15,1.1628,0,100,60,5,VERY_SLOW,SUPER_FAST,4.3,5750,0,0,32.25,15554.6034,1939.686,26218.6279,9490.2834,11495.0455,26218.6279,49143.6428,37,8,52.5,19,195,70,85,-16,76,65,67,88,-11,260,0,0,https://wynnbuilder-beta.github.io/builder/#CT0i21s1Cn3OVWw4CDI15amn8q6fpb0WsxDL3NNv4a2
ubg-fate-fate-tierstack-ritualist-standard-1,shaman,Fate,Ritualist,standard,family_tierstack,"[""family_tierstack""]",maximum,10510,22715.9803,14195.9527,0,0,47.1177,46.2532,-25,310,0,60,-265,-2338,182,-63,-136.1662,-4.8837,0,25,15,1.1628,0,100,67,5,VERY_SLOW,SUPER_FAST,4.3,6500,0,0,32.25,16722.6138,1981.4357,26858.8665,9712.065,11769.298,26858.8665,50321.6652,37,8,52.5,19,195,70,85,-16,76,65,75,121,-10,260,0,0,https://wynnbuilder-beta.github.io/builder/#CT0i21s1Cn3OVWw4CDI15amn8q6fpb0WsxDL3NNv4a2
ubg-latent-disorder-latent-disorder-acolyte-standard-1,shaman,Latent Disorder,Acolyte,standard,family_unclassified,[],median,12410,15159.1157,14117.2486,293,357.9066,37.2095,8.1748,-180,-160,425,301.4,-180,293,0,672,820.8643,439.2157,32,57,-12,-7.8431,32,188,-14,0,SUPER_SLOW,SUPER_SLOW,0.51,0,-16,0,32.25,5836.3986,1758.3982,0,6765.842,21937.2831,21937.2831,30461.5233,14.2902,1.258,17.0644,12.5483,197,50,72,80,55,9,-38,224,67,267,0,0,https://wynnbuilder.github.io/builder/#CW0r2nwGWi3wtm05IkH15ypn-oJEh10w-exxntJ9
ubg-latent-disorder-latent-disorder-acolyte-standard-1,shaman,Latent Disorder,Acolyte,standard,family_unclassified,[],upper_quartile_proxy,12748,15571.9908,14501.7473,384,469.0653,37.2095,8.1748,-180,-160,425,327.8,-180,384,0,883,1078.6059,577.1242,38,63,-10,-6.5359,42,198,-12,0,SUPER_SLOW,SUPER_SLOW,0.51,0,-13,0,32.25,6514.6358,1990.1127,0,7639.4405,24704.0124,24704.0124,34333.5656,14.2902,1.258,15.0644,11.5483,197,50,72,80,55,9,-32,312,86,351,0,0,https://wynnbuilder.github.io/builder/#CW0r2nwGWi3wtm05IkH15ypn-oJEh10w-exxntJ9
ubg-latent-disorder-latent-disorder-acolyte-standard-1,shaman,Latent Disorder,Acolyte,standard,family_unclassified,[],solver_default,12883,15736.8966,14655.3193,420,513.0402,37.2095,8.1748,-180,-160,425,336.6,-180,420,0,967,1181.2139,632.0261,44,69,-8,-5.2288,52,208,-11,0,SUPER_SLOW,SUPER_SLOW,0.51,0,-12,0,32.25,6733.6605,2085.1409,0,7997.1888,25837.3402,25837.3402,35919.6699,14.2902,1.258,12.0644,9.5483,197,50,72,80,55,9,-31,347,94,384,0,0,https://wynnbuilder.github.io/builder/#CW0r2nwGWi3wtm05IkH15ypn-oJEh10w-exxntJ9
ubg-latent-disorder-latent-disorder-acolyte-standard-1,shaman,Latent Disorder,Acolyte,standard,family_unclassified,[],maximum,13085,15983.6445,14885.1086,475,580.224,37.2095,8.1748,-180,-160,425,352,-180,475,0,1092,1333.9045,713.7255,44,69,-8,-5.2288,52,208,-10,0,SUPER_SLOW,SUPER_SLOW,0.51,0,-11,0,32.25,7157.8434,2228.0293,0,8535.1375,27541.5601,27541.5601,38304.7269,14.2902,1.258,12.0644,9.5483,197,50,72,80,55,9,-27,401,106,434,0,0,https://wynnbuilder.github.io/builder/#CW0r2nwGWi3wtm05IkH15ypn-oJEh10w-exxntJ9
ubg-panic-zealot-panic-zealot-summoner-standard-1,shaman,Panic Zealot,Summoner,standard,family_unclassified,[],median,6585,13054.5176,6611.4932,0,0,28.8577,57.4269,-195,270,100,-185,420,0,-14,221,438.1243,17.1318,0,25,12,0.9302,0,100,59,16,SUPER_FAST,SUPER_FAST,4.3,0,0,0,32.25,544.2385,5936.0946,26294.293,5154.9342,0,26294.293,37385.3218,1,1,1,32,196,55,57,-28,40,89,-50,0,21,636,0,-74,https://wynnbuilder.github.io/builder/#CW0oqAwaWhep4lYECrG05coXkHEdG4kYSg3K70qFt6pxDfWk0
ubg-panic-zealot-panic-zealot-summoner-standard-1,shaman,Panic Zealot,Summoner,standard,family_unclassified,[],upper_quartile_proxy,7335,14541.3647,7364.5106,0,0,28.8577,57.4269,-195,270,100,-185,420,0,-12,289,572.9318,22.4031,0,25,18,1.3953,0,100,77,16,SUPER_FAST,SUPER_FAST,4.3,0,0,0,32.25,652.2631,6545.9781,29039.0779,5694.7276,0,29039.0779,41279.7836,1,1,1,32,196,55,57,-28,40,89,-42,0,23,754,0,-63,https://wynnbuilder.github.io/builder/#CW0oqAwaWhep4lYECrG05coXkHEdG4kYSg3K70qFt6pxDfWk0
ubg-panic-zealot-panic-zealot-summoner-standard-1,shaman,Panic Zealot,Summoner,standard,family_unclassified,[],solver_default,7635,15136.1036,7665.7176,0,0,28.8577,57.4269,-195,270,100,-185,420,0,-11,317,628.4407,24.5736,0,25,23,1.7829,0,100,84,16,SUPER_FAST,SUPER_FAST,4.3,0,0,0,32.25,698.5285,6812.9944,30222.888,5927.2535,0,30222.888,42963.1359,1,1,1,32,196,55,57,-28,40,89,-39,0,24,801,0,-59,https://wynnbuilder.github.io/builder/#CW0oqAwaWhep4lYECrG05coXkHEdG4kYSg3K70qFt6pxDfWk0
ubg-panic-zealot-panic-zealot-summoner-standard-1,shaman,Panic Zealot,Summoner,standard,family_unclassified,[],maximum,8085,16028.2118,8117.5281,0,0,28.8577,57.4269,-195,270,100,-185,420,0,-10,358,709.7217,27.7519,0,25,23,1.7829,0,100,94,16,SUPER_FAST,SUPER_FAST,4.3,0,0,0,32.25,766.6895,7214.6411,32013.5262,6279.9002,0,32013.5262,45508.0675,1,1,1,32,196,55,57,-28,40,89,-35,0,26,871,0,-52,https://wynnbuilder.github.io/builder/#CW0oqAwaWhep4lYECrG05coXkHEdG4kYSg3K70qFt6pxDfWk0
ubg-resonance-resonance-acolyte-non-crafted-1,shaman,Resonance,Acolyte,non_crafted,family_unclassified,[],median,12937,17333.3482,17333.3482,-147,-196.9546,46.6882,0,275,70,675,-170,-683.55,-196,25,568,761.022,371.2418,24,49,25,16.3399,36,190,6,-7,NORMAL,SUPER_SLOW,0.51,0,0,-18,26.445,3402.3037,1827.1341,0,7938.0836,26317.0698,26317.0698,36082.2875,16.5899,3.318,26.5438,16.9217,196,75,50,76,75,-94,93,265,39,373,19,0,https://wynnbuilder.github.io/builder/#CW05uIv0sCb3okKdJDfS2eWaGQToLE4vbYZs0W+JttZld64
ubg-resonance-resonance-acolyte-non-crafted-1,shaman,Resonance,Acolyte,non_crafted,family_unclassified,[],upper_quartile_proxy,13138,17602.6535,17602.6535,-112.88,-151.2397,46.6882,0,275,70,675,-170,-627.75,-166,32,746,999.5113,487.5817,32,57,32,20.915,56,210,8,-7,NORMAL,SUPER_SLOW,0.51,0,0,-15,27.4125,4000.1403,2172.4626,0,9260.312,30459.759,30459.759,41892.5336,16.5899,3.318,26.5438,15.9263,196,75,50,76,75,-94,121,347,47,489,24,0,https://wynnbuilder.github.io/builder/#CW05uIv0sCb3okKdJDfS2eWaGQToLE4vbYZs0W+JttZld64
ubg-resonance-resonance-acolyte-non-crafted-1,shaman,Resonance,Acolyte,non_crafted,family_unclassified,[],solver_default,13218,17709.8397,17709.8397,-100.75,-134.9876,46.6882,0,275,70,675,-170,-604.5,-155,35,817,1094.6391,533.9869,41,66,40,26.1438,76,230,9,-7,NORMAL,SUPER_SLOW,0.51,0,0,-14,27.735,4249.6292,2314.5044,0,9801.9009,32159.7821,32159.7821,44276.1874,16.5899,3.318,26.5438,14.9309,196,75,50,76,75,-94,133,380,50,536,27,0,https://wynnbuilder.github.io/builder/#CW05uIv0sCb3okKdJDfS2eWaGQToLE4vbYZs0W+JttZld64
ubg-resonance-resonance-acolyte-non-crafted-1,shaman,Resonance,Acolyte,non_crafted,family_unclassified,[],maximum,13338,17870.619,17870.619,-82.2,-110.1338,46.6882,0,275,70,675,-170,-571.95,-137,40,923,1236.6608,603.268,41,66,40,26.1438,76,230,10,-7,NORMAL,SUPER_SLOW,0.51,0,0,-13,28.0575,4608.3004,2517.0937,0,10581.8208,34610.118,34610.118,47709.0325,16.5899,3.318,26.5438,14.9309,196,75,50,76,75,-94,150,430,55,605,30,0,https://wynnbuilder.github.io/builder/#CW05uIv0sCb3okKdJDfS2eWaGQToLE4vbYZs0W+JttZld64
ubg-alkatraz-alkatraz-fallen-melee-non-crafted-1,warrior,Alkatraz,Fallen,non_crafted,family_cancelstack,"[""family_cancelstack""]",median,11235,16369.0693,11235,-109.2,-159.1012,0,34.8494,517.5,159.5,-100,-100,-171,-91,-20,70,101.988,5.4264,0,25,0,0,0,100,17,6,SUPER_SLOW,SUPER_FAST,4.3,3200,0,0,2,15110.2044,16232.8656,9103.5237,18965.6035,4966.4793,18965.6035,49268.4721,40,20,40,25,192,150,80,-40,-40,45,88,466,-40,0,-12,5,https://wynnbuilder-beta.github.io/builder/#CV0B+045e42+QWw4CDI36am1b68M0eVRizxvNP
ubg-alkatraz-alkatraz-fallen-melee-non-crafted-1,warrior,Alkatraz,Fallen,non_crafted,family_cancelstack,"[""family_cancelstack""]",upper_quartile_proxy,11235,16369.0693,11235,-90.09,-131.2585,0,34.8494,517.5,159.5,-100,-100,-171,-77,-17,134,195.2341,10.3876,0,25,0,0,0,100,21,6,SUPER_SLOW,SUPER_FAST,4.3,4200,0,0,2,17538.8106,17813.2922,9962.1705,20745.3886,5391.1503,20745.3886,53912.0016,40,20,40,25,192,150,80,-40,-40,45,118,583,-40,0,-10,5,https://wynnbuilder-beta.github.io/builder/#CV0B+045e42+QWw4CDI36am1b68M0eVRizxvNP
ubg-alkatraz-alkatraz-fallen-melee-non-crafted-1,warrior,Alkatraz,Fallen,non_crafted,family_cancelstack,"[""family_cancelstack""]",solver_default,11235,16369.0693,11235,-83.52,-121.6862,0,34.8494,517.5,159.5,-100,-100,-171,-72,-16,159,231.6584,12.3256,0,25,0,0,0,100,23,6,SUPER_SLOW,SUPER_FAST,4.3,4600,0,0,2,18496.8499,18471.8033,10320.478,21495.5636,5569.5919,21495.5636,55857.4368,40,20,40,25,192,150,80,-40,-40,45,129,630,-40,0,-9,5,https://wynnbuilder-beta.github.io/builder/#CV0B+045e42+QWw4CDI36am1b68M0eVRizxvNP
ubg-alkatraz-alkatraz-fallen-melee-non-crafted-1,warrior,Alkatraz,Fallen,non_crafted,family_cancelstack,"[""family_cancelstack""]",maximum,11235,16369.0693,11235,-72.96,-106.3006,0,34.8494,517.5,159.5,-100,-100,-171,-64,-14,197,287.0233,15.2713,0,25,0,0,0,100,25,6,SUPER_SLOW,SUPER_FAST,4.3,5200,0,0,2,19967.4167,19459.57,10856.3253,22606.0869,5832.7684,22606.0869,58754.7506,40,20,40,25,192,150,80,-40,-40,45,146,700,-40,0,-8,5,https://wynnbuilder-beta.github.io/builder/#CV0B+045e42+QWw4CDI36am1b68M0eVRizxvNP
ubg-apocalypse-apocalypse-fallen-heavy-melee-standard-1,warrior,Apocalypse,Fallen,standard,family_heavy_melee,"[""family_heavy_melee""]",median,18060,58121.7663,58121.7663,0,0,68.9273,0,290,200,-737.1,800,-635,0,-168,1320,4248.1025,862.7451,-16,9,10,6.5359,22,122,2,-49,SUPER_SLOW,SUPER_SLOW,0.51,9360,0,24,2.48,22262.8222,44541.2208,0,21771.2379,5624.2271,44541.2208,71936.6858,32.4,20,35,25,200,70,65,0,145,0,0,4400,0,0,12,5,https://wynnbuilder-beta.github.io/builder/#CV0u2HtJyw0SQ05Ge0Yy4qmmjpRgBzRpF+xyf1
ubg-apocalypse-apocalypse-fallen-heavy-melee-standard-1,warrior,Apocalypse,Fallen,standard,family_heavy_melee,"[""family_heavy_melee""]",upper_quartile_proxy,18060,58121.7663,58121.7663,0,0,68.9273,0,290,200,-692.55,957.5,-635,0,-141,1733,5577.2437,1132.6797,-14,11,13,8.4967,30,130,5,-49,SUPER_SLOW,SUPER_SLOW,0.51,12285,0,32,2.64,27382.202,48698.948,0,23781.53,6146.7498,48698.948,78627.2278,29.6,20,35,25,200,70,65,0,145,0,0,5776,0,0,16,5,https://wynnbuilder-beta.github.io/builder/#CV0u2HtJyw0SQ05Ge0Yy4qmmjpRgBzRpF+xyf1
ubg-apocalypse-apocalypse-fallen-heavy-melee-standard-1,warrior,Apocalypse,Fallen,standard,family_heavy_melee,"[""family_heavy_melee""]",solver_default,18060,58121.7663,58121.7663,0,0,68.9273,0,290,200,-676.35,1020,-635,0,-129,1898,6108.2565,1240.5229,-12,13,16,10.4575,36,136,6,-49,SUPER_SLOW,SUPER_SLOW,0.51,13455,0,35,2.7,29486.6806,50663.246,0,24726.6941,6392.0159,50663.246,81781.956,27.2,20,35,25,200,70,65,0,145,0,0,6326,0,0,18,5,https://wynnbuilder-beta.github.io/builder/#CV0u2HtJyw0SQ05Ge0Yy4qmmjpRgBzRpF+xyf1
ubg-apocalypse-apocalypse-fallen-heavy-melee-standard-1,warrior,Apocalypse,Fallen,standard,family_heavy_melee,"[""family_heavy_melee""]",maximum,18060,58121.7663,58121.7663,0,0,68.9273,0,290,200,-652.05,1112.5,-635,0,-113,2145,6903.1666,1401.9608,-12,13,16,10.4575,36,136,7,-49,SUPER_SLOW,SUPER_SLOW,0.51,15210,0,39,2.78,32574.9,53267.413,0,25980.2926,6716.5754,53267.413,85964.281,27.2,20,35,25,200,70,65,0,145,0,0,7150,0,0,20,5,https://wynnbuilder-beta.github.io/builder/#CV0u2HtJyw0SQ05Ge0Yy4qmmjpRgBzRpF+xyf1
ubg-ascendancy-ascendancy-paladin-big-mac-non-crafted-1,warrior,Ascendancy,Paladin,non_crafted,family_cancelstack,"[""family_cancelstack""]",median,6016,19678.73,11878.4874,1415.88,4631.4362,46.6882,48.7897,0,-297.5,413.1,767.2,930.6,1026,38,0,0,0,10,35,-8,-1.0667,-20,136,41,0,FAST,FAST,2.5,0,13,0,2,949.4602,7309.5439,0,8759.184,5639.6108,8759.184,21708.3387,22.7038,2.9736,19.4604,11.8505,174,-293,-293,81,75,70,11,53,34,269,0,5,https://wynnbuilder.github.io/builder/#CW0XJnDJGI4OQG05gsHhJM1mTpRSmr0qlTVl9oTK3
ubg-ascendancy-ascendancy-paladin-big-mac-non-crafted-1,warrior,Ascendancy,Paladin,non_crafted,family_cancelstack,"[""family_cancelstack""]",upper_quartile_proxy,6184,20228.269,12210.2004,2017.5,6599.3746,46.6882,48.7897,0,-267.5,474.3,935.2,1135.05,1345,50,0,0,0,15,40,-7,-0.9333,-17,139,47,0,FAST,FAST,2.5,0,17,0,2,1091.1237,8705.9989,0,10395.6439,6538.1171,10395.6439,25639.7599,22.7038,1,19.4604,10.6562,174,-293,-293,81,75,70,15,69,41,353,0,5,https://wynnbuilder.github.io/builder/#CW0XJnDJGI4OQG05gsHhJM1mTpRSmr0qlTVl9oTK3
ubg-ascendancy-ascendancy-paladin-big-mac-non-crafted-1,warrior,Ascendancy,Paladin,non_crafted,family_cancelstack,"[""family_cancelstack""]",solver_default,6251,20447.4304,12342.4908,2283.15,7468.3332,46.6882,48.7897,0,-257.5,494.7,996.8,1205.55,1473,55,0,0,0,20,45,-6,-0.8,-14,142,49,0,FAST,FAST,2.5,0,19,0,2,1143.2477,9228.3464,0,11007.9089,6875.589,11007.9089,27111.8443,22.7038,1,19.4604,9.604,174,-293,-293,81,75,70,16,75,43,386,0,5,https://wynnbuilder.github.io/builder/#CW0XJnDJGI4OQG05gsHhJM1mTpRSmr0qlTVl9oTK3
ubg-ascendancy-ascendancy-paladin-big-mac-non-crafted-1,warrior,Ascendancy,Paladin,non_crafted,family_cancelstack,"[""family_cancelstack""]",maximum,6352,20777.8081,12541.9135,2697.3,8823.045,46.6882,48.7897,0,-237.5,535.5,1097.6,1325.4,1665,62,0,0,0,20,45,-6,-0.8,-14,142,53,0,FAST,FAST,2.5,0,21,0,2,1226.2092,10057.0589,0,11979.6839,7407.4208,11979.6839,29444.1636,22.7038,1,19.4604,9.604,174,-293,-293,81,75,70,18,85,47,436,0,5,https://wynnbuilder.github.io/builder/#CW0XJnDJGI4OQG05gsHhJM1mTpRSmr0qlTVl9oTK3
ubg-bloodbath-bloodbath-fallen-upperbash-non-crafted-1,warrior,Bloodbath,Fallen,non_crafted,family_spell_sustained,"[""family_spell_sustained""]",median,6310,6310,6310,0,0,0,0,-162.5,498.75,63,0,0,0,-9,493,493,109.5556,-136,-111,8,1.7778,0,142,82,0,SLOW,SLOW,1.5,11577,-10,0,2,3905.924,27757.1683,0,47826.8064,9643.7009,47826.8064,85227.6756,11.0301,15.015,28.0481,18.3584,186,110,130,55,-37,-30,50,0,76,394,0,5,https://wynnbuilder-beta.github.io/builder/#CV0G7Qu8GiXJwa6EhLQu8e11DuRa3aOoh1dy10-RJVylpE60
ubg-bloodbath-bloodbath-fallen-upperbash-non-crafted-1,warrior,Bloodbath,Fallen,non_crafted,family_spell_sustained,"[""family_spell_sustained""]",upper_quartile_proxy,6910,6910,6910,0,0,0,0,-156,498.75,63,0,0,0,-7,646,646,143.5556,-115,-90,12,2.6667,0,142,94,0,SLOW,SLOW,1.5,12539,-8,0,2,4065.1139,30483.188,0,52605.7543,10651.0528,52605.7543,93739.9951,8.0301,15.015,25.6481,18.3584,186,110,130,55,-37,-30,50,0,83,517,0,5,https://wynnbuilder-beta.github.io/builder/#CV0G7Qu8GiXJwa6EhLQu8e11DuRa3aOoh1dy10-RJVylpE60
ubg-bloodbath-bloodbath-fallen-upperbash-non-crafted-1,warrior,Bloodbath,Fallen,non_crafted,family_spell_sustained,"[""family_spell_sustained""]",solver_default,7150,7150,7150,0,0,0,0,-154.7,498.75,63,0,0,0,-7,708,708,157.3333,-95,-70,16,3.5556,0,142,99,0,SLOW,SLOW,1.5,12923,-8,0,2,4121.3494,31554.7288,0,54455.9035,11041.6786,54455.9035,97052.3109,4.0301,14.015,23.2481,18.3584,186,110,130,55,-37,-30,50,0,86,565,0,5,https://wynnbuilder-beta.github.io/builder/#CV0G7Qu8GiXJwa6EhLQu8e11DuRa3aOoh1dy10-RJVylpE60
ubg-bloodbath-bloodbath-fallen-upperbash-non-crafted-1,warrior,Bloodbath,Fallen,non_crafted,family_spell_sustained,"[""family_spell_sustained""]",maximum,7510,7510,7510,0,0,0,0,-150.8,498.75,63,0,0,0,-6,800,800,177.7778,-95,-70,16,3.5556,0,142,106,0,SLOW,SLOW,1.5,13500,-7,0,2,4212.9438,33217.4191,0,57372.2793,11656.3468,57372.2793,102246.0452,4.0301,14.015,23.2481,18.3584,186,110,130,55,-37,-30,50,0,91,638,0,5,https://wynnbuilder-beta.github.io/builder/#CV0G7Qu8GiXJwa6EhLQu8e11DuRa3aOoh1dy10-RJVylpE60
ubg-collapse-collapse-fallen-upperscream-standard-1,warrior,Collapse,Fallen,standard,family_spell_sustained,"[""family_spell_sustained""]",median,15760,35765.2315,25099.3531,271,614.9986,37.2095,35.471,459,627.3,581.4,627.3,459,271,0,168,381.2537,109.8039,22,47,2,1.3072,32,169,-6,0,SUPER_SLOW,SUPER_SLOW,0.51,0,0,0,2,6741.7688,17471.7703,0,26035.9377,19565.837,26035.9377,63073.545,30.7647,19.3824,32.3029,15.3329,158,91,55,46,55,46,53,0,11,0,0,5,https://wynnbuilder-beta.github.io/builder/#CV013HxGiK4lGHgJITI15YFYdc6SS98H0qlrzVdDH2B
ubg-collapse-collapse-fallen-upperscream-standard-1,warrior,Collapse,Fallen,standard,family_spell_sustained,"[""family_spell_sustained""]",upper_quartile_proxy,15760,35765.2315,25099.3531,430,975.828,37.2095,35.471,594,811.8,752.4,811.8,594,430,0,221,501.5302,144.4444,30,55,9,5.8824,42,179,5,0,SUPER_SLOW,SUPER_SLOW,0.51,0,0,0,2,7426.5136,20092.9139,0,29951.2133,22535.0528,29951.2133,72579.18,30.7647,19.3824,32.3029,13.956,158,91,55,46,55,46,69,0,14,0,0,5,https://wynnbuilder-beta.github.io/builder/#CV013HxGiK4lGHgJITI15YFYdc6SS98H0qlrzVdDH2B
ubg-collapse-collapse-fallen-upperscream-standard-1,warrior,Collapse,Fallen,standard,family_spell_sustained,"[""family_spell_sustained""]",solver_default,15760,35765.2315,25099.3531,496,1125.6063,37.2095,35.471,648,885.6,820.8,885.6,648,496,0,242,549.1869,158.1699,36,61,15,9.8039,52,189,8,0,SUPER_SLOW,SUPER_SLOW,0.51,0,0,0,2,7669.2062,21173.665,0,31565.5229,23759.4718,31565.5229,76498.6597,30.7647,18.3824,32.3029,12.4869,158,91,55,46,55,46,75,0,15,0,0,5,https://wynnbuilder-beta.github.io/builder/#CV013HxGiK4lGHgJITI15YFYdc6SS98H0qlrzVdDH2B
ubg-collapse-collapse-fallen-upperscream-standard-1,warrior,Collapse,Fallen,standard,family_spell_sustained,"[""family_spell_sustained""]",maximum,15760,35765.2315,25099.3531,592,1343.4655,37.2095,35.471,729,996.3,923.4,996.3,729,592,0,273,619.5373,178.4314,36,61,15,9.8039,52,189,15,0,SUPER_SLOW,SUPER_SLOW,0.51,0,0,0,2,8079.1547,22770.657,0,33950.9726,25568.6204,33950.9726,82290.25,30.7647,18.3824,32.3029,12.4869,158,91,55,46,55,46,85,0,17,0,0,5,https://wynnbuilder-beta.github.io/builder/#CV013HxGiK4lGHgJITI15YFYdc6SS98H0qlrzVdDH2B
ubg-convergence-convergence-fallen-upperbash-standard-1,warrior,Convergence,Fallen,standard,family_spell_sustained,"[""family_spell_sustained""]",median,13535,26179.0053,25388.391,0,0,46.6882,3.7173,95,-50,130,200,-142,0,47,-324,-626.6714,-130.1205,-25,0,-19,-7.6305,0,150,62,-2,NORMAL,VERY_SLOW,0.83,0,7,0,2,1720.6578,19517.2472,10967.7228,33160.6115,6948.8311,33160.6115,70594.4126,18.57,14.285,23.9497,17.1417,198,68,60,69,75,4,11,0,23,633,0,5,https://wynnbuilder-beta.github.io/builder/#CV0G7WM3me0bEHbHgCI15WX2Fk6Sq70ylDz+xiZX1
ubg-convergence-convergence-fallen-upperbash-standard-1,warrior,Convergence,Fallen,standard,family_spell_sustained,"[""family_spell_sustained""]",upper_quartile_proxy,13535,26179.0053,25388.391,0,0,46.6882,3.7173,95,-50,130,200,-126,0,54,-276,-533.8312,-110.8434,-22,3,-16,-6.4257,0,150,72,-2,NORMAL,VERY_SLOW,0.83,0,11,0,2,1842.2776,20861.2213,11633.5086,35527.3022,7320.8601,35527.3022,75342.8922,18.57,14.285,20.7756,17.1417,198,68,60,69,75,4,15,0,26,674,0,5,https://wynnbuilder-beta.github.io/builder/#CV0G7WM3me0bEHbHgCI15WX2Fk6Sq70ylDz+xiZX1
ubg-convergence-convergence-fallen-upperbash-standard-1,warrior,Convergence,Fallen,standard,family_spell_sustained,"[""family_spell_sustained""]",solver_default,13535,26179.0053,25388.391,0,0,46.6882,3.7173,95,-50,130,200,-118,0,57,-256,-495.1478,-102.8112,-20,5,-13,-5.2209,0,150,76,-2,NORMAL,VERY_SLOW,0.83,0,13,0,2,1889.7932,21413.5576,11904.3137,36501.3007,7470.285,36501.3007,77289.457,18.57,14.285,17.313,17.1417,198,68,60,69,75,4,16,0,27,690,0,5,https://wynnbuilder-beta.github.io/builder/#CV0G7WM3me0bEHbHgCI15WX2Fk6Sq70ylDz+xiZX1
ubg-convergence-convergence-fallen-upperbash-standard-1,warrior,Convergence,Fallen,standard,family_spell_sustained,"[""family_spell_sustained""]",maximum,13535,26179.0053,25388.391,0,0,46.6882,3.7173,95,-50,130,200,-108,0,61,-227,-439.0568,-91.1647,-20,5,-13,-5.2209,0,150,82,-2,NORMAL,VERY_SLOW,0.83,0,15,0,2,1956.8252,22152.1356,12268.002,37802.9358,7672.0733,37802.9358,79895.1467,18.57,14.285,17.313,17.1417,198,68,60,69,75,4,18,0,28,715,0,5,https://wynnbuilder-beta.github.io/builder/#CV0G7WM3me0bEHbHgCI15WX2Fk6Sq70ylDz+xiZX1
ubg-forsaken-forsaken-fallen-upperscream-standard-1,warrior,Forsaken,Fallen,standard,family_spell_sustained,"[""family_spell_sustained""]",median,12910,29249.2719,14190.9258,269.5,610.587,9.0264,57.8408,-520,150.5,98,-130,364,350,-23,0,0,0,-46,-21,19,2.043,0,151,137,0,VERY_FAST,VERY_FAST,3.1,0,0,0,2,1111.9235,17785.8852,0,30343.8754,6977.883,30343.8754,55107.6436,20.4728,18.2364,21.8376,12.8016,192,35,50,70,11,90,-35,145,16,709,0,5,https://wynnbuilder.github.io/builder/#CW0cFHuJWi3-v0nE8snVCEGI3ZYSk20ylDzn-ExO0
ubg-forsaken-forsaken-fallen-upperscream-standard-1,warrior,Forsaken,Fallen,standard,family_spell_sustained,"[""family_spell_sustained""]",upper_quartile_proxy,12910,29249.2719,14190.9258,283.5,642.3059,9.0264,57.8408,-520,150.5,98,-130,364,350,-19,0,0,0,-43,-18,20,2.1505,0,151,144,0,VERY_FAST,VERY_FAST,3.1,0,0,0,2,1355.7751,19732.289,0,33655.6439,7749.2942,33655.6439,61137.2271,20.4728,17.2364,21.8376,11.9516,192,35,50,70,11,90,-35,245,22,867,0,5,https://wynnbuilder.github.io/builder/#CW0cFHuJWi3-v0nE8snVCEGI3ZYSk20ylDzn-ExO0
ubg-forsaken-forsaken-fallen-upperscream-standard-1,warrior,Forsaken,Fallen,standard,family_spell_sustained,"[""family_spell_sustained""]",solver_default,12910,29249.2719,14190.9258,287,650.2356,9.0264,57.8408,-520,150.5,98,-130,364,350,-18,0,0,0,-40,-15,21,2.2581,0,151,147,0,VERY_FAST,VERY_FAST,3.1,0,0,0,2,1448.8975,20456.5235,0,34890.4212,8035.2518,34890.4212,63382.1965,20.4728,16.2364,21.8376,11.1016,192,35,50,70,11,90,-35,285,24,931,0,5,https://wynnbuilder.github.io/builder/#CW0cFHuJWi3-v0nE8snVCEGI3ZYSk20ylDzn-ExO0
ubg-forsaken-forsaken-fallen-upperscream-standard-1,warrior,Forsaken,Fallen,standard,family_spell_sustained,"[""family_spell_sustained""]",maximum,12910,29249.2719,14190.9258,294,666.095,9.0264,57.8408,-520,150.5,98,-130,364,350,-16,0,0,0,-40,-15,21,2.2581,0,151,151,0,VERY_FAST,VERY_FAST,3.1,0,0,0,2,1598.6379,21568.4481,0,36780.3068,8476.2807,36780.3068,66825.0356,20.4728,16.2364,21.8376,11.1016,192,35,50,70,11,90,-35,346,26,1026,0,5,https://wynnbuilder.github.io/builder/#CW0cFHuJWi3-v0nE8snVCEGI3ZYSk20ylDzn-ExO0
ubg-hero-hero-fallen-upperscream-non-crafted-1,warrior,Hero,Fallen,non_crafted,family_spell_sustained,"[""family_spell_sustained""]",median,8255,25955.9492,8692.863,0,0,5.037,74.3372,130,215,40,140,1083,0,-23,0,0,0,-6,19,8,0.8602,0,135,165,0,VERY_FAST,VERY_FAST,3.1,0,0,0,2,4910.022,19408.4944,0,22747.9712,21567.5637,22747.9712,63724.0293,31.0899,15.545,28.5639,12.2417,196,82,60,44,6,140,-38,1521,0,203,0,5,https://wynnbuilder-beta.github.io/builder/#CV0W9GuJ8t2uQG862nmoHEGIhcYu8G0eVhx-ER2ZE
ubg-hero-hero-fallen-upperscream-non-crafted-1,warrior,Hero,Fallen,non_crafted,family_spell_sustained,"[""family_spell_sustained""]",upper_quartile_proxy,8630,27135.0504,9087.7538,0,0,5.037,74.3372,130,215,40,140,1083,0,-11,0,0,0,-5,20,11,1.1828,0,135,192,0,VERY_FAST,VERY_FAST,3.1,0,0,0,2,5771.8078,20922.7367,0,24486.34,23254.8091,24486.34,68663.8858,31.0899,15.545,28.5639,10.8815,196,82,60,44,6,140,-17,1813,0,267,0,5,https://wynnbuilder-beta.github.io/builder/#CV0W9GuJ8t2uQG862nmoHEGIhcYu8G0eVhx-ER2ZE
ubg-hero-hero-fallen-upperscream-non-crafted-1,warrior,Hero,Fallen,non_crafted,family_spell_sustained,"[""family_spell_sustained""]",solver_default,8780,27606.6909,9245.7102,0,0,5.037,74.3372,130,215,40,140,1083,0,-8,0,0,0,-4,21,13,1.3978,0,135,202,0,VERY_FAST,VERY_FAST,3.1,0,0,0,2,6111.1679,21511.7091,0,25161.7865,23910.5704,25161.7865,70584.066,31.0899,15.545,28.5639,9.5213,196,82,60,44,6,140,-9,1929,0,292,0,5,https://wynnbuilder-beta.github.io/builder/#CV0W9GuJ8t2uQG862nmoHEGIhcYu8G0eVhx-ER2ZE
ubg-hero-hero-fallen-upperscream-non-crafted-1,warrior,Hero,Fallen,non_crafted,family_spell_sustained,"[""family_spell_sustained""]",maximum,9005,28314.1517,9482.6447,0,0,5.037,74.3372,130,215,40,140,1083,0,-1,0,0,0,-4,21,13,1.3978,0,135,218,0,VERY_FAST,VERY_FAST,3.1,0,0,0,2,6633.5937,22470.891,0,26262.0752,24981.6922,26262.0752,73714.6584,31.0899,15.545,28.5639,9.5213,196,82,60,44,6,140,3,2105,0,330,0,5,https://wynnbuilder-beta.github.io/builder/#CV0W9GuJ8t2uQG862nmoHEGIhcYu8G0eVhx-ER2ZE
ubg-idol-idol-surf-lootrun-3,warrior,Idol,,lootrun,family_spellsteal,"[""family_lootrun"",""family_spellsteal""]",median,15110,34632.7941,33858.4121,1141,2615.2229,50.4144,2.8008,75,23,862.4,498.8,75,1141,0,-250,-573.0112,-40.6504,64,89,0,0,62,241,6,0,NORMAL,NORMAL,2.05,0,-30,0,1,1003.3284,15631.5826,10549.0377,8501.8248,11112.7027,15631.5826,45795.1478,20.2511,1,15.1883,15.8448,181,3,41,146,84,3,-44,0,-8,397,0,56,https://wynnbuilder-beta.github.io/builder/#CV0Q0nd6GI4sQmu3iD2hJkmmwqKSQ10qUyvPts8XU
ubg-idol-idol-surf-lootrun-3,warrior,Idol,,lootrun,family_spellsteal,"[""family_lootrun"",""family_spellsteal""]",upper_quartile_proxy,15110,34632.7941,33858.4121,1497,3431.1908,50.4144,2.8008,75,23,952,520.3,75,1497,0,-212,-485.9135,-34.4715,81,106,0,0,81,260,8,0,NORMAL,NORMAL,2.05,0,-25,0,1,1122.8628,18015.0325,12071.9303,9775.3676,12937.9531,18015.0325,52800.2835,20.2511,1,15.1883,14.0972,181,3,41,146,84,3,-38,0,0,504,0,74,https://wynnbuilder-beta.github.io/builder/#CV0Q0nd6GI4sQmu3iD2hJkmmwqKSQ10qUyvPts8XU
ubg-idol-idol-surf-lootrun-3,warrior,Idol,,lootrun,family_spellsteal,"[""family_lootrun"",""family_spellsteal""]",solver_default,15110,34632.7941,33858.4121,1640,3758.9532,50.4144,2.8008,75,23,991.2,528.9,75,1640,0,-197,-451.5328,-32.0325,96,121,0,0,100,279,9,0,NORMAL,NORMAL,2.05,0,-24,0,1,1173.2855,19089.5194,12707.4156,10347.7,13696.4814,19089.5194,55841.1164,20.2511,1,15.1883,12.3278,181,3,41,146,84,3,-35,0,4,546,0,81,https://wynnbuilder-beta.github.io/builder/#CV0Q0nd6GI4sQmu3iD2hJkmmwqKSQ10qUyvPts8XU
ubg-idol-idol-surf-lootrun-3,warrior,Idol,,lootrun,family_spellsteal,"[""family_lootrun"",""family_spellsteal""]",maximum,15110,34632.7941,33858.4121,1853,4247.1587,50.4144,2.8008,75,23,1047.2,541.8,75,1853,0,-175,-401.1078,-28.4553,96,121,0,0,100,279,10,0,NORMAL,NORMAL,2.05,0,-21,0,1,1244.2208,20636.9473,13614.8576,11233.5966,14786.6408,20636.9473,60272.0423,20.2511,1,15.1883,12.3278,181,3,41,146,84,3,-31,0,9,610,0,91,https://wynnbuilder-beta.github.io/builder/#CV0Q0nd6GI4sQmu3iD2hJkmmwqKSQ10qUyvPts8XU
ubg-restitution-restitution-fallen-upperscream-non-crafted-1,warrior,Restitution,Fallen,non_crafted,family_spell_sustained,"[""family_spell_sustained""]",median,8378,15512.7995,13904.4516,0,0,39.7459,12.431,-97.5,270,-185,-150,-305,0,-9,-324,-599.9221,-52.6829,-13,12,-9,-1.4634,0,156,73,0,NORMAL,NORMAL,2.05,0,0,0,2,2268.8757,37006.66,0,30050.3395,22675.5793,37006.66,89732.5788,26.0644,9.7741,20.8063,16.2902,190,68,85,80,60,14,11,265,43,415,0,5,https://wynnbuilder-beta.github.io/builder/#CV0G7WM3Wi3d-Wl4ybG15EGospDSA506gNDQ-VwVdDYv20
ubg-restitution-restitution-fallen-upperscream-non-crafted-1,warrior,Restitution,Fallen,non_crafted,family_spell_sustained,"[""family_spell_sustained""]",upper_quartile_proxy,8906,16490.4502,14780.7408,0,0,39.7459,12.431,-93.75,270,-185,-150,-305,0,-7,-276,-511.0447,-44.878,-4,21,-6,-0.9756,0,156,88,0,NORMAL,NORMAL,2.05,0,0,0,2,2578.0778,41466.372,0,33765.0224,25332.9371,41466.372,100564.3315,26.0644,9.7741,19.8063,16.2902,190,68,85,80,60,14,15,347,50,543,0,5,https://wynnbuilder-beta.github.io/builder/#CV0G7WM3Wi3d-Wl4ybG15EGospDSA506gNDQ-VwVdDYv20
ubg-restitution-restitution-fallen-upperscream-non-crafted-1,warrior,Restitution,Fallen,non_crafted,family_spell_sustained,"[""family_spell_sustained""]",solver_default,9118,16882.9918,15132.5841,0,0,39.7459,12.431,-93,270,-185,-150,-305,0,-7,-256,-474.0125,-41.626,4,29,-3,-0.4878,0,156,93,0,NORMAL,NORMAL,2.05,0,0,0,2,2694.1638,42985.8304,0,35018.9611,26229.9707,42985.8304,104234.7622,26.0644,9.7741,18.8063,16.2902,190,68,85,80,60,14,16,380,51,593,0,5,https://wynnbuilder-beta.github.io/builder/#CV0G7WM3Wi3d-Wl4ybG15EGospDSA506gNDQ-VwVdDYv20
ubg-restitution-restitution-fallen-upperscream-non-crafted-1,warrior,Restitution,Fallen,non_crafted,family_spell_sustained,"[""family_spell_sustained""]",maximum,9435,17469.9526,15658.6895,0,0,39.7459,12.431,-90.75,270,-185,-150,-305,0,-6,-227,-420.3158,-36.9106,4,29,-3,-0.4878,0,156,103,0,NORMAL,NORMAL,2.05,0,0,0,2,2875.0577,45506.1247,0,37120.4338,27732.471,45506.1247,110359.0295,26.0644,9.7741,18.8063,16.2902,190,68,85,80,60,14,18,430,54,671,0,5,https://wynnbuilder-beta.github.io/builder/#CV0G7WM3Wi3d-Wl4ybG15EGospDSA506gNDQ-VwVdDYv20
ubg-thrundacrack-thrundacrack-fallen-bash-cut-non-crafted-1,warrior,Thrundacrack,Fallen,non_crafted,family_spell_sustained,"[""family_spell_sustained""]",median,10835,10835,10835,0,0,0,0,195,603.75,-218.5,20,-180,0,-60,-324,-324,-34.8387,-34,-9,-1,-0.1075,0,136,93,0,VERY_FAST,VERY_FAST,3.1,8500,0,0,2,2206.7494,28879.2394,0,50260.4135,9830.043,50260.4135,88969.6959,20.1949,15.5975,29.9119,19.3291,165,68,141,45,-30,-30,61,0,100,241,0,5,https://wynnbuilder-beta.github.io/builder/#CV0G7WM3aE1hLWW64q066mlnkcDuiCuZ0uVRwZ-Tsn0
ubg-thrundacrack-thrundacrack-fallen-bash-cut-non-crafted-1,warrior,Thrundacrack,Fallen,non_crafted,family_spell_sustained,"[""family_spell_sustained""]",upper_quartile_proxy,10835,10835,10835,0,0,0,0,208,603.75,-218.5,20,-180,0,-51,-276,-276,-29.6774,-28,-3,3,0.3226,0,136,108,0,VERY_FAST,VERY_FAST,3.1,8500,0,0,2,2375.3354,31691.1828,0,55220.3616,10774.9389,55220.3616,97686.4833,19.1949,15.5975,27.5119,19.3291,165,68,141,45,-30,-30,65,0,112,298,0,5,https://wynnbuilder-beta.github.io/builder/#CV0G7WM3aE1hLWW64q066mlnkcDuiCuZ0uVRwZ-Tsn0
ubg-thrundacrack-thrundacrack-fallen-bash-cut-non-crafted-1,warrior,Thrundacrack,Fallen,non_crafted,family_spell_sustained,"[""family_spell_sustained""]",solver_default,10835,10835,10835,0,0,0,0,210.6,603.75,-218.5,20,-180,0,-47,-256,-256,-27.5269,-24,1,6,0.6452,0,136,115,0,VERY_FAST,VERY_FAST,3.1,8500,0,0,2,2427.6553,32720.1222,0,57013.422,11121.1576,57013.422,100854.7018,18.1949,14.5975,25.1119,19.3291,165,68,141,45,-30,-30,66,0,117,320,0,5,https://wynnbuilder-beta.github.io/builder/#CV0G7WM3aE1hLWW64q066mlnkcDuiCuZ0uVRwZ-Tsn0
ubg-thrundacrack-thrundacrack-fallen-bash-cut-non-crafted-1,warrior,Thrundacrack,Fallen,non_crafted,family_spell_sustained,"[""family_spell_sustained""]",maximum,10835,10835,10835,0,0,0,0,218.4,603.75,-218.5,20,-180,0,-42,-227,-227,-24.4086,-24,1,6,0.6452,0,136,124,0,VERY_FAST,VERY_FAST,3.1,8500,0,0,2,2526.4816,34441.8973,0,60054.7823,11704.4587,60054.7823,106201.1383,18.1949,14.5975,25.1119,19.3291,165,68,141,45,-30,-30,68,0,125,353,0,5,https://wynnbuilder-beta.github.io/builder/#CV0G7WM3aE1hLWW64q066mlnkcDuiCuZ0uVRwZ-Tsn0
ubg-trikaya-trikaya-battlemonk-standard-1,warrior,Trikaya,Battle Monk,standard,family_unclassified,[],median,16660,34482.1232,33701.9413,226,467.7647,47.9649,2.8008,75,-75,670,527.8,-92.25,226,0,-250,-517.4388,-40.6504,31,56,12,1.9512,62,230,1,0,NORMAL,NORMAL,2.05,0,-30,0,1,0,17369.9777,13161.3294,10699.3455,15137.2276,17369.9777,56367.8802,29.9817,5.6181,21.3635,11.3635,191,53,3,110,78,3,0,-1090,30,0,11,0,https://wynnbuilder.github.io/builder/#CW0Q010HGI4l51wE6e056OFIkpKSa10qUy5jnOp4BO3
ubg-trikaya-trikaya-battlemonk-standard-1,warrior,Trikaya,Battle Monk,standard,family_unclassified,[],upper_quartile_proxy,16660,34482.1232,33701.9413,461,954.1572,47.9649,2.8008,75,-75,670,550.55,-89.25,461,0,-212,-438.7881,-34.4715,38,63,12,1.9512,81,249,4,0,NORMAL,NORMAL,2.05,0,-25,0,1,1.9856,20568.9231,15370.8802,12605.5787,17887.944,20568.9231,66433.326,28.9817,3.6181,20.3635,10.3635,191,53,3,110,78,3,0,-926,37,0,15,0,https://wynnbuilder.github.io/builder/#CW0Q010HGI4l51wE6e056OFIkpKSa10qUy5jnOp4BO3
ubg-trikaya-trikaya-battlemonk-standard-1,warrior,Trikaya,Battle Monk,standard,family_unclassified,[],solver_default,16660,34482.1232,33701.9413,555,1148.7142,47.9649,2.8008,75,-75,670,559.65,-88.5,555,0,-197,-407.7418,-32.0325,43,68,12,1.9512,100,268,5,0,NORMAL,NORMAL,2.05,0,-24,0,1,114.2122,21901.8399,16270.6127,13375.7752,18996.091,21901.8399,70544.3188,27.9817,2.6181,19.3635,9.3635,191,53,3,110,78,3,0,-861,40,0,16,0,https://wynnbuilder.github.io/builder/#CW0Q010HGI4l51wE6e056OFIkpKSa10qUy5jnOp4BO3
ubg-trikaya-trikaya-battlemonk-standard-1,warrior,Trikaya,Battle Monk,standard,family_unclassified,[],maximum,16660,34482.1232,33701.9413,696,1440.5497,47.9649,2.8008,75,-75,670,573.3,-87,696,0,-175,-362.2072,-28.4553,43,68,12,1.9512,100,268,7,0,NORMAL,NORMAL,2.05,0,-21,0,1,339.8206,23842.7751,17562.7648,14518.398,20608.293,23842.7751,76532.2309,27.9817,2.6181,19.3635,9.3635,191,53,3,110,78,3,0,-763,44,0,18,0,https://wynnbuilder.github.io/builder/#CW0Q010HGI4l51wE6e056OFIkpKSa10qUy5jnOp4BO3
