scope,group,roll_profile,build_count,metric,n,min,p10,p25,median,p75,p90,max,mean,sample_sd,mad
class,archer,median,11,total_hp,11,12510,12785,13450.5,15785,17172.5,18385,22735,15764.7273,3097.1272,2550
class,archer,median,11,ehp,11,9623.0769,12142.3077,13615.9356,20692.7247,34241.3291,39732.1074,52103.2128,25370.5543,13618.4008,8550.417
class,archer,median,11,ehp_no_agi,11,9623.0769,9834.6154,11689.6121,14427.2581,21614.9291,39732.1074,50387.6073,19885.7851,13348.797,4592.6427
class,archer,median,11,hpr,11,-759.9,-343.2,-280.8,0,178.055,612.72,851.81,-4.8509,454.0311,269
class,archer,median,11,ehpr,11,-1513.5866,-493.3973,-216,0,335.4421,1327.7697,1952.1459,122.8015,911.2079,245.4192
class,archer,median,11,ls,11,-550,-282,-75,168,448,550,730,153.4545,391.1011,318
class,archer,median,11,effective_ls,11,-811.1324,-325.0513,-108.4615,344.4786,492.3077,759.0727,812.4625,174.938,496.5139,344.4786
class,archer,median,11,mr,11,-21,-10,-6,7,24.5,30,34,8.3636,18.5271,16
class,archer,median,11,total_mr,11,4,15,19,32,49.5,55,59,33.3636,18.5271,16
class,archer,median,11,ms,11,-20,-12,0,16,22,39,58,14.1818,22.2568,16
class,archer,median,11,mana_per_hit,11,-13.0719,-1.9512,0,1.5504,11.7647,25.4902,37.9085,7.0714,14.2566,3.5016
class,archer,median,11,total_mana,11,87,100,134.5,146,200,201,279,162.2727,54.5034,46
class,archer,median,11,walk_speed,11,-42,-33,-30.5,-3,0,22,167,2.7273,57.805,25
class,archer,median,11,attack_tier,11,-67,-15,-9.5,-3,-0.5,0,2,-9.9091,19.6492,3
class,archer,median,11,attacks_per_second,11,0.51,0.51,0.51,0.51,2.05,4.3,4.3,1.4791,1.5212,0
class,archer,median,11,poison,11,0,0,0,0,0,5733,8500,1293.9091,2944.5047,0
class,archer,median,11,main_attack_range_pct,11,-50,-24,-14,0,0,0,22,-7.2727,18.5531,0
class,archer,median,11,main_attack_range_blocks,11,3,5.52,6.66,8.8,11,11,11,8.5455,2.7948,2.2
class,archer,median,11,main_attack_dps,11,1050.5115,1667.6849,3132.6443,4675.8474,7938.3259,10232.443,11981.7992,5696.6491,3557.7229,2571.924
class,archer,median,11,spell_display_avg_max,11,21795.3879,23106.0936,26823.0655,31907.538,95063.3497,138869.1221,204738.8428,66164.2957,60715.3005,8801.4444
class,archer,median,11,spell_display_avg_sum,11,49147.6429,57159.3229,64993.8934,76709.8692,141941.2585,220232.1858,299228.7079,115651.1171,79934.7615,19550.5463
class,archer,median,11,heal_pct,11,-60,-18,0,0,0,0,0,-7.0909,18.36,0
class,archer,median,11,skill_points_assigned,11,148,158,173,182,192.5,195,196,179.3636,15.5645,11
family,family_unclassified,median,36,total_hp,36,6585,10872.5,12930,14011.5,16491.25,19685,22735,14774.1389,3716.8906,1675
family,family_unclassified,median,36,ehp,36,9894.8535,12684.9511,16789.7901,25219.5394,36765.6633,52412.4121,61133.1553,28846.4237,14424.3998,10338.6858
family,family_unclassified,median,36,ehp_no_agi,36,6611.4932,11445.5416,13961.6865,17234.2702,23884.0761,51554.6093,61133.1553,22987.7149,15065.6886,4748.2899
family,family_unclassified,median,36,hpr,36,-992.5,-590.99,-352.155,0,139.2525,339.35,851.81,-79.215,402.2782,247.5
family,family_unclassified,median,36,ehpr,36,-3246.9749,-1086.7821,-503.678,0,352.9238,598.5886,1952.1459,-152.1117,958.6587,376.0475
family,family_unclassified,median,36,ls,36,-900,-278,0,134,376,656,1000,142,397.8316,226
family,family_unclassified,median,36,effective_ls,36,-1527.6486,-612.7652,0,295.0178,721.5201,1239.0101,1952.0343,292.0099,733.3189,346.5
family,family_unclassified,median,36,mr,36,-33,-12.5,0,10.5,22.5,30.5,34,9.3889,17.3127,11
family,family_unclassified,median,36,total_mr,36,-8,12.5,25,35.5,47.5,55.5,59,34.3889,17.3127,11
family,family_unclassified,median,36,ms,36,-32,-12,0,12,19.5,27,61,10.2778,18.881,12
family,family_unclassified,median,36,mana_per_hit,36,-13.0719,-6.8627,0,1.7756,10.7876,16.0131,25.4902,4.0022,8.7933,3.2163
family,family_unclassified,median,36,total_mana,36,92,100,141.5,158,199.5,207.5,279,164.9444,43.0315,36.5
family,family_unclassified,median,36,walk_speed,36,-86,-43,-33,-14.5,2.25,49,179,-4.3889,46.6704,18.5
family,family_unclassified,median,36,attack_tier,36,-67,-7.5,-3.25,0,0,0,16,-3.4722,11.814,0.5
family,family_unclassified,median,36,attacks_per_second,36,0.51,0.51,0.51,0.83,2.05,3.1,4.3,1.3975,1.1276,0.32
family,family_unclassified,median,36,poison,36,-12000,0,0,0,0,25,20191,167.0556,4610.123,0
family,family_unclassified,median,36,main_attack_range_pct,36,-50,-20,0,0,0,0,101,-2,21.224,0
family,family_unclassified,median,36,main_attack_range_blocks,32,0.8,1,1.85,4,11,24.9005,32.25,7.6742,9.5879,3
family,family_unclassified,median,36,main_attack_dps,36,0,951.7506,1455.9965,2880.9038,5049.1961,6694.1701,13241.7974,3587.0161,2804.397,1786.0976
family,family_unclassified,median,36,spell_display_avg_max,36,11399.3696,15259.7398,19872.756,26823.0655,45114.1205,80391.7061,148248.7998,39409.0844,31948.8319,9628.0049
family,family_unclassified,median,36,spell_display_avg_sum,36,25001.7245,31106.7864,35877.4226,49844.8457,84621.1936,118722.9706,233023.693,66978.3488,45482.1955,17312.3625
family,family_unclassified,median,36,heal_pct,36,-60,-25,-16,0,0,0,51,-4.8333,19.6825,0
family,family_unclassified,median,36,skill_points_assigned,36,131,150,173.5,191.5,196,198.5,200,182.1667,19.3383,6
family_class,family_unclassified:archer,median,8,total_hp,8,12909,13667.1,14021.25,15972.5,18347.5,19690,22735,16541.5,3198.7169,2171.5
family_class,family_unclassified:archer,median,8,ehp,8,12315.3846,14136.156,18815.6919,24822.7179,37397.7812,43443.439,52103.2128,28180.9658,13764.8615,10851.593
family_class,family_unclassified:archer,median,8,ehp_no_agi,8,11236.9165,11991.8442,13899.2897,17786.6215,27536.366,42928.7574,50387.6073,23392.9545,14228.6997,5577.8671
family_class,family_unclassified:archer,median,8,hpr,8,-759.9,-468.21,-287.55,83.205,295.455,684.447,851.81,56.0675,521.9649,389.305
family_class,family_unclassified:archer,median,8,ehpr,8,-1513.5866,-799.4541,-278.5416,122.7096,651.0413,1515.0826,1952.1459,217.1116,1070.0601,472.8698
family_class,family_unclassified:archer,median,8,ls,8,-550,-362.4,-183,0,218,416,528,10.25,347.6689,225
family_class,family_unclassified:archer,median,8,effective_ls,8,-811.1324,-470.8756,-243.9551,0,352.5579,491.4788,759.0727,15.905,484.8354,334.765
family_class,family_unclassified:archer,median,8,mr,8,-10,-5.1,4.5,17.5,29.25,31.2,34,15.25,16.1223,12
family_class,family_unclassified:archer,median,8,total_mr,8,15,19.9,29.5,42.5,54.25,56.2,59,40.25,16.1223,12
family_class,family_unclassified:archer,median,8,ms,8,-20,-14.4,-3,6,20.25,28.5,39,7.75,19.5137,15.5
family_class,family_unclassified:archer,median,8,mana_per_hit,8,-13.0719,-5.2874,-0.4878,1.5447,9.8039,18.6275,25.4902,4.6357,11.7694,4.8972
family_class,family_unclassified:archer,median,8,total_mana,8,136,140.9,145.25,179.5,201,224.4,279,183.125,47.5498,27.5
family_class,family_unclassified:archer,median,8,walk_speed,8,-42,-35.7,-31.5,-25,0,6.6,22,-16.75,21.8877,12.5
family_class,family_unclassified:archer,median,8,attack_tier,8,-67,-30.6,-9,-3.5,-1.75,-0.7,0,-12.375,22.5765,3
family_class,family_unclassified:archer,median,8,attacks_per_second,8,0.51,0.51,0.51,0.51,0.895,2.05,2.05,0.895,0.7129,0
family_class,family_unclassified:archer,median,8,poison,8,0,0,0,0,0,1719.9,5733,716.625,2026.9216,0
family_class,family_unclassified:archer,median,8,main_attack_range_pct,8,-24,-21.2,-11,0,0,0,0,-6.5,10.0143,0
family_class,family_unclassified:archer,median,8,main_attack_range_blocks,8,5.52,7.508,8.69,11,11,11,11,9.71,2.0187,0
family_class,family_unclassified:archer,median,8,main_attack_dps,8,1050.5115,1482.5329,2402.2162,3935.5715,5171.8855,7250.664,8628.8803,4150.1409,2534.2765,1778.199
family_class,family_unclassified:archer,median,8,spell_display_avg_max,8,21795.3879,22712.8819,25525.3544,27451.6796,32937.7624,50621.474,84671.8974,34843.0608,20642.1146,4400.7222
family_class,family_unclassified:archer,median,8,spell_display_avg_sum,8,49147.6429,54755.8189,58355.452,72216.6377,78186.0532,96110.7224,127601.6623,74552.5675,24184.4915,11930.2218
family_class,family_unclassified:archer,median,8,heal_pct,8,-60,-30.6,-4.5,0,0,0,0,-9.75,21.2586,0
family_class,family_unclassified:archer,median,8,skill_points_assigned,8,148,155,171.5,187,193.5,195.3,196,180,18.213,8.5
archetype,Sharpshooter,median,6,total_hp,6,12909,13450.5,14477.75,15972.5,17791.25,20560,22735,16661,3521.863,2196.5
archetype,Sharpshooter,median,6,ehp,6,12315.3846,13615.9356,16216.2217,24534.069,34702.9321,44361.4427,52103.2128,27503.8158,15060.1863,10851.593
archetype,Sharpshooter,median,6,ehp_no_agi,6,11236.9165,11776.1505,12843.353,15120.8809,21556.965,36929.3631,50387.6073,21275.4648,14900.4245,3344.7303
archetype,Sharpshooter,median,6,hpr,6,-759.9,-551.55,-324.65,-134.5,142.275,520.755,851.81,-55.0983,549.7175,266.45
archetype,Sharpshooter,median,6,ehpr,6,-1513.5866,-1003.4919,-421.7787,-103.4615,319.0988,1188.8055,1952.1459,27.284,1145.8298,459.4312
archetype,Sharpshooter,median,6,ls,6,-282,-141,0,84,318,448,528,130.3333,289.8397,184
archetype,Sharpshooter,median,6,effective_ls,6,-216.9231,-108.4615,0,172.2393,368.7164,567.9342,759.0727,210.5707,351.5245,188.3979
archetype,Sharpshooter,median,6,mr,6,-10,-1.5,10.25,24.5,29.75,32,34,18.3333,16.9076,7.5
archetype,Sharpshooter,median,6,total_mr,6,15,23.5,35.25,49.5,54.75,57,59,43.3333,16.9076,7.5
archetype,Sharpshooter,median,6,ms,6,-12,-6,0,9.5,22.75,31.5,39,11.6667,18.8962,12
archetype,Sharpshooter,median,6,mana_per_hit,6,-1.9512,-0.9756,0,1.5447,12.5371,20.5883,25.4902,7.0525,11.0521,2.5203
archetype,Sharpshooter,median,6,total_mana,6,143,144.5,149.5,179.5,200.5,201,201,175,28.3478,21.5
archetype,Sharpshooter,median,6,walk_speed,6,-42,-37.5,-29.75,-10,0,11,22,-12.1667,23.8698,16.5
archetype,Sharpshooter,median,6,attack_tier,6,-15,-11,-6.25,-3,-1.25,-0.5,0,-4.8333,5.5648,2.5
archetype,Sharpshooter,median,6,attacks_per_second,6,0.51,0.51,0.51,0.51,1.665,2.05,2.05,1.0233,0.7953,0
archetype,Sharpshooter,median,6,poison,6,0,0,0,0,0,2866.5,5733,955.5,2340.4874,0
archetype,Sharpshooter,median,6,main_attack_range_pct,6,-20,-10,0,0,0,0,0,-3.3333,8.165,0
archetype,Sharpshooter,median,6,main_attack_range_blocks,6,8.8,9.9,11,11,11,11,11,10.6333,0.8981,0
archetype,Sharpshooter,median,6,main_attack_dps,6,1050.5115,1359.0982,1912.5287,3132.6443,4411.4427,5667.9237,6659.9999,3386.5554,2068.3257,1504.0812
archetype,Sharpshooter,median,6,spell_display_avg_max,6,21795.3879,22450.7408,24158.1593,27451.6796,30827.9042,33967.9867,36028.4354,27956.8024,5344.1555,4400.7222
archetype,Sharpshooter,median,6,spell_display_avg_sum,6,57159.3229,57956.7423,61874.0276,72216.6377,75832.3145,79662.2373,82614.6053,69945.2058,10072.1801,7445.5996
archetype,Sharpshooter,median,6,heal_pct,6,-60,-30,0,0,0,0,0,-10,24.4949,0
archetype,Sharpshooter,median,6,skill_points_assigned,6,148,162,177.5,187,192.75,194,195,181,17.7539,7
archetype_class,Sharpshooter:archer,median,6,total_hp,6,12909,13450.5,14477.75,15972.5,17791.25,20560,22735,16661,3521.863,2196.5
archetype_class,Sharpshooter:archer,median,6,ehp,6,12315.3846,13615.9356,16216.2217,24534.069,34702.9321,44361.4427,52103.2128,27503.8158,15060.1863,10851.593
archetype_class,Sharpshooter:archer,median,6,ehp_no_agi,6,11236.9165,11776.1505,12843.353,15120.8809,21556.965,36929.3631,50387.6073,21275.4648,14900.4245,3344.7303
archetype_class,Sharpshooter:archer,median,6,hpr,6,-759.9,-551.55,-324.65,-134.5,142.275,520.755,851.81,-55.0983,549.7175,266.45
archetype_class,Sharpshooter:archer,median,6,ehpr,6,-1513.5866,-1003.4919,-421.7787,-103.4615,319.0988,1188.8055,1952.1459,27.284,1145.8298,459.4312
archetype_class,Sharpshooter:archer,median,6,ls,6,-282,-141,0,84,318,448,528,130.3333,289.8397,184
archetype_class,Sharpshooter:archer,median,6,effective_ls,6,-216.9231,-108.4615,0,172.2393,368.7164,567.9342,759.0727,210.5707,351.5245,188.3979
archetype_class,Sharpshooter:archer,median,6,mr,6,-10,-1.5,10.25,24.5,29.75,32,34,18.3333,16.9076,7.5
archetype_class,Sharpshooter:archer,median,6,total_mr,6,15,23.5,35.25,49.5,54.75,57,59,43.3333,16.9076,7.5
archetype_class,Sharpshooter:archer,median,6,ms,6,-12,-6,0,9.5,22.75,31.5,39,11.6667,18.8962,12
archetype_class,Sharpshooter:archer,median,6,mana_per_hit,6,-1.9512,-0.9756,0,1.5447,12.5371,20.5883,25.4902,7.0525,11.0521,2.5203
archetype_class,Sharpshooter:archer,median,6,total_mana,6,143,144.5,149.5,179.5,200.5,201,201,175,28.3478,21.5
archetype_class,Sharpshooter:archer,median,6,walk_speed,6,-42,-37.5,-29.75,-10,0,11,22,-12.1667,23.8698,16.5
archetype_class,Sharpshooter:archer,median,6,attack_tier,6,-15,-11,-6.25,-3,-1.25,-0.5,0,-4.8333,5.5648,2.5
archetype_class,Sharpshooter:archer,median,6,attacks_per_second,6,0.51,0.51,0.51,0.51,1.665,2.05,2.05,1.0233,0.7953,0
archetype_class,Sharpshooter:archer,median,6,poison,6,0,0,0,0,0,2866.5,5733,955.5,2340.4874,0
archetype_class,Sharpshooter:archer,median,6,main_attack_range_pct,6,-20,-10,0,0,0,0,0,-3.3333,8.165,0
archetype_class,Sharpshooter:archer,median,6,main_attack_range_blocks,6,8.8,9.9,11,11,11,11,11,10.6333,0.8981,0
archetype_class,Sharpshooter:archer,median,6,main_attack_dps,6,1050.5115,1359.0982,1912.5287,3132.6443,4411.4427,5667.9237,6659.9999,3386.5554,2068.3257,1504.0812
archetype_class,Sharpshooter:archer,median,6,spell_display_avg_max,6,21795.3879,22450.7408,24158.1593,27451.6796,30827.9042,33967.9867,36028.4354,27956.8024,5344.1555,4400.7222
archetype_class,Sharpshooter:archer,median,6,spell_display_avg_sum,6,57159.3229,57956.7423,61874.0276,72216.6377,75832.3145,79662.2373,82614.6053,69945.2058,10072.1801,7445.5996
archetype_class,Sharpshooter:archer,median,6,heal_pct,6,-60,-30,0,0,0,0,0,-10,24.4949,0
archetype_class,Sharpshooter:archer,median,6,skill_points_assigned,6,148,162,177.5,187,192.75,194,195,181,17.7539,7
class,archer,upper_quartile_proxy,11,total_hp,11,12510,13142,13908,15785,17197.5,18773,23923,16080.6364,3279.8014,2325
class,archer,upper_quartile_proxy,11,ehp,11,9623.0769,12142.3077,13615.9356,21543.6764,35082.4521,40681.2573,54825.8262,26029.7216,14308.0318,9401.3687
class,archer,upper_quartile_proxy,11,ehp_no_agi,11,9623.0769,10353.8462,11835.7755,14427.2581,22021.2006,40681.2573,53020.5731,20385.0268,14029.8326,4073.4119
class,archer,upper_quartile_proxy,11,hpr,11,-291.6,-244.08,-202.55,0,277.015,833.75,1387.68,152.19,527.0077,231.53
class,archer,upper_quartile_proxy,11,ehpr,11,-419.2152,-319.8669,-181.5692,0,532.3851,1806.7436,3180.2325,437.5723,1107.9006,319.8669
class,archer,upper_quartile_proxy,11,ls,11,-467,-69,-17,221,588,806,958,274.4545,436.8513,262
class,archer,upper_quartile_proxy,11,effective_ls,11,-688.7251,-73.6783,-26.5384,452.1282,678.4616,996.2829,1066.6686,322.9262,533.2368,452.1282
class,archer,upper_quartile_proxy,11,mr,11,-17,-9,-3.5,20,32,41,47,14.5455,22.2322,20
class,archer,upper_quartile_proxy,11,total_mr,11,8,16,21.5,45,57,66,72,39.5455,22.2322,20
class,archer,upper_quartile_proxy,11,ms,11,-16,-10,0,21,29,51,72,19.5455,26.2311,21
class,archer,upper_quartile_proxy,11,mana_per_hit,11,-10.4575,-1.626,0,2.0155,15.3595,33.3333,47.0588,9.6885,17.2064,3.6415
class,archer,upper_quartile_proxy,11,total_mana,11,89,100,134.5,149,217,221,303,169.8182,63.2184,49
class,archer,upper_quartile_proxy,11,walk_speed,11,-33,-25,-17,0,2,24,211,11.9091,67.8977,17
class,archer,upper_quartile_proxy,11,attack_tier,11,-67,-15,-9.5,-3,-0.5,0,2,-9.9091,19.6492,3
class,archer,upper_quartile_proxy,11,attacks_per_second,11,0.51,0.51,0.51,0.51,2.05,4.3,4.3,1.4791,1.5212,0
class,archer,upper_quartile_proxy,11,poison,11,0,0,0,0,0,7524,8500,1456.7273,3248.3531,0
class,archer,upper_quartile_proxy,11,main_attack_range_pct,11,-42,-21,-8,0,0,0,28,-4.6364,16.9781,0
class,archer,upper_quartile_proxy,11,main_attack_range_blocks,11,3.48,5.58,6.84,10.01,11,11,11,8.7673,2.7098,0.99
class,archer,upper_quartile_proxy,11,main_attack_dps,11,1397.4022,1862.4807,3445.0846,5475.2751,9539.7739,13056.3798,14207.3837,6726.373,4417.7822,3289.2545
class,archer,upper_quartile_proxy,11,spell_display_avg_max,11,23787.0171,26253.6256,30287.6507,35260.481,106076.0451,152823.0316,223800.6708,73580.885,66157.8759,9006.8554
class,archer,upper_quartile_proxy,11,spell_display_avg_sum,11,55373.6989,62352.7025,73612.675,89123.7028,158562.5193,242295.7185,327099.9569,129001.6256,86655.6133,26771.0003
class,archer,upper_quartile_proxy,11,heal_pct,11,-51,-9,0,0,0,0,0,-5.4545,15.3451,0
class,archer,upper_quartile_proxy,11,skill_points_assigned,11,148,158,173,182,192.5,195,196,179.3636,15.5645,11
family,family_unclassified,upper_quartile_proxy,36,total_hp,36,7335,10947.5,13141,14233,16491.25,20435,23923,15042.8056,3893.9984,1577
family,family_unclassified,upper_quartile_proxy,36,ehp,36,10221.5961,12905.1923,17094.9878,25411.4255,37014.8478,54816.4722,63218.6621,29426.1017,14978.66,10530.5718
family,family_unclassified,upper_quartile_proxy,36,ehp_no_agi,36,7364.5106,11591.7051,13965.7428,17368.9228,24334.3727,53913.8456,63218.6621,23491.178,15727.304,4802.8161
family,family_unclassified,upper_quartile_proxy,36,hpr,36,-715.26,-366.275,-242.25,0,249.775,529.75,1387.68,46.2686,414.9429,253.85
family,family_unclassified,upper_quartile_proxy,36,ehpr,36,-1988.9061,-620.4427,-344.704,0,531.3675,1043.0021,3180.2325,127.7141,931.3083,430.4408
family,family_unclassified,upper_quartile_proxy,36,ls,36,-765,-222.5,0,201.5,493.5,862,1405,244.9167,462.8354,257.5
family,family_unclassified,upper_quartile_proxy,36,effective_ls,36,-1298.5013,-520.4622,0,388.0889,953.3651,1627.211,2908.5868,487.6331,898.4171,436.6881
family,family_unclassified,upper_quartile_proxy,36,mr,36,-19,-8,0,18,31.25,38,47,15.8333,18.5511,15.5
family,family_unclassified,upper_quartile_proxy,36,total_mr,36,6,17,25,43,56.25,63,72,40.8333,18.5511,15.5
family,family_unclassified,upper_quartile_proxy,36,ms,36,-27,-10,0,14,27,34.5,80,15.6944,22.0607,13.5
family,family_unclassified,upper_quartile_proxy,36,mana_per_hit,36,-10.8434,-4.0809,0,2.0471,15.585,20.5882,33.3333,6.251,10.2779,3.1654
family,family_unclassified,upper_quartile_proxy,36,total_mana,36,100,102.5,146.75,160.5,216.5,221,303,173.5556,49.5075,45
family,family_unclassified,upper_quartile_proxy,36,walk_speed,36,-66,-33.5,-25.25,-4,6.5,65,224,5,52.2275,16
family,family_unclassified,upper_quartile_proxy,36,attack_tier,36,-67,-7.5,-3.25,0,0,0,16,-3.4722,11.814,0.5
family,family_unclassified,upper_quartile_proxy,36,attacks_per_second,36,0.51,0.51,0.51,0.83,2.05,3.1,4.3,1.3975,1.1276,0.32
family,family_unclassified,upper_quartile_proxy,36,poison,36,-10200,0,0,0,0,50,26542,529.6944,5310.8902,0
family,family_unclassified,upper_quartile_proxy,36,main_attack_range_pct,36,-42,-20,0,0,0,0,132,-0.1389,24.8713,0
family,family_unclassified,upper_quartile_proxy,36,main_attack_range_blocks,32,0.8,1,1.875,4,11,25.7713,32.25,7.7676,9.6497,3
family,family_unclassified,upper_quartile_proxy,36,main_attack_dps,36,1.9856,1146.4496,1612.2027,3385.9928,5815.7258,7513.1012,15715.0358,4107.1746,3218.1334,2005.4491
family,family_unclassified,upper_quartile_proxy,36,spell_display_avg_max,36,13083.3829,17403.1137,22600.5374,30706.6224,52134.2199,92579.5126,171519.8356,45274.3434,37202.5997,11253.3634
family,family_unclassified,upper_quartile_proxy,36,spell_display_avg_sum,36,27425.7936,35755.5865,41113.2567,56621.299,95123.2227,137002.195,265000.5016,76858.2826,52542.0454,19055.956
family,family_unclassified,upper_quartile_proxy,36,heal_pct,36,-51,-21,-7,0,0,0,68,-1.8611,20.1638,0
family,family_unclassified,upper_quartile_proxy,36,skill_points_assigned,36,131,150,173.5,191.5,196,198.5,200,182.1667,19.3383,6
family_class,family_unclassified:archer,upper_quartile_proxy,8,total_hp,8,13142,13991.8,14545,15972.5,18482,20318,23923,16891.5,3435.2458,2014.5
family_class,family_unclassified:archer,upper_quartile_proxy,8,ehp,8,12315.3846,14136.156,19208.1671,25509.4836,37635.0687,44924.628,54825.8262,28877.0402,14460.8773,10851.593
family_class,family_unclassified:archer,upper_quartile_proxy,8,ehp_no_agi,8,11529.2434,12079.5422,13899.2897,18335.6143,27773.6534,44383.052,53020.5731,24014.508,15017.0874,5577.8671
family_class,family_unclassified:archer,upper_quartile_proxy,8,hpr,8,-291.6,-247.08,-177.4425,115.765,450.3125,999.929,1387.68,261.9088,584.6173,310.06
family_class,family_unclassified:archer,upper_quartile_proxy,8,ehpr,8,-419.2152,-349.6714,-211.5052,170.7286,994.1707,2218.7903,3180.2325,642.16,1255.1515,521.59
family_class,family_unclassified:archer,upper_quartile_proxy,8,ls,8,-467,-188.4,-42.75,0,286.5,546,693,103.375,358.7466,145
family_class,family_unclassified:archer,upper_quartile_proxy,8,effective_ls,8,-688.7251,-258.1923,-58.2272,0,463.0126,645.8509,996.2829,141.0746,502.2884,262.9033
family_class,family_unclassified:archer,upper_quartile_proxy,8,mr,8,-9,-2.7,15,23.5,38.75,42.8,47,23,19.6396,16
family_class,family_unclassified:archer,upper_quartile_proxy,8,total_mr,8,16,22.3,40,48.5,63.75,67.8,72,48,19.6396,16
family_class,family_unclassified:archer,upper_quartile_proxy,8,ms,8,-16,-11.8,-2.5,7.5,26,37.7,51,12,22.7722,17
family_class,family_unclassified:archer,upper_quartile_proxy,8,mana_per_hit,8,-10.4575,-4.2754,-0.4065,1.9512,12.5817,24.6405,33.3333,6.9839,14.0494,5.715
family_class,family_unclassified:archer,upper_quartile_proxy,8,total_mana,8,136,140.9,147.5,188,218.75,245.6,303,193.25,57.0858,36
family_class,family_unclassified:archer,upper_quartile_proxy,8,walk_speed,8,-33,-27.4,-19,-16.5,0,7.2,24,-10.5,17.8965,12.5
family_class,family_unclassified:archer,upper_quartile_proxy,8,attack_tier,8,-67,-30.6,-9,-3.5,-1.75,-0.7,0,-12.375,22.5765,3
family_class,family_unclassified:archer,upper_quartile_proxy,8,attacks_per_second,8,0.51,0.51,0.51,0.51,0.895,2.05,2.05,0.895,0.7129,0
family_class,family_unclassified:archer,upper_quartile_proxy,8,poison,8,0,0,0,0,0,2257.2,7524,940.5,2660.1357,0
family_class,family_unclassified:archer,upper_quartile_proxy,8,main_attack_range_pct,8,-21,-12.6,-7.5,0,0,0,0,-4.625,7.5581,0
family_class,family_unclassified:archer,upper_quartile_proxy,8,main_attack_range_blocks,8,5.58,7.757,9.68,11,11,11,11,9.91,1.9342,0
family_class,family_unclassified:archer,upper_quartile_proxy,8,main_attack_dps,8,1397.4022,1722.9572,2647.9088,4177.8828,6017.9938,8446.8103,10315.0182,4745.2262,3013.7747,1806.3972
family_class,family_unclassified:archer,upper_quartile_proxy,8,spell_display_avg_max,8,23787.0171,25513.6431,28779.7682,31948.7184,36893.7524,57986.4785,95769.9397,39547.9853,23377.3063,4503.4277
family_class,family_unclassified:archer,upper_quartile_proxy,8,spell_display_avg_sum,8,55373.6989,60259.0014,65647.2833,83784.8566,89675.7454,107223.7567,144304.8184,84600.2482,27572.0485,12293.1981
family_class,family_unclassified:archer,upper_quartile_proxy,8,heal_pct,8,-51,-21.6,-2.25,0,0,0,0,-7.5,17.8566,0
family_class,family_unclassified:archer,upper_quartile_proxy,8,skill_points_assigned,8,148,155,171.5,187,193.5,195.3,196,180,18.213,8.5
archetype,Sharpshooter,upper_quartile_proxy,6,total_hp,6,13142,13749,14750.75,15972.5,17791.25,21154,23923,16958.5,3842.5264,2014.5
archetype,Sharpshooter,upper_quartile_proxy,6,ehp,6,12315.3846,13615.9356,16347.0468,25057.009,34833.5771,45722.7494,54825.8262,28131.898,15920.8645,10851.593
archetype,Sharpshooter,upper_quartile_proxy,6,ehp_no_agi,6,11529.2434,11922.314,12843.353,15263.6022,21628.3257,38245.846,53020.5731,21810.5874,15873.3138,3341.2881
archetype,Sharpshooter,upper_quartile_proxy,6,hpr,6,-291.6,-259.8,-211.1475,-80.295,241.875,855.09,1387.68,171.665,634.9256,179.505
archetype,Sharpshooter,upper_quartile_proxy,6,ehpr,6,-419.2152,-369.541,-283.7463,-87.6923,542.4848,1951.7728,3180.2325,498.1798,1375.2656,281.8488
archetype,Sharpshooter,upper_quartile_proxy,6,ls,6,-69,-34.5,0,110.5,417.5,588,693,221.3333,307.6392,145
archetype,Sharpshooter,upper_quartile_proxy,6,effective_ls,6,-53.0769,-26.5384,0,226.0641,484.7813,745.9743,996.2829,315.1667,412.1944,247.8329
archetype,Sharpshooter,upper_quartile_proxy,6,mr,6,-9,6,22.25,32,40.25,44,47,27.3333,20.2452,10
archetype,Sharpshooter,upper_quartile_proxy,6,total_mr,6,16,31,47.25,57,65.25,69,72,52.3333,20.2452,10
archetype,Sharpshooter,upper_quartile_proxy,6,ms,6,-10,-5,0,12,30,41.5,51,16.1667,23.3788,16
archetype,Sharpshooter,upper_quartile_proxy,6,mana_per_hit,6,-1.626,-0.813,0,1.9512,16.6619,27.1242,33.3333,9.4208,14.3799,2.7642
archetype,Sharpshooter,upper_quartile_proxy,6,total_mana,6,143,146,151.75,188,217.5,219.5,221,184.5,37.4953,31.5
archetype,Sharpshooter,upper_quartile_proxy,6,walk_speed,6,-33,-25,-16.75,-8,0,12,24,-7,19.5755,8.5
archetype,Sharpshooter,upper_quartile_proxy,6,attack_tier,6,-15,-11,-6.25,-3,-1.25,-0.5,0,-4.8333,5.5648,2.5
archetype,Sharpshooter,upper_quartile_proxy,6,attacks_per_second,6,0.51,0.51,0.51,0.51,1.665,2.05,2.05,1.0233,0.7953,0
archetype,Sharpshooter,upper_quartile_proxy,6,poison,6,0,0,0,0,0,3762,7524,1254,3071.6601,0
archetype,Sharpshooter,upper_quartile_proxy,6,main_attack_range_pct,6,-9,-4.5,0,0,0,0,0,-1.5,3.6742,0
archetype,Sharpshooter,upper_quartile_proxy,6,main_attack_range_blocks,6,10.01,10.505,11,11,11,11,11,10.835,0.4042,0
archetype,Sharpshooter,upper_quartile_proxy,6,main_attack_dps,6,1397.4022,1629.9415,2124.2901,3445.0846,5101.5691,6560.7124,7646.1497,3878.5795,2362.7944,1806.3972
archetype,Sharpshooter,upper_quartile_proxy,6,spell_display_avg_max,6,23787.0171,25020.3213,27428.5906,31948.7184,34681.3485,38527.0238,41793.5666,31832.0212,6462.7475,4503.4277
archetype,Sharpshooter,upper_quartile_proxy,6,spell_display_avg_sum,6,62352.7025,64549.0897,70179.0759,83784.8566,88615.2371,90227.788,91331.8731,79520.5781,12230.1254,6442.9314
archetype,Sharpshooter,upper_quartile_proxy,6,heal_pct,6,-51,-25.5,0,0,0,0,0,-8.5,20.8207,0
archetype,Sharpshooter,upper_quartile_proxy,6,skill_points_assigned,6,148,162,177.5,187,192.75,194,195,181,17.7539,7
archetype_class,Sharpshooter:archer,upper_quartile_proxy,6,total_hp,6,13142,13749,14750.75,15972.5,17791.25,21154,23923,16958.5,3842.5264,2014.5
archetype_class,Sharpshooter:archer,upper_quartile_proxy,6,ehp,6,12315.3846,13615.9356,16347.0468,25057.009,34833.5771,45722.7494,54825.8262,28131.898,15920.8645,10851.593
archetype_class,Sharpshooter:archer,upper_quartile_proxy,6,ehp_no_agi,6,11529.2434,11922.314,12843.353,15263.6022,21628.3257,38245.846,53020.5731,21810.5874,15873.3138,3341.2881
archetype_class,Sharpshooter:archer,upper_quartile_proxy,6,hpr,6,-291.6,-259.8,-211.1475,-80.295,241.875,855.09,1387.68,171.665,634.9256,179.505
archetype_class,Sharpshooter:archer,upper_quartile_proxy,6,ehpr,6,-419.2152,-369.541,-283.7463,-87.6923,542.4848,1951.7728,3180.2325,498.1798,1375.2656,281.8488
archetype_class,Sharpshooter:archer,upper_quartile_proxy,6,ls,6,-69,-34.5,0,110.5,417.5,588,693,221.3333,307.6392,145
archetype_class,Sharpshooter:archer,upper_quartile_proxy,6,effective_ls,6,-53.0769,-26.5384,0,226.0641,484.7813,745.9743,996.2829,315.1667,412.1944,247.8329
archetype_class,Sharpshooter:archer,upper_quartile_proxy,6,mr,6,-9,6,22.25,32,40.25,44,47,27.3333,20.2452,10
archetype_class,Sharpshooter:archer,upper_quartile_proxy,6,total_mr,6,16,31,47.25,57,65.25,69,72,52.3333,20.2452,10
archetype_class,Sharpshooter:archer,upper_quartile_proxy,6,ms,6,-10,-5,0,12,30,41.5,51,16.1667,23.3788,16
archetype_class,Sharpshooter:archer,upper_quartile_proxy,6,mana_per_hit,6,-1.626,-0.813,0,1.9512,16.6619,27.1242,33.3333,9.4208,14.3799,2.7642
archetype_class,Sharpshooter:archer,upper_quartile_proxy,6,total_mana,6,143,146,151.75,188,217.5,219.5,221,184.5,37.4953,31.5
archetype_class,Sharpshooter:archer,upper_quartile_proxy,6,walk_speed,6,-33,-25,-16.75,-8,0,12,24,-7,19.5755,8.5
archetype_class,Sharpshooter:archer,upper_quartile_proxy,6,attack_tier,6,-15,-11,-6.25,-3,-1.25,-0.5,0,-4.8333,5.5648,2.5
archetype_class,Sharpshooter:archer,upper_quartile_proxy,6,attacks_per_second,6,0.51,0.51,0.51,0.51,1.665,2.05,2.05,1.0233,0.7953,0
archetype_class,Sharpshooter:archer,upper_quartile_proxy,6,poison,6,0,0,0,0,0,3762,7524,1254,3071.6601,0
archetype_class,Sharpshooter:archer,upper_quartile_proxy,6,main_attack_range_pct,6,-9,-4.5,0,0,0,0,0,-1.5,3.6742,0
archetype_class,Sharpshooter:archer,upper_quartile_proxy,6,main_attack_range_blocks,6,10.01,10.505,11,11,11,11,11,10.835,0.4042,0
archetype_class,Sharpshooter:archer,upper_quartile_proxy,6,main_attack_dps,6,1397.4022,1629.9415,2124.2901,3445.0846,5101.5691,6560.7124,7646.1497,3878.5795,2362.7944,1806.3972
archetype_class,Sharpshooter:archer,upper_quartile_proxy,6,spell_display_avg_max,6,23787.0171,25020.3213,27428.5906,31948.7184,34681.3485,38527.0238,41793.5666,31832.0212,6462.7475,4503.4277
archetype_class,Sharpshooter:archer,upper_quartile_proxy,6,spell_display_avg_sum,6,62352.7025,64549.0897,70179.0759,83784.8566,88615.2371,90227.788,91331.8731,79520.5781,12230.1254,6442.9314
archetype_class,Sharpshooter:archer,upper_quartile_proxy,6,heal_pct,6,-51,-25.5,0,0,0,0,0,-8.5,20.8207,0
archetype_class,Sharpshooter:archer,upper_quartile_proxy,6,skill_points_assigned,6,148,162,177.5,187,192.75,194,195,181,17.7539,7
class,archer,solver_default,11,total_hp,11,12510,13236,14115.5,15785,17197.5,18948,24398,16207,3362.323,2055
class,archer,solver_default,11,ehp,11,9623.0769,12142.3077,13615.9356,21884.352,35418.9013,41060.4838,55914.4132,26293.419,14589.3389,9742.0443
class,archer,solver_default,11,ehp_no_agi,11,9623.0769,10561.5385,11894,14427.2581,22183.8501,41060.4838,54073.3161,20584.7147,14305.1167,3865.7196
class,archer,solver_default,11,hpr,11,-271.2,-226.8,-188.8,0,318.905,921.04,1604.3,209.4727,578.5499,226.8
class,archer,solver_default,11,ehpr,11,-389.8874,-174.4615,-145.2307,0,615.0779,1995.9018,3676.674,552.8259,1234.0557,174.4615
class,archer,solver_default,11,ls,11,-434,0,6,242,644,907,1049,322.6364,458.3903,242
class,archer,solver_default,11,effective_ls,11,-640.0572,0,6.1539,495.188,752.3077,1091.167,1168.8495,381.8945,551.4329,482.8803
class,archer,solver_default,11,mr,11,-14,-7,-3,24,39.5,49,59,19.8182,25.7908,24
class,archer,solver_default,11,total_mr,11,11,18,22,49,64.5,74,84,44.8182,25.7908,24
class,archer,solver_default,11,ms,11,-14,-8,0,26,35.5,63,86,24.8182,30.5477,26
class,archer,solver_default,11,mana_per_hit,11,-9.1503,-1.3008,0,2.4806,18.9543,41.1765,56.2092,12.2016,20.3487,3.7814
class,archer,solver_default,11,total_mana,11,91,100,134.5,152,233.5,241,328,177.3636,72.3164,52
class,archer,solver_default,11,walk_speed,11,-29,-24,-14,0,3.5,25,231,15.6364,72.9812,12
class,archer,solver_default,11,attack_tier,11,-67,-15,-9.5,-3,-0.5,0,2,-9.9091,19.6492,3
class,archer,solver_default,11,attacks_per_second,11,0.51,0.51,0.51,0.51,2.05,4.3,4.3,1.4791,1.5212,0
class,archer,solver_default,11,poison,11,0,0,0,0,0,8240,8500,1521.8182,3386.3308,0
class,archer,solver_default,11,main_attack_range_pct,11,-39,-19,-6,0,0,0,31,-3.5455,16.6695,0
class,archer,solver_default,11,main_attack_range_blocks,11,3.66,5.58,6.93,10.45,11,11,11,8.86,2.6908,0.55
class,archer,solver_default,11,main_attack_dps,11,1538.5767,1937.6531,3569.1197,5773.671,10184.8664,14176.5328,15067.2971,7134.9238,4762.784,3575.2164
class,archer,solver_default,11,spell_display_avg_max,11,24610.3606,27432.5829,31704.0398,36617.1781,110411.8892,158342.7536,231144.9944,76515.5052,68252.6151,9184.5952
class,archer,solver_default,11,spell_display_avg_sum,11,58325.9616,64510.7203,76722.8227,94318.6296,165108.5656,251027.8783,337835.661,134288.6849,89223.7714,29807.9093
class,archer,solver_default,11,heal_pct,11,-47,-6,0,0,0,0,0,-4.8182,14.1054,0
class,archer,solver_default,11,skill_points_assigned,11,148,158,173,182,192.5,195,196,179.3636,15.5645,11
family,family_unclassified,solver_default,36,total_hp,36,7635,11007.5,13209.75,14305.5,16491.25,20735,24398,15150.25,3972.099,1504.5
family,family_unclassified,solver_default,36,ehp,36,10352.2931,12905.1923,17216.6039,25411.4255,37270.1949,55777.867,64052.8648,29657.9457,15207.4941,10385.1304
family,family_unclassified,solver_default,36,ehp_no_agi,36,7665.7176,11649.9295,13965.7428,17422.5159,24514.4914,54857.3185,64052.8648,23692.5245,15995.3061,4802.8161
family,family_unclassified,solver_default,36,hpr,36,-645.16,-334.48,-224.72,0,309.175,619.12,1604.3,92.5586,436.9316,266.06
family,family_unclassified,solver_default,36,ehpr,36,-1793.9807,-573.0841,-216.5563,0,610.0523,1220.4082,3676.674,231.2584,968.4788,387.9837
family,family_unclassified,solver_default,36,ls,36,-711,-207,0,220.5,542.75,944,1567,286,492.1505,253
family,family_unclassified,solver_default,36,effective_ls,36,-1206.8424,-484.2649,0,424.9661,1044.1617,1782.0872,3292.32,565.7281,970.4391,424.9661
family,family_unclassified,solver_default,36,mr,36,-15,-5,1.5,23,40.25,45.5,59,21.5,20.1587,18
family,family_unclassified,solver_default,36,total_mr,36,10,20,26.5,48,65.25,70.5,84,46.5,20.1587,18
family,family_unclassified,solver_default,36,ms,36,-22,-8,0,18,31.75,43.5,98,20.9167,25.6363,17
family,family_unclassified,solver_default,36,mana_per_hit,36,-9.1503,-3.2648,0,3.1613,19.232,25.1634,41.1765,8.4353,12.1328,4.1218
family,family_unclassified,solver_default,36,total_mana,36,100,107.5,146.75,164.5,231.25,239.5,328,182,56.5812,48
family,family_unclassified,solver_default,36,walk_speed,36,-60,-28,-24,-1,9,71,242,8.6667,54.8077,16
family,family_unclassified,solver_default,36,attack_tier,36,-67,-7.5,-3.25,0,0,0,16,-3.4722,11.814,0.5
family,family_unclassified,solver_default,36,attacks_per_second,36,0.51,0.51,0.51,0.83,2.05,3.1,4.3,1.3975,1.1276,0.32
family,family_unclassified,solver_default,36,poison,36,-9480,0,0,0,0,50,29065,673.6944,5631.0653,0
family,family_unclassified,solver_default,36,main_attack_range_pct,36,-39,-19.5,0,0,0,0,144,0.5556,26.4796,0
family,family_unclassified,solver_default,36,main_attack_range_blocks,32,0.8,1,1.88,4,11,26.0615,32.25,7.8027,9.6728,3
family,family_unclassified,solver_default,36,main_attack_dps,36,114.2122,1223.9915,1706.2838,3592.9203,6076.2185,7900.992,16779.1726,4321.8613,3395.1152,2119.3802
family,family_unclassified,solver_default,36,spell_display_avg_max,36,13573.6897,18288.1202,23713.4683,32192.0069,53940.5001,96703.8336,180848.6244,47633.0301,39312.0222,11898.877
family,family_unclassified,solver_default,36,spell_display_avg_sum,36,28472.8314,37164.9332,42961.399,59642.6164,98651.3231,144546.6187,278903.7499,80851.0214,55483.2847,20172.064
family,family_unclassified,solver_default,36,heal_pct,36,-47,-20,-6,0,0,0,74,-0.8889,20.6408,0
family,family_unclassified,solver_default,36,skill_points_assigned,36,131,150,173.5,191.5,196,198.5,200,182.1667,19.3383,6
family_class,family_unclassified:archer,solver_default,8,total_hp,8,13236,14121.5,14754.5,15972.5,18525.75,20583,24398,17031.5,3538.2065,1942
family_class,family_unclassified:archer,solver_default,8,ehp,8,12315.3846,14136.156,19364.5101,25785.2345,37729.8753,45516.6626,55914.4132,29155.5118,14745.4603,10851.593
family_class,family_unclassified:archer,solver_default,8,ehp_no_agi,8,11645.6923,12114.4769,13899.2897,18555.8424,27868.4601,44964.3335,54073.3161,24263.1173,15335.4057,5577.8671
family_class,family_unclassified:archer,solver_default,8,hpr,8,-271.2,-229.76,-53,138.75,512.98,1126.018,1604.3,337.075,637.1868,294.48
family_class,family_unclassified:archer,solver_default,8,ehpr,8,-389.8874,-231.12,-40.7692,208.931,1133.0687,2500.1335,3676.674,797.8664,1386.2244,485.4131
family_class,family_unclassified:archer,solver_default,8,ls,8,-434,-130.2,0,14,313.75,598,759,140.5,367.4857,121
family_class,family_unclassified:archer,solver_default,8,effective_ls,8,-640.0572,-192.0172,0,19.1559,507.0823,707.2857,1091.167,190.9219,513.9959,247.594
family_class,family_unclassified:archer,solver_default,8,mr,8,-7,-0.7,18.5,32.5,46.75,52,59,29.75,22.8645,15
family_class,family_unclassified:archer,solver_default,8,total_mr,8,18,24.3,43.5,57.5,71.75,77,84,54.75,22.8645,15
family_class,family_unclassified:archer,solver_default,8,ms,8,-14,-9.8,-2,9.5,32.25,46.2,63,16.125,26.5407,19
family_class,family_unclassified:archer,solver_default,8,mana_per_hit,8,-9.1503,-3.6556,-0.3252,2.439,15.6863,30.1961,41.1765,9.189,16.6183,6.8596
family_class,family_unclassified:archer,solver_default,8,total_mana,8,136,140.9,149.75,196,236.5,267.1,328,203.375,67.0521,44.5
family_class,family_unclassified:archer,solver_default,8,walk_speed,8,-29,-25.5,-18,-11,0,7.5,25,-8.25,16.8925,11
family_class,family_unclassified:archer,solver_default,8,attack_tier,8,-67,-30.6,-9,-3.5,-1.75,-0.7,0,-12.375,22.5765,3
family_class,family_unclassified:archer,solver_default,8,attacks_per_second,8,0.51,0.51,0.51,0.51,0.895,2.05,2.05,0.895,0.7129,0
family_class,family_unclassified:archer,solver_default,8,poison,8,0,0,0,0,0,2472,8240,1030,2913.2799,0
family_class,family_unclassified:archer,solver_default,8,main_attack_range_pct,8,-19,-10.6,-5.5,0,0,0,0,-3.875,6.7069,0
family_class,family_unclassified:archer,solver_default,8,main_attack_range_blocks,8,5.58,7.911,10.065,11,11,11,11,9.9925,1.9245,0
family_class,family_unclassified:archer,solver_default,8,main_attack_dps,8,1538.5767,1817.9302,2747.9798,4278.3327,6341.7392,8938.4142,11020.8454,4986.4305,3218.3511,1918.009
family_class,family_unclassified:archer,solver_default,8,spell_display_avg_max,8,24610.3606,26585.9162,30246.0317,33653.7461,38514.7758,61009.2769,100213.2623,41446.5366,24480.8577,4592.2976
family_class,family_unclassified:archer,solver_default,8,spell_display_avg_sum,8,58325.9616,62655.2927,68434.8795,88168.8976,94453.6781,111702.0617,151002.9504,88637.2267,28930.1075,12557.9455
family_class,family_unclassified:archer,solver_default,8,heal_pct,8,-47,-18.3,-1.5,0,0,0,0,-6.625,16.4485,0
family_class,family_unclassified:archer,solver_default,8,skill_points_assigned,8,148,155,171.5,187,193.5,195.3,196,180,18.213,8.5
archetype,Sharpshooter,solver_default,6,total_hp,6,13236,13868.5,14859.5,15972.5,17791.25,21391.5,24398,17077.5,3978.4322,1942
archetype,Sharpshooter,solver_default,6,ehp,6,12315.3846,13615.9356,16399.1611,25266.6508,34886.2836,46267.0429,55914.4132,28383.2097,16271.591,10851.593
archetype,Sharpshooter,solver_default,6,ehp_no_agi,6,11645.6923,11980.5385,12843.353,15321.1808,21657.115,38772.2174,54073.3161,22024.6455,16264.5201,3340.6423
archetype,Sharpshooter,solver_default,6,hpr,6,-271.2,-241.6,-159,8.325,286.8825,990.63,1604.3,252.4517,700.3223,249.925
archetype,Sharpshooter,solver_default,6,ehpr,6,-389.8874,-276.4821,-122.3077,16.582,642.3843,2261.0659,3676.674,667.0552,1532.4921,293.0641
archetype,Sharpshooter,solver_default,6,ls,6,0,0,4,129,457.25,644,759,257.6667,321.3687,129
archetype,Sharpshooter,solver_default,6,effective_ls,6,0,0,3.0769,253.7479,530.8709,816.9661,1091.167,356.9046,439.6172,253.7479
archetype,Sharpshooter,solver_default,6,mr,6,-7,12.5,32.25,39.5,48.25,54,59,35.3333,23.1056,8.5
archetype,Sharpshooter,solver_default,6,total_mr,6,18,37.5,57.25,64.5,73.25,79,84,60.3333,23.1056,8.5
archetype,Sharpshooter,solver_default,6,ms,6,-8,-4,0,15,36.75,51,63,20.6667,27.8974,19
archetype,Sharpshooter,solver_default,6,mana_per_hit,6,-1.3008,-0.6504,0,2.439,20.3372,33.3333,41.1765,11.7073,17.5976,3.0894
archetype,Sharpshooter,solver_default,6,total_mana,6,143,147.5,154,196,234.25,238,241,193.8333,46.5936,41.5
archetype,Sharpshooter,solver_default,6,walk_speed,6,-29,-22.5,-14.5,-5,0,12.5,25,-5,18.2866,8
archetype,Sharpshooter,solver_default,6,attack_tier,6,-15,-11,-6.25,-3,-1.25,-0.5,0,-4.8333,5.5648,2.5
archetype,Sharpshooter,solver_default,6,attacks_per_second,6,0.51,0.51,0.51,0.51,1.665,2.05,2.05,1.0233,0.7953,0
archetype,Sharpshooter,solver_default,6,poison,6,0,0,0,0,0,4120,8240,1373.3333,3363.9659,0
archetype,Sharpshooter,solver_default,6,main_attack_range_pct,6,-5,-2.5,0,0,0,0,0,-0.8333,2.0412,0
archetype,Sharpshooter,solver_default,6,main_attack_range_blocks,6,10.45,10.725,11,11,11,11,11,10.9083,0.2245,0
archetype,Sharpshooter,solver_default,6,main_attack_dps,6,1538.5767,1738.1149,2207.762,3569.1197,5360.2909,6909.8074,8045.9437,4072.3473,2480.9123,1831.0048
archetype,Sharpshooter,solver_default,6,spell_display_avg_max,6,24610.3606,26021.4718,28630.4951,33653.7461,36233.6987,40412.3735,44207.5689,33362.5305,6988.9768,4592.2976
archetype,Sharpshooter,solver_default,6,spell_display_avg_sum,6,64510.7203,67126.8264,73232.8776,88168.8976,93897.7428,94588.7267,94858.8237,83294.8169,13260.1168,6419.8291
archetype,Sharpshooter,solver_default,6,heal_pct,6,-47,-23.5,0,0,0,0,0,-7.8333,19.1877,0
archetype,Sharpshooter,solver_default,6,skill_points_assigned,6,148,162,177.5,187,192.75,194,195,181,17.7539,7
archetype_class,Sharpshooter:archer,solver_default,6,total_hp,6,13236,13868.5,14859.5,15972.5,17791.25,21391.5,24398,17077.5,3978.4322,1942
archetype_class,Sharpshooter:archer,solver_default,6,ehp,6,12315.3846,13615.9356,16399.1611,25266.6508,34886.2836,46267.0429,55914.4132,28383.2097,16271.591,10851.593
archetype_class,Sharpshooter:archer,solver_default,6,ehp_no_agi,6,11645.6923,11980.5385,12843.353,15321.1808,21657.115,38772.2174,54073.3161,22024.6455,16264.5201,3340.6423
archetype_class,Sharpshooter:archer,solver_default,6,hpr,6,-271.2,-241.6,-159,8.325,286.8825,990.63,1604.3,252.4517,700.3223,249.925
archetype_class,Sharpshooter:archer,solver_default,6,ehpr,6,-389.8874,-276.4821,-122.3077,16.582,642.3843,2261.0659,3676.674,667.0552,1532.4921,293.0641
archetype_class,Sharpshooter:archer,solver_default,6,ls,6,0,0,4,129,457.25,644,759,257.6667,321.3687,129
archetype_class,Sharpshooter:archer,solver_default,6,effective_ls,6,0,0,3.0769,253.7479,530.8709,816.9661,1091.167,356.9046,439.6172,253.7479
archetype_class,Sharpshooter:archer,solver_default,6,mr,6,-7,12.5,32.25,39.5,48.25,54,59,35.3333,23.1056,8.5
archetype_class,Sharpshooter:archer,solver_default,6,total_mr,6,18,37.5,57.25,64.5,73.25,79,84,60.3333,23.1056,8.5
archetype_class,Sharpshooter:archer,solver_default,6,ms,6,-8,-4,0,15,36.75,51,63,20.6667,27.8974,19
archetype_class,Sharpshooter:archer,solver_default,6,mana_per_hit,6,-1.3008,-0.6504,0,2.439,20.3372,33.3333,41.1765,11.7073,17.5976,3.0894
archetype_class,Sharpshooter:archer,solver_default,6,total_mana,6,143,147.5,154,196,234.25,238,241,193.8333,46.5936,41.5
archetype_class,Sharpshooter:archer,solver_default,6,walk_speed,6,-29,-22.5,-14.5,-5,0,12.5,25,-5,18.2866,8
archetype_class,Sharpshooter:archer,solver_default,6,attack_tier,6,-15,-11,-6.25,-3,-1.25,-0.5,0,-4.8333,5.5648,2.5
archetype_class,Sharpshooter:archer,solver_default,6,attacks_per_second,6,0.51,0.51,0.51,0.51,1.665,2.05,2.05,1.0233,0.7953,0
archetype_class,Sharpshooter:archer,solver_default,6,poison,6,0,0,0,0,0,4120,8240,1373.3333,3363.9659,0
archetype_class,Sharpshooter:archer,solver_default,6,main_attack_range_pct,6,-5,-2.5,0,0,0,0,0,-0.8333,2.0412,0
archetype_class,Sharpshooter:archer,solver_default,6,main_attack_range_blocks,6,10.45,10.725,11,11,11,11,11,10.9083,0.2245,0
archetype_class,Sharpshooter:archer,solver_default,6,main_attack_dps,6,1538.5767,1738.1149,2207.762,3569.1197,5360.2909,6909.8074,8045.9437,4072.3473,2480.9123,1831.0048
archetype_class,Sharpshooter:archer,solver_default,6,spell_display_avg_max,6,24610.3606,26021.4718,28630.4951,33653.7461,36233.6987,40412.3735,44207.5689,33362.5305,6988.9768,4592.2976
archetype_class,Sharpshooter:archer,solver_default,6,spell_display_avg_sum,6,64510.7203,67126.8264,73232.8776,88168.8976,93897.7428,94588.7267,94858.8237,83294.8169,13260.1168,6419.8291
archetype_class,Sharpshooter:archer,solver_default,6,heal_pct,6,-47,-23.5,0,0,0,0,0,-7.8333,19.1877,0
archetype_class,Sharpshooter:archer,solver_default,6,skill_points_assigned,6,148,162,177.5,187,192.75,194,195,181,17.7539,7
class,archer,maximum,11,total_hp,11,12510,13376,14427,15785,17197.5,19210,25110,16396.3636,3495.0782,1650
class,archer,maximum,11,ehp,11,9623.0769,12142.3077,13615.9356,22394.628,35923.5751,41628.2401,57546.1479,26688.5568,15016.2633,10252.3203
class,archer,maximum,11,ehp_no_agi,11,9623.0769,10873.0769,11981.5375,14427.2581,22427.4722,41628.2401,55651.3226,20883.9084,14720.5867,3554.1812
class,archer,maximum,11,hpr,11,-240,-199.02,-167.6,0,386.41,1058.46,1997.75,289.0227,683.6672,199.02
class,archer,maximum,11,ehpr,11,-345.0331,-153.0923,-128.9231,0,749.4719,2293.6922,4578.3679,714.8086,1488.0333,247.8625
class,archer,maximum,11,ls,11,-385,0,40,273,728,1060,1186,394.8182,493.9404,273
class,archer,maximum,11,effective_ls,11,-567.7927,0,55,559.7778,863.8462,1233.4932,1320.8747,469.9726,581.9409,449.7778
class,archer,maximum,11,mr,11,-14,-7,-3,24,39.5,49,59,19.8182,25.7908,24
class,archer,maximum,11,total_mr,11,11,18,22,49,64.5,74,84,44.8182,25.7908,24
class,archer,maximum,11,ms,11,-14,-8,0,26,35.5,63,86,24.8182,30.5477,26
class,archer,maximum,11,mana_per_hit,11,-9.1503,-1.3008,0,2.4806,18.9543,41.1765,56.2092,12.2016,20.3487,3.7814
class,archer,maximum,11,total_mana,11,91,100,134.5,152,233.5,241,328,177.3636,72.3164,52
class,archer,maximum,11,walk_speed,11,-24,-21,-9,0,6,26,257,21.0909,79.4877,11
class,archer,maximum,11,attack_tier,11,-67,-15,-9.5,-3,-0.5,0,2,-9.9091,19.6492,3
class,archer,maximum,11,attacks_per_second,11,0.51,0.51,0.51,0.51,2.05,4.3,4.3,1.4791,1.5212,0
class,archer,maximum,11,poison,11,0,0,0,0,0,8500,9315,1619.5455,3607.8667,0
class,archer,maximum,11,main_attack_range_pct,11,-35,-17,-3,0,0,1,35,-2,16.5288,0
class,archer,maximum,11,main_attack_range_blocks,11,3.9,5.64,7.05,11,11,11,11.11,8.9891,2.6754,0.11
class,archer,maximum,11,main_attack_dps,11,1757.384,2064.4827,3755.6602,6248.1357,11140.1637,15860.1914,16385.1754,7751.0623,5283.7995,4007.8598
class,archer,maximum,11,spell_display_avg_max,11,25843.8436,29344.5537,33746.9078,38613.424,117061.5584,166338.9805,242829.3276,80952.4815,71550.3372,9268.8703
class,archer,maximum,11,spell_display_avg_sum,11,62003.2586,67726.501,81872.4382,101077.9159,175152.2564,263673.9514,354916.9373,142271.7694,93309.6508,33351.4149
class,archer,maximum,11,heal_pct,11,-42,-1,0,0,0,0,0,-3.9091,12.6369,0
class,archer,maximum,11,skill_points_assigned,11,148,158,173,182,192.5,195,196,179.3636,15.5645,11
family,family_unclassified,maximum,36,total_hp,36,7785,11097.5,13299.75,14335,16491.25,21185,25110,15311.3333,4096.2644,1487.5
family,family_unclassified,maximum,36,ehp,36,10548.3386,12905.1923,17410.0172,25411.4255,37464.4276,57219.3864,65304.1689,30005.5328,15557.7089,10244.0496
family,family_unclassified,maximum,36,ehp_no_agi,36,8117.5281,11737.467,13965.7428,17502.9056,24784.6694,56271.9738,65304.1689,23994.3881,16400.5118,4802.8161
family,family_unclassified,maximum,36,hpr,36,-535.5,-242.5,-182.3,0,403.755,761.565,1997.75,159.3614,486.8934,232.765
family,family_unclassified,maximum,36,ehpr,36,-1489.0518,-500.5434,-170.401,0,719.451,1502.384,4578.3679,380.4972,1073.8778,339.328
family,family_unclassified,maximum,36,ls,36,-630,-183.5,0,249,647,1066,1810,347.4444,538.6258,286
family,family_unclassified,maximum,36,effective_ls,36,-1069.354,-429.1941,0,479.4039,1234.2851,2013.3914,3865.1392,682.5322,1082.3288,479.4039
family,family_unclassified,maximum,36,mr,36,-15,-5,1.5,23,40.25,45.5,59,21.5,20.1587,18
family,family_unclassified,maximum,36,total_mr,36,10,20,26.5,48,65.25,70.5,84,46.5,20.1587,18
family,family_unclassified,maximum,36,ms,36,-22,-8,0,18,31.75,43.5,98,20.9167,25.6363,17
family,family_unclassified,maximum,36,mana_per_hit,36,-9.1503,-3.2648,0,3.1613,19.232,25.1634,41.1765,8.4353,12.1328,4.1218
family,family_unclassified,maximum,36,total_mana,36,100,107.5,146.75,164.5,231.25,239.5,328,182,56.5812,48
family,family_unclassified,maximum,36,walk_speed,36,-47,-24,-18,0,11.25,80,269,14.3611,58.7266,15
family,family_unclassified,maximum,36,attack_tier,36,-67,-7.5,-3.25,0,0,0,16,-3.4722,11.814,0.5
family,family_unclassified,maximum,36,attacks_per_second,36,0.51,0.51,0.51,0.83,2.05,3.1,4.3,1.3975,1.1276,0.32
family,family_unclassified,maximum,36,poison,36,-8400,0,0,0,0,50,32850,889.7222,6144.9588,0
family,family_unclassified,maximum,36,main_attack_range_pct,36,-35,-18.5,0,0,0,0.5,163,1.6389,29.1784,0
family,family_unclassified,maximum,36,main_attack_range_blocks,32,0.8,1,1.895,4,11,26.3628,32.25,7.849,9.6971,3
family,family_unclassified,maximum,36,main_attack_dps,36,339.8206,1334.8551,1837.4094,3897.031,6493.571,8466.5912,18235.7166,4641.7066,3644.8163,2253.3626
family,family_unclassified,maximum,36,spell_display_avg_max,36,14322.6695,19773.0175,25343.5765,34488.2481,56662.8741,102746.6192,194434.4644,51033.7007,42265.1668,12824.0243
family,family_unclassified,maximum,36,spell_display_avg_sum,36,30077.5813,39361.5359,45895.7127,63722.4081,104639.955,155393.1837,298240.7499,86635.8108,59607.1179,22066.7297
family,family_unclassified,maximum,36,heal_pct,36,-42,-17.5,-2,0,0,1,83,0.8056,21.4793,0
family,family_unclassified,maximum,36,skill_points_assigned,36,131,150,173.5,191.5,196,198.5,200,182.1667,19.3383,6
family_class,family_unclassified:archer,maximum,8,total_hp,8,13376,14316.1,15068.5,15972.5,18591.25,20980,25110,17241.25,3700.4575,1833
family_class,family_unclassified:archer,maximum,8,ehp,8,12315.3846,14136.156,19599.5639,26197.3707,37871.8144,46403.6124,57546.1479,29572.6578,15177.9924,10851.593
family_class,family_unclassified:archer,maximum,8,ehp_no_agi,8,11820.7672,12166.9994,13899.2897,18885.2198,28010.3991,45835.1649,55651.3226,24635.5664,15815.5375,5577.8671
family_class,family_unclassified:archer,maximum,8,hpr,8,-240,-203.6,-47,214.79,615.375,1340.247,1997.75,440.6838,753.8463,327.84
family_class,family_unclassified:archer,maximum,8,ehpr,8,-345.0331,-204.7407,-36.1539,348.9394,1360.1186,2979.0949,4578.3679,1016.1522,1667.5951,593.7637
family_class,family_unclassified:archer,maximum,8,ls,8,-385,-115.5,0,111.5,354.25,676,858,195.875,384.7884,136.5
family_class,family_unclassified:archer,maximum,8,effective_ls,8,-567.7927,-170.3378,0,141.6804,572.9066,798.6531,1233.4932,265.1415,536.1106,279.8889
family_class,family_unclassified:archer,maximum,8,mr,8,-7,-0.7,18.5,32.5,46.75,52,59,29.75,22.8645,15
family_class,family_unclassified:archer,maximum,8,total_mr,8,18,24.3,43.5,57.5,71.75,77,84,54.75,22.8645,15
family_class,family_unclassified:archer,maximum,8,ms,8,-14,-9.8,-2,9.5,32.25,46.2,63,16.125,26.5407,19
family_class,family_unclassified:archer,maximum,8,mana_per_hit,8,-9.1503,-3.6556,-0.3252,2.439,15.6863,30.1961,41.1765,9.189,16.6183,6.8596
family_class,family_unclassified:archer,maximum,8,total_mana,8,136,140.9,149.75,196,236.5,267.1,328,203.375,67.0521,44.5
family_class,family_unclassified:archer,maximum,8,walk_speed,8,-24,-21.9,-15.75,-2,0.25,8.5,26,-4.5,15.7843,7.5
family_class,family_unclassified:archer,maximum,8,attack_tier,8,-67,-30.6,-9,-3.5,-1.75,-0.7,0,-12.375,22.5765,3
family_class,family_unclassified:archer,maximum,8,attacks_per_second,8,0.51,0.51,0.51,0.51,0.895,2.05,2.05,0.895,0.7129,0
family_class,family_unclassified:archer,maximum,8,poison,8,0,0,0,0,0,2794.5,9315,1164.375,3293.3498,0
family_class,family_unclassified:archer,maximum,8,main_attack_range_pct,8,-17,-9.3,-1.5,0,0,0.3,1,-2.75,6.1586,0
family_class,family_unclassified:archer,maximum,8,main_attack_range_blocks,8,5.64,8.083,10.5325,11,11,11.033,11.11,10.11,1.9236,0
family_class,family_unclassified:archer,maximum,8,main_attack_dps,8,1757.384,1972.3531,2901.6041,4424.3954,6845.24,9652.8866,12024.3318,5345.0403,3511.0694,2091.8265
family_class,family_unclassified:archer,maximum,8,spell_display_avg_max,8,25843.8436,28294.3407,32181.7165,36358.6497,40844.8964,65321.6048,106813.6177,44249.9362,26114.9992,5122.6541
family_class,family_unclassified:archer,maximum,8,spell_display_avg_sum,8,62003.2586,66009.5283,72884.3748,94595.1756,101181.5292,119328.1363,160944.927,94629.8736,31018.86,13444.3514
family_class,family_unclassified:archer,maximum,8,heal_pct,8,-42,-13.3,-0.25,0,0,0,0,-5.375,14.8029,0
family_class,family_unclassified:archer,maximum,8,skill_points_assigned,8,148,155,171.5,187,193.5,195.3,196,180,18.213,8.5
archetype,Sharpshooter,maximum,6,total_hp,6,13376,14047.5,15023,15972.5,17791.25,21747.5,25110,17255.8333,4189.231,1833
archetype,Sharpshooter,maximum,6,ehp,6,12315.3846,13615.9356,16477.5124,25580.3515,34964.7827,47082.9102,57546.1479,28759.7324,16803.4158,10851.593
archetype,Sharpshooter,maximum,6,ehp_no_agi,6,11820.7672,12068.0759,12843.353,15406.9361,21699.9926,39561.2207,55651.3226,22345.4109,16853.0408,3338.8602
archetype,Sharpshooter,maximum,6,hpr,6,-240,-214,-141,62.22,381.87,1232.715,1997.75,360.3117,841.3337,276.22
archetype,Sharpshooter,maximum,6,ehpr,6,-345.0331,-244.8242,-108.4615,123.9313,848.6612,2813.6477,4578.3679,897.5849,1867.0376,368.7555
archetype,Sharpshooter,maximum,6,ls,6,0,0,35.75,208,516.75,728,858,312,347.7591,208
archetype,Sharpshooter,maximum,6,effective_ls,6,0,0,27.5,334.8889,599.1642,922.8931,1233.4932,419.2607,483.1526,306.1465
archetype,Sharpshooter,maximum,6,mr,6,-7,12.5,32.25,39.5,48.25,54,59,35.3333,23.1056,8.5
archetype,Sharpshooter,maximum,6,total_mr,6,18,37.5,57.25,64.5,73.25,79,84,60.3333,23.1056,8.5
archetype,Sharpshooter,maximum,6,ms,6,-8,-4,0,15,36.75,51,63,20.6667,27.8974,19
archetype,Sharpshooter,maximum,6,mana_per_hit,6,-1.3008,-0.6504,0,2.439,20.3372,33.3333,41.1765,11.7073,17.5976,3.0894
archetype,Sharpshooter,maximum,6,total_mana,6,143,147.5,154,196,234.25,238,241,193.8333,46.5936,41.5
archetype,Sharpshooter,maximum,6,walk_speed,6,-24,-19,-10.5,0,0.75,13.5,26,-1.8333,16.9046,7.5
archetype,Sharpshooter,maximum,6,attack_tier,6,-15,-11,-6.25,-3,-1.25,-0.5,0,-4.8333,5.5648,2.5
archetype,Sharpshooter,maximum,6,attacks_per_second,6,0.51,0.51,0.51,0.51,1.665,2.05,2.05,1.0233,0.7953,0
archetype,Sharpshooter,maximum,6,poison,6,0,0,0,0,0,4657.5,9315,1552.5,3802.8328,0
archetype,Sharpshooter,maximum,6,main_attack_range_pct,6,0,0,0,0,0,0.5,1,0.1667,0.4082,0
archetype,Sharpshooter,maximum,6,main_attack_range_blocks,6,11,11,11,11,11,11.055,11.11,11.0183,0.0449,0
archetype,Sharpshooter,maximum,6,main_attack_dps,6,1757.384,1910.9334,2343.5232,3755.6602,5768.7708,7442.3444,8636.553,4369.646,2656.6201,1844.7269
archetype,Sharpshooter,maximum,6,spell_display_avg_max,6,25843.8436,27594.1987,30600.0098,36358.6497,38547.7983,43076.3688,47539.3136,35676.4057,7681.0871,4634.4351
archetype,Sharpshooter,maximum,6,spell_display_avg_sum,6,67726.501,71165.0836,78238.0521,94595.1756,100820.7222,101285.1424,101492.3689,89015.1339,14723.1356,6689.9668
archetype,Sharpshooter,maximum,6,heal_pct,6,-42,-21,0,0,0,0,0,-7,17.1464,0
archetype,Sharpshooter,maximum,6,skill_points_assigned,6,148,162,177.5,187,192.75,194,195,181,17.7539,7
archetype_class,Sharpshooter:archer,maximum,6,total_hp,6,13376,14047.5,15023,15972.5,17791.25,21747.5,25110,17255.8333,4189.231,1833
archetype_class,Sharpshooter:archer,maximum,6,ehp,6,12315.3846,13615.9356,16477.5124,25580.3515,34964.7827,47082.9102,57546.1479,28759.7324,16803.4158,10851.593
archetype_class,Sharpshooter:archer,maximum,6,ehp_no_agi,6,11820.7672,12068.0759,12843.353,15406.9361,21699.9926,39561.2207,55651.3226,22345.4109,16853.0408,3338.8602
archetype_class,Sharpshooter:archer,maximum,6,hpr,6,-240,-214,-141,62.22,381.87,1232.715,1997.75,360.3117,841.3337,276.22
archetype_class,Sharpshooter:archer,maximum,6,ehpr,6,-345.0331,-244.8242,-108.4615,123.9313,848.6612,2813.6477,4578.3679,897.5849,1867.0376,368.7555
archetype_class,Sharpshooter:archer,maximum,6,ls,6,0,0,35.75,208,516.75,728,858,312,347.7591,208
archetype_class,Sharpshooter:archer,maximum,6,effective_ls,6,0,0,27.5,334.8889,599.1642,922.8931,1233.4932,419.2607,483.1526,306.1465
archetype_class,Sharpshooter:archer,maximum,6,mr,6,-7,12.5,32.25,39.5,48.25,54,59,35.3333,23.1056,8.5
archetype_class,Sharpshooter:archer,maximum,6,total_mr,6,18,37.5,57.25,64.5,73.25,79,84,60.3333,23.1056,8.5
archetype_class,Sharpshooter:archer,maximum,6,ms,6,-8,-4,0,15,36.75,51,63,20.6667,27.8974,19
archetype_class,Sharpshooter:archer,maximum,6,mana_per_hit,6,-1.3008,-0.6504,0,2.439,20.3372,33.3333,41.1765,11.7073,17.5976,3.0894
archetype_class,Sharpshooter:archer,maximum,6,total_mana,6,143,147.5,154,196,234.25,238,241,193.8333,46.5936,41.5
archetype_class,Sharpshooter:archer,maximum,6,walk_speed,6,-24,-19,-10.5,0,0.75,13.5,26,-1.8333,16.9046,7.5
archetype_class,Sharpshooter:archer,maximum,6,attack_tier,6,-15,-11,-6.25,-3,-1.25,-0.5,0,-4.8333,5.5648,2.5
archetype_class,Sharpshooter:archer,maximum,6,attacks_per_second,6,0.51,0.51,0.51,0.51,1.665,2.05,2.05,1.0233,0.7953,0
archetype_class,Sharpshooter:archer,maximum,6,poison,6,0,0,0,0,0,4657.5,9315,1552.5,3802.8328,0
archetype_class,Sharpshooter:archer,maximum,6,main_attack_range_pct,6,0,0,0,0,0,0.5,1,0.1667,0.4082,0
archetype_class,Sharpshooter:archer,maximum,6,main_attack_range_blocks,6,11,11,11,11,11,11.055,11.11,11.0183,0.0449,0
archetype_class,Sharpshooter:archer,maximum,6,main_attack_dps,6,1757.384,1910.9334,2343.5232,3755.6602,5768.7708,7442.3444,8636.553,4369.646,2656.6201,1844.7269
archetype_class,Sharpshooter:archer,maximum,6,spell_display_avg_max,6,25843.8436,27594.1987,30600.0098,36358.6497,38547.7983,43076.3688,47539.3136,35676.4057,7681.0871,4634.4351
archetype_class,Sharpshooter:archer,maximum,6,spell_display_avg_sum,6,67726.501,71165.0836,78238.0521,94595.1756,100820.7222,101285.1424,101492.3689,89015.1339,14723.1356,6689.9668
archetype_class,Sharpshooter:archer,maximum,6,heal_pct,6,-42,-21,0,0,0,0,0,-7,17.1464,0
archetype_class,Sharpshooter:archer,maximum,6,skill_points_assigned,6,148,162,177.5,187,192.75,194,195,181,17.7539,7
family,family_hybrid,median,2,total_hp,2,12785,13085,13535,14285,15035,15485,15785,14285,2121.3203,1500
family,family_hybrid,median,2,ehp,2,12142.3077,14114.3755,17072.4772,22002.6467,26932.8162,29890.9179,31862.9857,22002.6467,13944.6251,9860.339
family,family_hybrid,median,2,ehp_no_agi,2,9834.6154,10065.3846,10411.5385,10988.4616,11565.3846,11911.5385,12142.3077,10988.4616,1631.7849,1153.8461
family,family_hybrid,median,2,hpr,2,-209.3,-188.37,-156.975,-104.65,-52.325,-20.93,0,-104.65,147.9974,104.65
family,family_hybrid,median,2,ehpr,2,-161,-144.9,-120.75,-80.5,-40.25,-16.1,0,-80.5,113.8442,80.5
family,family_hybrid,median,2,ls,2,326,348.4,382,438,494,527.6,550,438,158.3919,112
family,family_hybrid,median,2,effective_ls,2,423.0769,462.0155,520.4233,617.7697,715.1161,773.5239,812.4625,617.7697,275.3372,194.6928
family,family_hybrid,median,2,mr,2,-9,-8.1,-6.75,-4.5,-2.25,-0.9,0,-4.5,6.364,4.5
family,family_hybrid,median,2,total_mr,2,16,16.9,18.25,20.5,22.75,24.1,25,20.5,6.364,4.5
family,family_hybrid,median,2,ms,2,16,16.4,17,18,19,19.6,20,18,2.8284,2
family,family_hybrid,median,2,mana_per_hit,2,1.2403,1.2713,1.3178,1.3954,1.4729,1.5194,1.5504,1.3954,0.2193,0.1551
family,family_hybrid,median,2,total_mana,2,87,88.3,90.25,93.5,96.75,98.7,100,93.5,9.1924,6.5
family,family_hybrid,median,2,walk_speed,2,-3,14,39.5,82,124.5,150,167,82,120.2082,85
family,family_hybrid,median,2,attack_tier,2,0,0.2,0.5,1,1.5,1.8,2,1,1.4142,1
family,family_hybrid,median,2,attacks_per_second,2,4.3,4.3,4.3,4.3,4.3,4.3,4.3,4.3,0,0
family,family_hybrid,median,2,poison,2,0,0,0,0,0,0,0,0,0,0
family,family_hybrid,median,2,main_attack_range_pct,2,0,2.2,5.5,11,16.5,19.8,22,11,15.5563,11
family,family_hybrid,median,2,main_attack_range_blocks,2,6,6.132,6.33,6.66,6.99,7.188,7.32,6.66,0.9334,0.66
family,family_hybrid,median,2,main_attack_dps,2,10232.443,10407.3786,10669.7821,11107.1211,11544.4601,11806.8636,11981.7992,11107.1211,1236.9816,874.6781
family,family_hybrid,median,2,spell_display_avg_max,2,105454.802,108796.234,113808.382,122161.9621,130515.5421,135527.6901,138869.1221,122161.9621,23627.4923,16707.1601
family,family_hybrid,median,2,spell_display_avg_sum,2,156280.8546,162675.9877,172268.6874,188256.5202,204244.353,213837.0527,220232.1858,188256.5202,45220.42,31975.6656
family,family_hybrid,median,2,heal_pct,2,0,0,0,0,0,0,0,0,0,0
family,family_hybrid,median,2,skill_points_assigned,2,170,171.1,172.75,175.5,178.25,179.9,181,175.5,7.7782,5.5
family_class,family_hybrid:archer,median,2,total_hp,2,12785,13085,13535,14285,15035,15485,15785,14285,2121.3203,1500
family_class,family_hybrid:archer,median,2,ehp,2,12142.3077,14114.3755,17072.4772,22002.6467,26932.8162,29890.9179,31862.9857,22002.6467,13944.6251,9860.339
family_class,family_hybrid:archer,median,2,ehp_no_agi,2,9834.6154,10065.3846,10411.5385,10988.4616,11565.3846,11911.5385,12142.3077,10988.4616,1631.7849,1153.8461
family_class,family_hybrid:archer,median,2,hpr,2,-209.3,-188.37,-156.975,-104.65,-52.325,-20.93,0,-104.65,147.9974,104.65
family_class,family_hybrid:archer,median,2,ehpr,2,-161,-144.9,-120.75,-80.5,-40.25,-16.1,0,-80.5,113.8442,80.5
family_class,family_hybrid:archer,median,2,ls,2,326,348.4,382,438,494,527.6,550,438,158.3919,112
family_class,family_hybrid:archer,median,2,effective_ls,2,423.0769,462.0155,520.4233,617.7697,715.1161,773.5239,812.4625,617.7697,275.3372,194.6928
family_class,family_hybrid:archer,median,2,mr,2,-9,-8.1,-6.75,-4.5,-2.25,-0.9,0,-4.5,6.364,4.5
family_class,family_hybrid:archer,median,2,total_mr,2,16,16.9,18.25,20.5,22.75,24.1,25,20.5,6.364,4.5
family_class,family_hybrid:archer,median,2,ms,2,16,16.4,17,18,19,19.6,20,18,2.8284,2
family_class,family_hybrid:archer,median,2,mana_per_hit,2,1.2403,1.2713,1.3178,1.3954,1.4729,1.5194,1.5504,1.3954,0.2193,0.1551
family_class,family_hybrid:archer,median,2,total_mana,2,87,88.3,90.25,93.5,96.75,98.7,100,93.5,9.1924,6.5
family_class,family_hybrid:archer,median,2,walk_speed,2,-3,14,39.5,82,124.5,150,167,82,120.2082,85
family_class,family_hybrid:archer,median,2,attack_tier,2,0,0.2,0.5,1,1.5,1.8,2,1,1.4142,1
family_class,family_hybrid:archer,median,2,attacks_per_second,2,4.3,4.3,4.3,4.3,4.3,4.3,4.3,4.3,0,0
family_class,family_hybrid:archer,median,2,poison,2,0,0,0,0,0,0,0,0,0,0
family_class,family_hybrid:archer,median,2,main_attack_range_pct,2,0,2.2,5.5,11,16.5,19.8,22,11,15.5563,11
family_class,family_hybrid:archer,median,2,main_attack_range_blocks,2,6,6.132,6.33,6.66,6.99,7.188,7.32,6.66,0.9334,0.66
family_class,family_hybrid:archer,median,2,main_attack_dps,2,10232.443,10407.3786,10669.7821,11107.1211,11544.4601,11806.8636,11981.7992,11107.1211,1236.9816,874.6781
family_class,family_hybrid:archer,median,2,spell_display_avg_max,2,105454.802,108796.234,113808.382,122161.9621,130515.5421,135527.6901,138869.1221,122161.9621,23627.4923,16707.1601
family_class,family_hybrid:archer,median,2,spell_display_avg_sum,2,156280.8546,162675.9877,172268.6874,188256.5202,204244.353,213837.0527,220232.1858,188256.5202,45220.42,31975.6656
family_class,family_hybrid:archer,median,2,heal_pct,2,0,0,0,0,0,0,0,0,0,0
family_class,family_hybrid:archer,median,2,skill_points_assigned,2,170,171.1,172.75,175.5,178.25,179.9,181,175.5,7.7782,5.5
archetype,Boltslinger,median,3,total_hp,3,12510,12814.2,13270.5,14031,14908,15434.2,15785,14108.6667,1638.8808,1521
archetype,Boltslinger,median,3,ehp,3,9623.0769,10126.9231,10882.6923,12142.3077,16417.5162,18982.6413,20692.7247,14152.7031,5802.2016,2519.2308
archetype,Boltslinger,median,3,ehp_no_agi,3,9623.0769,10126.9231,10882.6923,12142.3077,15950.5235,18235.453,19758.7393,13841.3746,5277.1237,2519.2308
archetype,Boltslinger,median,3,hpr,3,-292.6,-275.94,-250.95,-209.3,-21.445,91.268,166.41,-111.83,244.536,83.3
archetype,Boltslinger,median,3,ehpr,3,-225.0769,-212.2615,-193.0384,-161,42.2096,164.1354,245.4192,-46.8859,255.163,64.0769
archetype,Boltslinger,median,3,ls,3,-550,-330,0,550,640,694,730,243.3333,692.9165,180
archetype,Boltslinger,median,3,effective_ls,3,-811.1324,-564.2905,-194.0277,423.0769,492.3077,533.8462,561.5385,57.8277,755.7193,138.4616
archetype,Boltslinger,median,3,mr,3,-21,-17.4,-12,-3,-1.5,-0.6,0,-8,11.3578,3
archetype,Boltslinger,median,3,total_mr,3,4,7.6,13,22,23.5,24.4,25,17,11.3578,3
archetype,Boltslinger,median,3,ms,3,-20,-12.8,-2,16,37,49.6,58,18,39.0384,36
archetype,Boltslinger,median,3,mana_per_hit,3,-13.0719,-10.2095,-5.9158,1.2403,19.5744,30.5749,37.9085,8.6923,26.2945,14.3122
archetype,Boltslinger,median,3,total_mana,3,100,106.6,116.5,133,206,249.8,279,170.6667,95.2593,33
archetype,Boltslinger,median,3,walk_speed,3,-30,-24.6,-16.5,-3,-1.5,-0.6,0,-11,16.5227,3
archetype,Boltslinger,median,3,attack_tier,3,-12,-10.2,-7.5,-3,-1.5,-0.6,0,-5,6.245,3
archetype,Boltslinger,median,3,attacks_per_second,3,0.51,0.51,0.51,0.51,2.405,3.542,4.3,1.7733,2.1882,0
archetype,Boltslinger,median,3,poison,3,0,0,0,0,4250,6800,8500,2833.3333,4907.4773,0
archetype,Boltslinger,median,3,main_attack_range_pct,3,-50,-41.6,-29,-8,-4,-1.6,0,-19.3333,26.8576,8
archetype,Boltslinger,median,3,main_attack_range_blocks,3,3,3.504,4.26,5.52,5.76,5.904,6,4.84,1.6115,0.48
archetype,Boltslinger,median,3,main_attack_dps,3,4252.9143,4851.8857,5750.3429,7247.7714,9614.7853,11034.9936,11981.7992,7827.495,3896.9187,2994.8571
archetype,Boltslinger,median,3,spell_display_avg_max,3,84671.8974,95511.3423,111770.5098,138869.1221,171803.9825,191564.8987,204738.8428,142759.9541,60127.9617,54197.2247
archetype,Boltslinger,median,3,spell_display_avg_sum,3,127601.6623,146127.767,173916.9241,220232.1858,259730.4469,283429.4035,299228.7079,215687.5187,85903.7321,78996.5221
archetype,Boltslinger,median,3,heal_pct,3,-18,-14.4,-9,0,0,0,0,-6,10.3923,0
archetype,Boltslinger,median,3,skill_points_assigned,3,170,172.4,176,182,189,193.2,196,182.6667,13.0128,12
archetype_class,Boltslinger:archer,median,3,total_hp,3,12510,12814.2,13270.5,14031,14908,15434.2,15785,14108.6667,1638.8808,1521
archetype_class,Boltslinger:archer,median,3,ehp,3,9623.0769,10126.9231,10882.6923,12142.3077,16417.5162,18982.6413,20692.7247,14152.7031,5802.2016,2519.2308
archetype_class,Boltslinger:archer,median,3,ehp_no_agi,3,9623.0769,10126.9231,10882.6923,12142.3077,15950.5235,18235.453,19758.7393,13841.3746,5277.1237,2519.2308
archetype_class,Boltslinger:archer,median,3,hpr,3,-292.6,-275.94,-250.95,-209.3,-21.445,91.268,166.41,-111.83,244.536,83.3
archetype_class,Boltslinger:archer,median,3,ehpr,3,-225.0769,-212.2615,-193.0384,-161,42.2096,164.1354,245.4192,-46.8859,255.163,64.0769
archetype_class,Boltslinger:archer,median,3,ls,3,-550,-330,0,550,640,694,730,243.3333,692.9165,180
archetype_class,Boltslinger:archer,median,3,effective_ls,3,-811.1324,-564.2905,-194.0277,423.0769,492.3077,533.8462,561.5385,57.8277,755.7193,138.4616
archetype_class,Boltslinger:archer,median,3,mr,3,-21,-17.4,-12,-3,-1.5,-0.6,0,-8,11.3578,3
archetype_class,Boltslinger:archer,median,3,total_mr,3,4,7.6,13,22,23.5,24.4,25,17,11.3578,3
archetype_class,Boltslinger:archer,median,3,ms,3,-20,-12.8,-2,16,37,49.6,58,18,39.0384,36
archetype_class,Boltslinger:archer,median,3,mana_per_hit,3,-13.0719,-10.2095,-5.9158,1.2403,19.5744,30.5749,37.9085,8.6923,26.2945,14.3122
archetype_class,Boltslinger:archer,median,3,total_mana,3,100,106.6,116.5,133,206,249.8,279,170.6667,95.2593,33
archetype_class,Boltslinger:archer,median,3,walk_speed,3,-30,-24.6,-16.5,-3,-1.5,-0.6,0,-11,16.5227,3
archetype_class,Boltslinger:archer,median,3,attack_tier,3,-12,-10.2,-7.5,-3,-1.5,-0.6,0,-5,6.245,3
archetype_class,Boltslinger:archer,median,3,attacks_per_second,3,0.51,0.51,0.51,0.51,2.405,3.542,4.3,1.7733,2.1882,0
archetype_class,Boltslinger:archer,median,3,poison,3,0,0,0,0,4250,6800,8500,2833.3333,4907.4773,0
archetype_class,Boltslinger:archer,median,3,main_attack_range_pct,3,-50,-41.6,-29,-8,-4,-1.6,0,-19.3333,26.8576,8
archetype_class,Boltslinger:archer,median,3,main_attack_range_blocks,3,3,3.504,4.26,5.52,5.76,5.904,6,4.84,1.6115,0.48
archetype_class,Boltslinger:archer,median,3,main_attack_dps,3,4252.9143,4851.8857,5750.3429,7247.7714,9614.7853,11034.9936,11981.7992,7827.495,3896.9187,2994.8571
archetype_class,Boltslinger:archer,median,3,spell_display_avg_max,3,84671.8974,95511.3423,111770.5098,138869.1221,171803.9825,191564.8987,204738.8428,142759.9541,60127.9617,54197.2247
archetype_class,Boltslinger:archer,median,3,spell_display_avg_sum,3,127601.6623,146127.767,173916.9241,220232.1858,259730.4469,283429.4035,299228.7079,215687.5187,85903.7321,78996.5221
archetype_class,Boltslinger:archer,median,3,heal_pct,3,-18,-14.4,-9,0,0,0,0,-6,10.3923,0
archetype_class,Boltslinger:archer,median,3,skill_points_assigned,3,170,172.4,176,182,189,193.2,196,182.6667,13.0128,12
family,family_hybrid,upper_quartile_proxy,2,total_hp,2,13460,13692.5,14041.25,14622.5,15203.75,15552.5,15785,14622.5,1644.0233,1162.5
family,family_hybrid,upper_quartile_proxy,2,ehp,2,12142.3077,14282.6001,17493.0387,22843.7697,28194.5007,31404.9393,33545.2317,22843.7697,15134.1527,10701.462
family,family_hybrid,upper_quartile_proxy,2,ehp_no_agi,2,10353.8462,10532.6924,10800.9616,11248.0769,11695.1923,11963.4616,12142.3077,11248.0769,1264.6333,894.2307
family,family_hybrid,upper_quartile_proxy,2,hpr,2,-177.1,-159.39,-132.825,-88.55,-44.275,-17.71,0,-88.55,125.2286,88.55
family,family_hybrid,upper_quartile_proxy,2,ehpr,2,-136.2308,-122.6077,-102.1731,-68.1154,-34.0577,-13.6231,0,-68.1154,96.3297,68.1154
family,family_hybrid,upper_quartile_proxy,2,ls,2,428,465.8,522.5,617,711.5,768.2,806,617,267.2864,189
family,family_hybrid,upper_quartile_proxy,2,effective_ls,2,620,664.6669,731.6672,843.3343,955.0015,1022.0017,1066.6686,843.3343,315.8424,223.3343
family,family_hybrid,upper_quartile_proxy,2,mr,2,-7,-6.3,-5.25,-3.5,-1.75,-0.7,0,-3.5,4.9497,3.5
family,family_hybrid,upper_quartile_proxy,2,total_mr,2,18,18.7,19.75,21.5,23.25,24.3,25,21.5,4.9497,3.5
family,family_hybrid,upper_quartile_proxy,2,ms,2,21,21.5,22.25,23.5,24.75,25.5,26,23.5,3.5355,2.5
family,family_hybrid,upper_quartile_proxy,2,mana_per_hit,2,1.6279,1.6667,1.7248,1.8217,1.9186,1.9767,2.0155,1.8217,0.2741,0.1938
family,family_hybrid,upper_quartile_proxy,2,total_mana,2,89,90.1,91.75,94.5,97.25,98.9,100,94.5,7.7782,5.5
family,family_hybrid,upper_quartile_proxy,2,walk_speed,2,4,24.7,55.75,107.5,159.25,190.3,211,107.5,146.3711,103.5
family,family_hybrid,upper_quartile_proxy,2,attack_tier,2,0,0.2,0.5,1,1.5,1.8,2,1,1.4142,1
family,family_hybrid,upper_quartile_proxy,2,attacks_per_second,2,4.3,4.3,4.3,4.3,4.3,4.3,4.3,4.3,0,0
family,family_hybrid,upper_quartile_proxy,2,poison,2,0,0,0,0,0,0,0,0,0,0
family,family_hybrid,upper_quartile_proxy,2,main_attack_range_pct,2,0,2.8,7,14,21,25.2,28,14,19.799,14
family,family_hybrid,upper_quartile_proxy,2,main_attack_range_blocks,2,6,6.168,6.42,6.84,7.26,7.512,7.68,6.84,1.1879,0.84
family,family_hybrid,upper_quartile_proxy,2,main_attack_dps,2,13056.3798,13171.4802,13344.1308,13631.8818,13919.6327,14092.2833,14207.3837,13631.8818,813.8827,575.5019
family,family_hybrid,upper_quartile_proxy,2,spell_display_avg_max,2,116382.1505,120026.2386,125492.3708,134602.5911,143712.8113,149178.9435,152823.0316,134602.5911,25767.5941,18220.4405
family,family_hybrid,upper_quartile_proxy,2,spell_display_avg_sum,2,172820.2202,179767.77,190189.0948,207557.9694,224926.8439,235348.1687,242295.7185,207557.9694,49126.596,34737.7491
family,family_hybrid,upper_quartile_proxy,2,heal_pct,2,0,0,0,0,0,0,0,0,0,0
family,family_hybrid,upper_quartile_proxy,2,skill_points_assigned,2,170,171.1,172.75,175.5,178.25,179.9,181,175.5,7.7782,5.5
family_class,family_hybrid:archer,upper_quartile_proxy,2,total_hp,2,13460,13692.5,14041.25,14622.5,15203.75,15552.5,15785,14622.5,1644.0233,1162.5
family_class,family_hybrid:archer,upper_quartile_proxy,2,ehp,2,12142.3077,14282.6001,17493.0387,22843.7697,28194.5007,31404.9393,33545.2317,22843.7697,15134.1527,10701.462
family_class,family_hybrid:archer,upper_quartile_proxy,2,ehp_no_agi,2,10353.8462,10532.6924,10800.9616,11248.0769,11695.1923,11963.4616,12142.3077,11248.0769,1264.6333,894.2307
family_class,family_hybrid:archer,upper_quartile_proxy,2,hpr,2,-177.1,-159.39,-132.825,-88.55,-44.275,-17.71,0,-88.55,125.2286,88.55
family_class,family_hybrid:archer,upper_quartile_proxy,2,ehpr,2,-136.2308,-122.6077,-102.1731,-68.1154,-34.0577,-13.6231,0,-68.1154,96.3297,68.1154
family_class,family_hybrid:archer,upper_quartile_proxy,2,ls,2,428,465.8,522.5,617,711.5,768.2,806,617,267.2864,189
family_class,family_hybrid:archer,upper_quartile_proxy,2,effective_ls,2,620,664.6669,731.6672,843.3343,955.0015,1022.0017,1066.6686,843.3343,315.8424,223.3343
family_class,family_hybrid:archer,upper_quartile_proxy,2,mr,2,-7,-6.3,-5.25,-3.5,-1.75,-0.7,0,-3.5,4.9497,3.5
family_class,family_hybrid:archer,upper_quartile_proxy,2,total_mr,2,18,18.7,19.75,21.5,23.25,24.3,25,21.5,4.9497,3.5
family_class,family_hybrid:archer,upper_quartile_proxy,2,ms,2,21,21.5,22.25,23.5,24.75,25.5,26,23.5,3.5355,2.5
family_class,family_hybrid:archer,upper_quartile_proxy,2,mana_per_hit,2,1.6279,1.6667,1.7248,1.8217,1.9186,1.9767,2.0155,1.8217,0.2741,0.1938
family_class,family_hybrid:archer,upper_quartile_proxy,2,total_mana,2,89,90.1,91.75,94.5,97.25,98.9,100,94.5,7.7782,5.5
family_class,family_hybrid:archer,upper_quartile_proxy,2,walk_speed,2,4,24.7,55.75,107.5,159.25,190.3,211,107.5,146.3711,103.5
family_class,family_hybrid:archer,upper_quartile_proxy,2,attack_tier,2,0,0.2,0.5,1,1.5,1.8,2,1,1.4142,1
family_class,family_hybrid:archer,upper_quartile_proxy,2,attacks_per_second,2,4.3,4.3,4.3,4.3,4.3,4.3,4.3,4.3,0,0
family_class,family_hybrid:archer,upper_quartile_proxy,2,poison,2,0,0,0,0,0,0,0,0,0,0
family_class,family_hybrid:archer,upper_quartile_proxy,2,main_attack_range_pct,2,0,2.8,7,14,21,25.2,28,14,19.799,14
family_class,family_hybrid:archer,upper_quartile_proxy,2,main_attack_range_blocks,2,6,6.168,6.42,6.84,7.26,7.512,7.68,6.84,1.1879,0.84
family_class,family_hybrid:archer,upper_quartile_proxy,2,main_attack_dps,2,13056.3798,13171.4802,13344.1308,13631.8818,13919.6327,14092.2833,14207.3837,13631.8818,813.8827,575.5019
family_class,family_hybrid:archer,upper_quartile_proxy,2,spell_display_avg_max,2,116382.1505,120026.2386,125492.3708,134602.5911,143712.8113,149178.9435,152823.0316,134602.5911,25767.5941,18220.4405
family_class,family_hybrid:archer,upper_quartile_proxy,2,spell_display_avg_sum,2,172820.2202,179767.77,190189.0948,207557.9694,224926.8439,235348.1687,242295.7185,207557.9694,49126.596,34737.7491
family_class,family_hybrid:archer,upper_quartile_proxy,2,heal_pct,2,0,0,0,0,0,0,0,0,0,0
family_class,family_hybrid:archer,upper_quartile_proxy,2,skill_points_assigned,2,170,171.1,172.75,175.5,178.25,179.9,181,175.5,7.7782,5.5
archetype,Boltslinger,upper_quartile_proxy,3,total_hp,3,12510,12929.6,13559,14608,15196.5,15549.6,15785,14301,1658.9433,1177
archetype,Boltslinger,upper_quartile_proxy,3,ehp,3,9623.0769,10126.9231,10882.6923,12142.3077,16842.9921,19663.4027,21543.6764,14436.3537,6282.6872,2519.2308
archetype,Boltslinger,upper_quartile_proxy,3,ehp_no_agi,3,9623.0769,10126.9231,10882.6923,12142.3077,16356.7951,18885.4875,20571.2824,14112.2223,5733.7792,2519.2308
archetype,Boltslinger,upper_quartile_proxy,3,hpr,3,-244.08,-230.684,-210.59,-177.1,27.215,149.804,231.53,-63.2167,257.4457,66.98
archetype,Boltslinger,upper_quartile_proxy,3,ehpr,3,-187.7538,-177.4492,-161.9923,-136.2308,102.6132,245.9196,341.4572,5.8242,291.8061,51.523
archetype,Boltslinger,upper_quartile_proxy,3,ls,3,-467,-212.4,169.5,806,882,927.6,958,432.3333,782.5448,152
archetype,Boltslinger,upper_quartile_proxy,3,effective_ls,3,-688.7251,-426.9801,-34.3625,620,678.4616,713.5385,736.9231,222.7327,791.5075,116.9231
archetype,Boltslinger,upper_quartile_proxy,3,mr,3,-17,-13.6,-8.5,0,0,0,0,-5.6667,9.815,0
archetype,Boltslinger,upper_quartile_proxy,3,total_mr,3,8,11.4,16.5,25,25,25,25,19.3333,9.815,0
archetype,Boltslinger,upper_quartile_proxy,3,ms,3,-16,-8.6,2.5,21,46.5,61.8,72,25.6667,44.1852,37
archetype,Boltslinger,upper_quartile_proxy,3,mana_per_hit,3,-10.4575,-8.0404,-4.4148,1.6279,24.3434,37.9726,47.0588,12.7431,30.3264,12.0854
archetype,Boltslinger,upper_quartile_proxy,3,total_mana,3,100,106.6,116.5,133,218,269,303,178.6667,108.9327,33
archetype,Boltslinger,upper_quartile_proxy,3,walk_speed,3,-25,-20,-12.5,0,2,3.2,4,-7,15.7162,4
archetype,Boltslinger,upper_quartile_proxy,3,attack_tier,3,-12,-10.2,-7.5,-3,-1.5,-0.6,0,-5,6.245,3
archetype,Boltslinger,upper_quartile_proxy,3,attacks_per_second,3,0.51,0.51,0.51,0.51,2.405,3.542,4.3,1.7733,2.1882,0
archetype,Boltslinger,upper_quartile_proxy,3,poison,3,0,0,0,0,4250,6800,8500,2833.3333,4907.4773,0
archetype,Boltslinger,upper_quartile_proxy,3,main_attack_range_pct,3,-42,-35,-24.5,-7,-3.5,-1.4,0,-16.3333,22.5019,7
archetype,Boltslinger,upper_quartile_proxy,3,main_attack_range_blocks,3,3.48,3.9,4.53,5.58,5.79,5.916,6,5.02,1.3501,0.42
archetype,Boltslinger,upper_quartile_proxy,3,main_attack_dps,3,4375.3146,5253.1576,6569.9221,8764.5296,11485.9567,13118.8129,14207.3837,9115.7426,4925.4349,4389.215
archetype,Boltslinger,upper_quartile_proxy,3,spell_display_avg_max,3,95769.9397,107180.5581,124296.4856,152823.0316,188311.8512,209605.143,223800.6708,157464.5474,64141.4435,57053.0919
archetype,Boltslinger,upper_quartile_proxy,3,spell_display_avg_sum,3,144304.8184,163902.9984,193300.2684,242295.7185,284697.8377,310139.1092,327099.9569,237900.1646,91476.8076,84804.2384
archetype,Boltslinger,upper_quartile_proxy,3,heal_pct,3,-9,-7.2,-4.5,0,0,0,0,-3,5.1962,0
archetype,Boltslinger,upper_quartile_proxy,3,skill_points_assigned,3,170,172.4,176,182,189,193.2,196,182.6667,13.0128,12
archetype_class,Boltslinger:archer,upper_quartile_proxy,3,total_hp,3,12510,12929.6,13559,14608,15196.5,15549.6,15785,14301,1658.9433,1177
archetype_class,Boltslinger:archer,upper_quartile_proxy,3,ehp,3,9623.0769,10126.9231,10882.6923,12142.3077,16842.9921,19663.4027,21543.6764,14436.3537,6282.6872,2519.2308
archetype_class,Boltslinger:archer,upper_quartile_proxy,3,ehp_no_agi,3,9623.0769,10126.9231,10882.6923,12142.3077,16356.7951,18885.4875,20571.2824,14112.2223,5733.7792,2519.2308
archetype_class,Boltslinger:archer,upper_quartile_proxy,3,hpr,3,-244.08,-230.684,-210.59,-177.1,27.215,149.804,231.53,-63.2167,257.4457,66.98
archetype_class,Boltslinger:archer,upper_quartile_proxy,3,ehpr,3,-187.7538,-177.4492,-161.9923,-136.2308,102.6132,245.9196,341.4572,5.8242,291.8061,51.523
archetype_class,Boltslinger:archer,upper_quartile_proxy,3,ls,3,-467,-212.4,169.5,806,882,927.6,958,432.3333,782.5448,152
archetype_class,Boltslinger:archer,upper_quartile_proxy,3,effective_ls,3,-688.7251,-426.9801,-34.3625,620,678.4616,713.5385,736.9231,222.7327,791.5075,116.9231
archetype_class,Boltslinger:archer,upper_quartile_proxy,3,mr,3,-17,-13.6,-8.5,0,0,0,0,-5.6667,9.815,0
archetype_class,Boltslinger:archer,upper_quartile_proxy,3,total_mr,3,8,11.4,16.5,25,25,25,25,19.3333,9.815,0
archetype_class,Boltslinger:archer,upper_quartile_proxy,3,ms,3,-16,-8.6,2.5,21,46.5,61.8,72,25.6667,44.1852,37
archetype_class,Boltslinger:archer,upper_quartile_proxy,3,mana_per_hit,3,-10.4575,-8.0404,-4.4148,1.6279,24.3434,37.9726,47.0588,12.7431,30.3264,12.0854
archetype_class,Boltslinger:archer,upper_quartile_proxy,3,total_mana,3,100,106.6,116.5,133,218,269,303,178.6667,108.9327,33
archetype_class,Boltslinger:archer,upper_quartile_proxy,3,walk_speed,3,-25,-20,-12.5,0,2,3.2,4,-7,15.7162,4
archetype_class,Boltslinger:archer,upper_quartile_proxy,3,attack_tier,3,-12,-10.2,-7.5,-3,-1.5,-0.6,0,-5,6.245,3
archetype_class,Boltslinger:archer,upper_quartile_proxy,3,attacks_per_second,3,0.51,0.51,0.51,0.51,2.405,3.542,4.3,1.7733,2.1882,0
archetype_class,Boltslinger:archer,upper_quartile_proxy,3,poison,3,0,0,0,0,4250,6800,8500,2833.3333,4907.4773,0
archetype_class,Boltslinger:archer,upper_quartile_proxy,3,main_attack_range_pct,3,-42,-35,-24.5,-7,-3.5,-1.4,0,-16.3333,22.5019,7
archetype_class,Boltslinger:archer,upper_quartile_proxy,3,main_attack_range_blocks,3,3.48,3.9,4.53,5.58,5.79,5.916,6,5.02,1.3501,0.42
archetype_class,Boltslinger:archer,upper_quartile_proxy,3,main_attack_dps,3,4375.3146,5253.1576,6569.9221,8764.5296,11485.9567,13118.8129,14207.3837,9115.7426,4925.4349,4389.215
archetype_class,Boltslinger:archer,upper_quartile_proxy,3,spell_display_avg_max,3,95769.9397,107180.5581,124296.4856,152823.0316,188311.8512,209605.143,223800.6708,157464.5474,64141.4435,57053.0919
archetype_class,Boltslinger:archer,upper_quartile_proxy,3,spell_display_avg_sum,3,144304.8184,163902.9984,193300.2684,242295.7185,284697.8377,310139.1092,327099.9569,237900.1646,91476.8076,84804.2384
archetype_class,Boltslinger:archer,upper_quartile_proxy,3,heal_pct,3,-9,-7.2,-4.5,0,0,0,0,-3,5.1962,0
archetype_class,Boltslinger:archer,upper_quartile_proxy,3,skill_points_assigned,3,170,172.4,176,182,189,193.2,196,182.6667,13.0128,12
family,family_hybrid,solver_default,2,total_hp,2,13730,13935.5,14243.75,14757.5,15271.25,15579.5,15785,14757.5,1453.1044,1027.5
family,family_hybrid,solver_default,2,ehp,2,12142.3077,14349.8899,17661.2633,23180.2189,28699.1745,32010.5479,34218.1301,23180.2189,15609.9637,11037.9112
family,family_hybrid,solver_default,2,ehp_no_agi,2,10561.5385,10719.6154,10956.7308,11351.9231,11747.1154,11984.2308,12142.3077,11351.9231,1117.7726,790.3846
family,family_hybrid,solver_default,2,hpr,2,-165.6,-149.04,-124.2,-82.8,-41.4,-16.56,0,-82.8,117.0969,82.8
family,family_hybrid,solver_default,2,ehpr,2,-127.3846,-114.6461,-95.5385,-63.6923,-31.8461,-12.7385,0,-63.6923,90.0745,63.6923
family,family_hybrid,solver_default,2,ls,2,469,512.8,578.5,688,797.5,863.2,907,688,309.7128,219
family,family_hybrid,solver_default,2,effective_ls,2,697.6923,744.808,815.4816,933.2709,1051.0602,1121.7338,1168.8495,933.2709,333.1585,235.5786
family,family_hybrid,solver_default,2,mr,2,-6,-5.4,-4.5,-3,-1.5,-0.6,0,-3,4.2426,3
family,family_hybrid,solver_default,2,total_mr,2,19,19.6,20.5,22,23.5,24.4,25,22,4.2426,3
family,family_hybrid,solver_default,2,ms,2,26,26.6,27.5,29,30.5,31.4,32,29,4.2426,3
family,family_hybrid,solver_default,2,mana_per_hit,2,2.0155,2.062,2.1318,2.2481,2.3643,2.4341,2.4806,2.2481,0.3289,0.2326
family,family_hybrid,solver_default,2,total_mana,2,91,91.9,93.25,95.5,97.75,99.1,100,95.5,6.364,4.5
family,family_hybrid,solver_default,2,walk_speed,2,7,29.4,63,119,175,208.6,231,119,158.3919,112
family,family_hybrid,solver_default,2,attack_tier,2,0,0.2,0.5,1,1.5,1.8,2,1,1.4142,1
family,family_hybrid,solver_default,2,attacks_per_second,2,4.3,4.3,4.3,4.3,4.3,4.3,4.3,4.3,0,0
family,family_hybrid,solver_default,2,poison,2,0,0,0,0,0,0,0,0,0,0
family,family_hybrid,solver_default,2,main_attack_range_pct,2,0,3.1,7.75,15.5,23.25,27.9,31,15.5,21.9203,15.5
family,family_hybrid,solver_default,2,main_attack_range_blocks,2,6,6.186,6.465,6.93,7.395,7.674,7.86,6.93,1.3152,0.93
family,family_hybrid,solver_default,2,main_attack_dps,2,14176.5328,14265.6092,14399.2239,14621.915,14844.606,14978.2207,15067.2971,14621.915,629.8655,445.3821
family,family_hybrid,solver_default,2,spell_display_avg_max,2,120610.516,124383.7398,130043.5754,139476.6348,148909.6942,154569.5298,158342.7536,139476.6348,26680.7211,18866.1188
family,family_hybrid,solver_default,2,spell_display_avg_sum,2,179214.1808,186395.5506,197167.6052,215121.0296,233074.4539,243846.5086,251027.8783,215121.0296,50779.9525,35906.8488
family,family_hybrid,solver_default,2,heal_pct,2,0,0,0,0,0,0,0,0,0,0
family,family_hybrid,solver_default,2,skill_points_assigned,2,170,171.1,172.75,175.5,178.25,179.9,181,175.5,7.7782,5.5
family_class,family_hybrid:archer,solver_default,2,total_hp,2,13730,13935.5,14243.75,14757.5,15271.25,15579.5,15785,14757.5,1453.1044,1027.5
family_class,family_hybrid:archer,solver_default,2,ehp,2,12142.3077,14349.8899,17661.2633,23180.2189,28699.1745,32010.5479,34218.1301,23180.2189,15609.9637,11037.9112
family_class,family_hybrid:archer,solver_default,2,ehp_no_agi,2,10561.5385,10719.6154,10956.7308,11351.9231,11747.1154,11984.2308,12142.3077,11351.9231,1117.7726,790.3846
family_class,family_hybrid:archer,solver_default,2,hpr,2,-165.6,-149.04,-124.2,-82.8,-41.4,-16.56,0,-82.8,117.0969,82.8
family_class,family_hybrid:archer,solver_default,2,ehpr,2,-127.3846,-114.6461,-95.5385,-63.6923,-31.8461,-12.7385,0,-63.6923,90.0745,63.6923
family_class,family_hybrid:archer,solver_default,2,ls,2,469,512.8,578.5,688,797.5,863.2,907,688,309.7128,219
family_class,family_hybrid:archer,solver_default,2,effective_ls,2,697.6923,744.808,815.4816,933.2709,1051.0602,1121.7338,1168.8495,933.2709,333.1585,235.5786
family_class,family_hybrid:archer,solver_default,2,mr,2,-6,-5.4,-4.5,-3,-1.5,-0.6,0,-3,4.2426,3
family_class,family_hybrid:archer,solver_default,2,total_mr,2,19,19.6,20.5,22,23.5,24.4,25,22,4.2426,3
family_class,family_hybrid:archer,solver_default,2,ms,2,26,26.6,27.5,29,30.5,31.4,32,29,4.2426,3
family_class,family_hybrid:archer,solver_default,2,mana_per_hit,2,2.0155,2.062,2.1318,2.2481,2.3643,2.4341,2.4806,2.2481,0.3289,0.2326
family_class,family_hybrid:archer,solver_default,2,total_mana,2,91,91.9,93.25,95.5,97.75,99.1,100,95.5,6.364,4.5
family_class,family_hybrid:archer,solver_default,2,walk_speed,2,7,29.4,63,119,175,208.6,231,119,158.3919,112
family_class,family_hybrid:archer,solver_default,2,attack_tier,2,0,0.2,0.5,1,1.5,1.8,2,1,1.4142,1
family_class,family_hybrid:archer,solver_default,2,attacks_per_second,2,4.3,4.3,4.3,4.3,4.3,4.3,4.3,4.3,0,0
family_class,family_hybrid:archer,solver_default,2,poison,2,0,0,0,0,0,0,0,0,0,0
family_class,family_hybrid:archer,solver_default,2,main_attack_range_pct,2,0,3.1,7.75,15.5,23.25,27.9,31,15.5,21.9203,15.5
family_class,family_hybrid:archer,solver_default,2,main_attack_range_blocks,2,6,6.186,6.465,6.93,7.395,7.674,7.86,6.93,1.3152,0.93
family_class,family_hybrid:archer,solver_default,2,main_attack_dps,2,14176.5328,14265.6092,14399.2239,14621.915,14844.606,14978.2207,15067.2971,14621.915,629.8655,445.3821
family_class,family_hybrid:archer,solver_default,2,spell_display_avg_max,2,120610.516,124383.7398,130043.5754,139476.6348,148909.6942,154569.5298,158342.7536,139476.6348,26680.7211,18866.1188
family_class,family_hybrid:archer,solver_default,2,spell_display_avg_sum,2,179214.1808,186395.5506,197167.6052,215121.0296,233074.4539,243846.5086,251027.8783,215121.0296,50779.9525,35906.8488
family_class,family_hybrid:archer,solver_default,2,heal_pct,2,0,0,0,0,0,0,0,0,0,0
family_class,family_hybrid:archer,solver_default,2,skill_points_assigned,2,170,171.1,172.75,175.5,178.25,179.9,181,175.5,7.7782,5.5
archetype,Boltslinger,solver_default,3,total_hp,3,12510,12975.8,13674.5,14839,15312,15595.8,15785,14378,1685.4664,946
archetype,Boltslinger,solver_default,3,ehp,3,9623.0769,10126.9231,10882.6923,12142.3077,17013.3298,19935.9431,21884.352,14549.9122,6475.5028,2519.2308
archetype,Boltslinger,solver_default,3,ehp_no_agi,3,9623.0769,10126.9231,10882.6923,12142.3077,16519.4445,19145.7266,20896.5813,14220.6553,5917.1464,2519.2308
archetype,Boltslinger,solver_default,3,hpr,3,-226.8,-214.56,-196.2,-165.6,47.625,175.56,260.85,-43.85,265.6462,61.2
archetype,Boltslinger,solver_default,3,ehpr,3,-174.4615,-165.0461,-150.923,-127.3846,128.6567,282.2815,384.698,27.6173,310.1355,47.0769
archetype,Boltslinger,solver_default,3,ls,3,-434,-165.8,236.5,907,978,1020.6,1049,507.3333,818.3045,142
archetype,Boltslinger,solver_default,3,effective_ls,3,-640.0572,-372.5073,28.8175,697.6923,752.3077,785.0769,806.9231,288.1861,805.7354,109.2308
archetype,Boltslinger,solver_default,3,mr,3,-14,-11.2,-7,0,1,1.6,2,-4,8.7178,2
archetype,Boltslinger,solver_default,3,total_mr,3,11,13.8,18,25,26,26.6,27,21,8.7178,2
archetype,Boltslinger,solver_default,3,ms,3,-14,-6,6,26,56,74,86,32.6667,50.3322,40
archetype,Boltslinger,solver_default,3,mana_per_hit,3,-9.1503,-6.9171,-3.5674,2.0155,29.1124,45.3705,56.2092,16.3581,34.9607,11.1658
archetype,Boltslinger,solver_default,3,total_mana,3,100,106.6,116.5,133,230.5,289,328,187,123.2193,33
archetype,Boltslinger,solver_default,3,walk_speed,3,-24,-19.2,-12,0,3.5,5.6,7,-5.6667,16.2583,7
archetype,Boltslinger,solver_default,3,attack_tier,3,-12,-10.2,-7.5,-3,-1.5,-0.6,0,-5,6.245,3
archetype,Boltslinger,solver_default,3,attacks_per_second,3,0.51,0.51,0.51,0.51,2.405,3.542,4.3,1.7733,2.1882,0
archetype,Boltslinger,solver_default,3,poison,3,0,0,0,0,4250,6800,8500,2833.3333,4907.4773,0
archetype,Boltslinger,solver_default,3,main_attack_range_pct,3,-39,-32.6,-23,-7,-3.5,-1.4,0,-15.3333,20.7926,7
archetype,Boltslinger,solver_default,3,main_attack_range_blocks,3,3.66,4.044,4.62,5.58,5.79,5.916,6,5.08,1.2476,0.42
archetype,Boltslinger,solver_default,3,main_attack_dps,3,4436.5147,5418.9892,6892.7011,9348.8874,12208.0923,13923.6152,15067.2971,9617.5664,5320.4816,4912.3727
archetype,Boltslinger,solver_default,3,spell_display_avg_max,3,100213.2623,111839.1606,129278.008,158342.7536,194743.874,216584.5462,231144.9944,163233.6701,65602.747,58129.4913
archetype,Boltslinger,solver_default,3,spell_display_avg_sum,3,151002.9504,171007.936,201015.4144,251027.8783,294431.7697,320474.1045,337835.661,246622.1632,93494.2414,86807.7827
archetype,Boltslinger,solver_default,3,heal_pct,3,-6,-4.8,-3,0,0,0,0,-2,3.4641,0
archetype,Boltslinger,solver_default,3,skill_points_assigned,3,170,172.4,176,182,189,193.2,196,182.6667,13.0128,12
archetype_class,Boltslinger:archer,solver_default,3,total_hp,3,12510,12975.8,13674.5,14839,15312,15595.8,15785,14378,1685.4664,946
archetype_class,Boltslinger:archer,solver_default,3,ehp,3,9623.0769,10126.9231,10882.6923,12142.3077,17013.3298,19935.9431,21884.352,14549.9122,6475.5028,2519.2308
archetype_class,Boltslinger:archer,solver_default,3,ehp_no_agi,3,9623.0769,10126.9231,10882.6923,12142.3077,16519.4445,19145.7266,20896.5813,14220.6553,5917.1464,2519.2308
archetype_class,Boltslinger:archer,solver_default,3,hpr,3,-226.8,-214.56,-196.2,-165.6,47.625,175.56,260.85,-43.85,265.6462,61.2
archetype_class,Boltslinger:archer,solver_default,3,ehpr,3,-174.4615,-165.0461,-150.923,-127.3846,128.6567,282.2815,384.698,27.6173,310.1355,47.0769
archetype_class,Boltslinger:archer,solver_default,3,ls,3,-434,-165.8,236.5,907,978,1020.6,1049,507.3333,818.3045,142
archetype_class,Boltslinger:archer,solver_default,3,effective_ls,3,-640.0572,-372.5073,28.8175,697.6923,752.3077,785.0769,806.9231,288.1861,805.7354,109.2308
archetype_class,Boltslinger:archer,solver_default,3,mr,3,-14,-11.2,-7,0,1,1.6,2,-4,8.7178,2
archetype_class,Boltslinger:archer,solver_default,3,total_mr,3,11,13.8,18,25,26,26.6,27,21,8.7178,2
archetype_class,Boltslinger:archer,solver_default,3,ms,3,-14,-6,6,26,56,74,86,32.6667,50.3322,40
archetype_class,Boltslinger:archer,solver_default,3,mana_per_hit,3,-9.1503,-6.9171,-3.5674,2.0155,29.1124,45.3705,56.2092,16.3581,34.9607,11.1658
archetype_class,Boltslinger:archer,solver_default,3,total_mana,3,100,106.6,116.5,133,230.5,289,328,187,123.2193,33
archetype_class,Boltslinger:archer,solver_default,3,walk_speed,3,-24,-19.2,-12,0,3.5,5.6,7,-5.6667,16.2583,7
archetype_class,Boltslinger:archer,solver_default,3,attack_tier,3,-12,-10.2,-7.5,-3,-1.5,-0.6,0,-5,6.245,3
archetype_class,Boltslinger:archer,solver_default,3,attacks_per_second,3,0.51,0.51,0.51,0.51,2.405,3.542,4.3,1.7733,2.1882,0
archetype_class,Boltslinger:archer,solver_default,3,poison,3,0,0,0,0,4250,6800,8500,2833.3333,4907.4773,0
archetype_class,Boltslinger:archer,solver_default,3,main_attack_range_pct,3,-39,-32.6,-23,-7,-3.5,-1.4,0,-15.3333,20.7926,7
archetype_class,Boltslinger:archer,solver_default,3,main_attack_range_blocks,3,3.66,4.044,4.62,5.58,5.79,5.916,6,5.08,1.2476,0.42
archetype_class,Boltslinger:archer,solver_default,3,main_attack_dps,3,4436.5147,5418.9892,6892.7011,9348.8874,12208.0923,13923.6152,15067.2971,9617.5664,5320.4816,4912.3727
archetype_class,Boltslinger:archer,solver_default,3,spell_display_avg_max,3,100213.2623,111839.1606,129278.008,158342.7536,194743.874,216584.5462,231144.9944,163233.6701,65602.747,58129.4913
archetype_class,Boltslinger:archer,solver_default,3,spell_display_avg_sum,3,151002.9504,171007.936,201015.4144,251027.8783,294431.7697,320474.1045,337835.661,246622.1632,93494.2414,86807.7827
archetype_class,Boltslinger:archer,solver_default,3,heal_pct,3,-6,-4.8,-3,0,0,0,0,-2,3.4641,0
archetype_class,Boltslinger:archer,solver_default,3,skill_points_assigned,3,170,172.4,176,182,189,193.2,196,182.6667,13.0128,12
family,family_hybrid,maximum,2,total_hp,2,14135,14300,14547.5,14960,15372.5,15620,15785,14960,1166.7262,825
family,family_hybrid,maximum,2,ehp,2,12142.3077,14450.8247,17913.6002,23684.8927,29456.1852,32918.9607,35227.4777,23684.8927,16323.6803,11542.585
family,family_hybrid,maximum,2,ehp_no_agi,2,10873.0769,11000,11190.3846,11507.6923,11825,12015.3846,12142.3077,11507.6923,897.4817,634.6154
family,family_hybrid,maximum,2,hpr,2,-147.2,-132.48,-110.4,-73.6,-36.8,-14.72,0,-73.6,104.0861,73.6
family,family_hybrid,maximum,2,ehpr,2,-113.2308,-101.9077,-84.9231,-56.6154,-28.3077,-11.3231,0,-56.6154,80.0663,56.6154
family,family_hybrid,maximum,2,ls,2,530,583,662.5,795,927.5,1007,1060,795,374.7666,265
family,family_hybrid,maximum,2,effective_ls,2,815.3846,865.9336,941.7571,1068.1297,1194.5022,1270.3257,1320.8747,1068.1297,357.4355,252.7451
family,family_hybrid,maximum,2,mr,2,-6,-5.4,-4.5,-3,-1.5,-0.6,0,-3,4.2426,3
family,family_hybrid,maximum,2,total_mr,2,19,19.6,20.5,22,23.5,24.4,25,22,4.2426,3
family,family_hybrid,maximum,2,ms,2,26,26.6,27.5,29,30.5,31.4,32,29,4.2426,3
family,family_hybrid,maximum,2,mana_per_hit,2,2.0155,2.062,2.1318,2.2481,2.3643,2.4341,2.4806,2.2481,0.3289,0.2326
family,family_hybrid,maximum,2,total_mana,2,91,91.9,93.25,95.5,97.75,99.1,100,95.5,6.364,4.5
family,family_hybrid,maximum,2,walk_speed,2,11,35.6,72.5,134,195.5,232.4,257,134,173.9483,123
family,family_hybrid,maximum,2,attack_tier,2,0,0.2,0.5,1,1.5,1.8,2,1,1.4142,1
family,family_hybrid,maximum,2,attacks_per_second,2,4.3,4.3,4.3,4.3,4.3,4.3,4.3,4.3,0,0
family,family_hybrid,maximum,2,poison,2,0,0,0,0,0,0,0,0,0,0
family,family_hybrid,maximum,2,main_attack_range_pct,2,0,3.5,8.75,17.5,26.25,31.5,35,17.5,24.7487,17.5
family,family_hybrid,maximum,2,main_attack_range_blocks,2,6,6.21,6.525,7.05,7.575,7.89,8.1,7.05,1.4849,1.05
family,family_hybrid,maximum,2,main_attack_dps,2,15860.1914,15912.6898,15991.4374,16122.6834,16253.9294,16332.677,16385.1754,16122.6834,371.2197,262.492
family,family_hybrid,maximum,2,spell_display_avg_max,2,127309.499,131212.4472,137066.8694,146824.2398,156581.6101,162436.0324,166338.9805,146824.2398,27598.011,19514.7408
family,family_hybrid,maximum,2,spell_display_avg_sum,2,189359.5859,196791.0225,207938.1773,226516.7687,245095.36,256242.5149,263673.9514,226516.7687,52548.1918,37157.1828
family,family_hybrid,maximum,2,heal_pct,2,0,0,0,0,0,0,0,0,0,0
family,family_hybrid,maximum,2,skill_points_assigned,2,170,171.1,172.75,175.5,178.25,179.9,181,175.5,7.7782,5.5
family_class,family_hybrid:archer,maximum,2,total_hp,2,14135,14300,14547.5,14960,15372.5,15620,15785,14960,1166.7262,825
family_class,family_hybrid:archer,maximum,2,ehp,2,12142.3077,14450.8247,17913.6002,23684.8927,29456.1852,32918.9607,35227.4777,23684.8927,16323.6803,11542.585
family_class,family_hybrid:archer,maximum,2,ehp_no_agi,2,10873.0769,11000,11190.3846,11507.6923,11825,12015.3846,12142.3077,11507.6923,897.4817,634.6154
family_class,family_hybrid:archer,maximum,2,hpr,2,-147.2,-132.48,-110.4,-73.6,-36.8,-14.72,0,-73.6,104.0861,73.6
family_class,family_hybrid:archer,maximum,2,ehpr,2,-113.2308,-101.9077,-84.9231,-56.6154,-28.3077,-11.3231,0,-56.6154,80.0663,56.6154
family_class,family_hybrid:archer,maximum,2,ls,2,530,583,662.5,795,927.5,1007,1060,795,374.7666,265
family_class,family_hybrid:archer,maximum,2,effective_ls,2,815.3846,865.9336,941.7571,1068.1297,1194.5022,1270.3257,1320.8747,1068.1297,357.4355,252.7451
family_class,family_hybrid:archer,maximum,2,mr,2,-6,-5.4,-4.5,-3,-1.5,-0.6,0,-3,4.2426,3
family_class,family_hybrid:archer,maximum,2,total_mr,2,19,19.6,20.5,22,23.5,24.4,25,22,4.2426,3
family_class,family_hybrid:archer,maximum,2,ms,2,26,26.6,27.5,29,30.5,31.4,32,29,4.2426,3
family_class,family_hybrid:archer,maximum,2,mana_per_hit,2,2.0155,2.062,2.1318,2.2481,2.3643,2.4341,2.4806,2.2481,0.3289,0.2326
family_class,family_hybrid:archer,maximum,2,total_mana,2,91,91.9,93.25,95.5,97.75,99.1,100,95.5,6.364,4.5
family_class,family_hybrid:archer,maximum,2,walk_speed,2,11,35.6,72.5,134,195.5,232.4,257,134,173.9483,123
family_class,family_hybrid:archer,maximum,2,attack_tier,2,0,0.2,0.5,1,1.5,1.8,2,1,1.4142,1
family_class,family_hybrid:archer,maximum,2,attacks_per_second,2,4.3,4.3,4.3,4.3,4.3,4.3,4.3,4.3,0,0
family_class,family_hybrid:archer,maximum,2,poison,2,0,0,0,0,0,0,0,0,0,0
family_class,family_hybrid:archer,maximum,2,main_attack_range_pct,2,0,3.5,8.75,17.5,26.25,31.5,35,17.5,24.7487,17.5
family_class,family_hybrid:archer,maximum,2,main_attack_range_blocks,2,6,6.21,6.525,7.05,7.575,7.89,8.1,7.05,1.4849,1.05
family_class,family_hybrid:archer,maximum,2,main_attack_dps,2,15860.1914,15912.6898,15991.4374,16122.6834,16253.9294,16332.677,16385.1754,16122.6834,371.2197,262.492
family_class,family_hybrid:archer,maximum,2,spell_display_avg_max,2,127309.499,131212.4472,137066.8694,146824.2398,156581.6101,162436.0324,166338.9805,146824.2398,27598.011,19514.7408
family_class,family_hybrid:archer,maximum,2,spell_display_avg_sum,2,189359.5859,196791.0225,207938.1773,226516.7687,245095.36,256242.5149,263673.9514,226516.7687,52548.1918,37157.1828
family_class,family_hybrid:archer,maximum,2,heal_pct,2,0,0,0,0,0,0,0,0,0,0
family_class,family_hybrid:archer,maximum,2,skill_points_assigned,2,170,171.1,172.75,175.5,178.25,179.9,181,175.5,7.7782,5.5
archetype,Boltslinger,maximum,3,total_hp,3,12510,13045,13847.5,15185,15485,15665,15785,14493.3333,1743.6193,600
archetype,Boltslinger,maximum,3,ehp,3,9623.0769,10126.9231,10882.6923,12142.3077,17268.4679,20344.1639,22394.628,14720.0042,6764.7261,2519.2308
archetype,Boltslinger,maximum,3,ehp_no_agi,3,9623.0769,10126.9231,10882.6923,12142.3077,16763.0666,19535.5219,21383.8255,14383.07,6192.2987,2519.2308
archetype,Boltslinger,maximum,3,hpr,3,-199.02,-188.656,-173.11,-147.2,78.97,214.672,305.14,-13.6933,277.3308,51.82
archetype,Boltslinger,maximum,3,ehpr,3,-153.0923,-145.12,-133.1615,-113.2308,168.3928,337.3669,450.0163,61.2311,337.2873,39.8615
archetype,Boltslinger,maximum,3,ls,3,-385,-96,337.5,1060,1123,1160.8,1186,620.3333,872.9206,126
archetype,Boltslinger,maximum,3,effective_ls,3,-567.7927,-291.1572,123.7959,815.3846,863.8462,892.9231,912.3077,386.6332,827.9765,96.9231
archetype,Boltslinger,maximum,3,mr,3,-14,-11.2,-7,0,1,1.6,2,-4,8.7178,2
archetype,Boltslinger,maximum,3,total_mr,3,11,13.8,18,25,26,26.6,27,21,8.7178,2
archetype,Boltslinger,maximum,3,ms,3,-14,-6,6,26,56,74,86,32.6667,50.3322,40
archetype,Boltslinger,maximum,3,mana_per_hit,3,-9.1503,-6.9171,-3.5674,2.0155,29.1124,45.3705,56.2092,16.3581,34.9607,11.1658
archetype,Boltslinger,maximum,3,total_mana,3,100,106.6,116.5,133,230.5,289,328,187,123.2193,33
archetype,Boltslinger,maximum,3,walk_speed,3,-21,-16.8,-10.5,0,5.5,8.8,11,-3.3333,16.2583,11
archetype,Boltslinger,maximum,3,attack_tier,3,-12,-10.2,-7.5,-3,-1.5,-0.6,0,-5,6.245,3
archetype,Boltslinger,maximum,3,attacks_per_second,3,0.51,0.51,0.51,0.51,2.405,3.542,4.3,1.7733,2.1882,0
archetype,Boltslinger,maximum,3,poison,3,0,0,0,0,4250,6800,8500,2833.3333,4907.4773,0
archetype,Boltslinger,maximum,3,main_attack_range_pct,3,-35,-29.2,-20.5,-6,-3,-1.2,0,-13.6667,18.7172,6
archetype,Boltslinger,maximum,3,main_attack_range_blocks,3,3.9,4.248,4.77,5.64,5.82,5.928,6,5.18,1.123,0.36
archetype,Boltslinger,maximum,3,main_attack_dps,3,4518.1149,5665.691,7387.0552,10255.9955,13320.5855,15159.3394,16385.1754,10386.4286,5934.6054,5737.8806
archetype,Boltslinger,maximum,3,spell_display_avg_max,3,106813.6177,118718.6903,136576.2991,166338.9805,204584.1541,227531.2582,242829.3276,171993.9753,68183.9612,59525.3628
archetype,Boltslinger,maximum,3,spell_display_avg_sum,3,160944.927,181490.7319,212309.4392,263673.9514,309295.4444,336668.3401,354916.9373,259845.2719,97042.6673,91242.9859
archetype,Boltslinger,maximum,3,heal_pct,3,-1,-0.8,-0.5,0,0,0,0,-0.3333,0.5774,0
archetype,Boltslinger,maximum,3,skill_points_assigned,3,170,172.4,176,182,189,193.2,196,182.6667,13.0128,12
archetype_class,Boltslinger:archer,maximum,3,total_hp,3,12510,13045,13847.5,15185,15485,15665,15785,14493.3333,1743.6193,600
archetype_class,Boltslinger:archer,maximum,3,ehp,3,9623.0769,10126.9231,10882.6923,12142.3077,17268.4679,20344.1639,22394.628,14720.0042,6764.7261,2519.2308
archetype_class,Boltslinger:archer,maximum,3,ehp_no_agi,3,9623.0769,10126.9231,10882.6923,12142.3077,16763.0666,19535.5219,21383.8255,14383.07,6192.2987,2519.2308
archetype_class,Boltslinger:archer,maximum,3,hpr,3,-199.02,-188.656,-173.11,-147.2,78.97,214.672,305.14,-13.6933,277.3308,51.82
archetype_class,Boltslinger:archer,maximum,3,ehpr,3,-153.0923,-145.12,-133.1615,-113.2308,168.3928,337.3669,450.0163,61.2311,337.2873,39.8615
archetype_class,Boltslinger:archer,maximum,3,ls,3,-385,-96,337.5,1060,1123,1160.8,1186,620.3333,872.9206,126
archetype_class,Boltslinger:archer,maximum,3,effective_ls,3,-567.7927,-291.1572,123.7959,815.3846,863.8462,892.9231,912.3077,386.6332,827.9765,96.9231
archetype_class,Boltslinger:archer,maximum,3,mr,3,-14,-11.2,-7,0,1,1.6,2,-4,8.7178,2
archetype_class,Boltslinger:archer,maximum,3,total_mr,3,11,13.8,18,25,26,26.6,27,21,8.7178,2
archetype_class,Boltslinger:archer,maximum,3,ms,3,-14,-6,6,26,56,74,86,32.6667,50.3322,40
archetype_class,Boltslinger:archer,maximum,3,mana_per_hit,3,-9.1503,-6.9171,-3.5674,2.0155,29.1124,45.3705,56.2092,16.3581,34.9607,11.1658
archetype_class,Boltslinger:archer,maximum,3,total_mana,3,100,106.6,116.5,133,230.5,289,328,187,123.2193,33
archetype_class,Boltslinger:archer,maximum,3,walk_speed,3,-21,-16.8,-10.5,0,5.5,8.8,11,-3.3333,16.2583,11
archetype_class,Boltslinger:archer,maximum,3,attack_tier,3,-12,-10.2,-7.5,-3,-1.5,-0.6,0,-5,6.245,3
archetype_class,Boltslinger:archer,maximum,3,attacks_per_second,3,0.51,0.51,0.51,0.51,2.405,3.542,4.3,1.7733,2.1882,0
archetype_class,Boltslinger:archer,maximum,3,poison,3,0,0,0,0,4250,6800,8500,2833.3333,4907.4773,0
archetype_class,Boltslinger:archer,maximum,3,main_attack_range_pct,3,-35,-29.2,-20.5,-6,-3,-1.2,0,-13.6667,18.7172,6
archetype_class,Boltslinger:archer,maximum,3,main_attack_range_blocks,3,3.9,4.248,4.77,5.64,5.82,5.928,6,5.18,1.123,0.36
archetype_class,Boltslinger:archer,maximum,3,main_attack_dps,3,4518.1149,5665.691,7387.0552,10255.9955,13320.5855,15159.3394,16385.1754,10386.4286,5934.6054,5737.8806
archetype_class,Boltslinger:archer,maximum,3,spell_display_avg_max,3,106813.6177,118718.6903,136576.2991,166338.9805,204584.1541,227531.2582,242829.3276,171993.9753,68183.9612,59525.3628
archetype_class,Boltslinger:archer,maximum,3,spell_display_avg_sum,3,160944.927,181490.7319,212309.4392,263673.9514,309295.4444,336668.3401,354916.9373,259845.2719,97042.6673,91242.9859
archetype_class,Boltslinger:archer,maximum,3,heal_pct,3,-1,-0.8,-0.5,0,0,0,0,-0.3333,0.5774,0
archetype_class,Boltslinger:archer,maximum,3,skill_points_assigned,3,170,172.4,176,182,189,193.2,196,182.6667,13.0128,12
family,family_spell_sustained,median,8,total_hp,8,6310,7671.5,8347.25,11672.5,13066.25,14202.5,15760,11061.625,3194.0766,2578.5
family,family_spell_sustained,median,8,ehp,8,6310,8629.1538,10532.0192,20734.3743,26946.572,31204.0598,35765.2315,19928.7918,10736.6745,9207.136
family,family_spell_sustained,median,8,ehp_no_agi,8,6310,7978.0041,9390.5234,12369.7258,16918.0326,25186.0645,25388.391,14255.5077,7259.3868,3211.7559
family,family_spell_sustained,median,8,hpr,8,-292.6,-87.78,0,0,67.375,269.95,271,30.9875,178.8871,0
family,family_spell_sustained,median,8,ehpr,8,-225.0769,-67.5231,0,0,152.6468,611.9105,614.9986,125.0636,310.8909,0
family,family_spell_sustained,median,8,ls,8,-324,-324,-324,0,249.25,564.1,730,52.375,395.8997,324
family,family_spell_sustained,median,8,effective_ls,8,-626.6714,-607.9469,-392.9805,0,409.1903,513.5616,561.5385,-14.3502,472.0292,437.1269
family,family_spell_sustained,median,8,mr,8,-136,-73,-37,-23,-11.25,2.4,22,-32.375,46.5033,14
family,family_spell_sustained,median,8,total_mr,8,-111,-48,-12,2,13.75,27.4,47,-7.375,46.5033,14
family,family_spell_sustained,median,8,ms,8,-19,-12,-3,5,10.75,30.7,58,8.25,23.1625,10
family,family_spell_sustained,median,8,mana_per_hit,8,-7.6305,-3.3135,-0.4465,1.0837,1.8441,12.8026,37.9085,4.3369,13.9219,1.0753
family,family_spell_sustained,median,8,total_mana,8,133,134.4,135.75,146,152.25,159.9,169,146.5,12.3866,10
family,family_spell_sustained,median,8,walk_speed,8,-6,-1.8,46.5,77.5,104,145.4,165,75.75,59.3675,37.5
family,family_spell_sustained,median,8,attack_tier,8,-12,-5,-0.5,0,0,0,0,-1.75,4.2003,0
family,family_spell_sustained,median,8,attacks_per_second,8,0.51,0.51,0.75,1.775,3.1,3.1,3.1,1.8375,1.1638,1.265
family,family_spell_sustained,median,8,poison,8,0,0,0,0,8500,9423.1,11577,3572.125,5020.6191,0
family,family_spell_sustained,median,8,main_attack_range_pct,8,-50,-15,0,0,0,0,0,-6.25,17.6777,0
family,family_spell_sustained,median,8,main_attack_range_blocks,8,2,2,2,2,2,2.3,3,2.125,0.3536,0
family,family_spell_sustained,median,8,main_attack_dps,8,1111.9235,1538.0375,2085.2265,3087.3998,5367.9587,6893.5696,7247.7714,3764.2116,2336.2504,1594.6821
family,family_spell_sustained,median,8,spell_display_avg_max,8,22747.9712,25049.5477,29266.891,35083.6358,48435.2082,96603.9423,204738.8428,56515.1398,60668.9237,10691.6813
family,family_spell_sustained,median,8,spell_display_avg_sum,8,55107.6436,60683.7746,63561.4082,77911.0441,89160.4166,152581.4175,299228.7079,101957.2861,80769.744,13004.2748
family,family_spell_sustained,median,8,heal_pct,8,-10,-3,0,0,0,2.1,7,-0.375,4.5962,0
family,family_spell_sustained,median,8,skill_points_assigned,8,158,162.9,177.75,188,193,196.6,198,183.375,14.5498,7
family_class,family_spell_sustained:archer,median,1,total_hp,1,12510,12510,12510,12510,12510,12510,12510,12510,0,0
family_class,family_spell_sustained:archer,median,1,ehp,1,9623.0769,9623.0769,9623.0769,9623.0769,9623.0769,9623.0769,9623.0769,9623.0769,0,0
family_class,family_spell_sustained:archer,median,1,ehp_no_agi,1,9623.0769,9623.0769,9623.0769,9623.0769,9623.0769,9623.0769,9623.0769,9623.0769,0,0
family_class,family_spell_sustained:archer,median,1,hpr,1,-292.6,-292.6,-292.6,-292.6,-292.6,-292.6,-292.6,-292.6,0,0
family_class,family_spell_sustained:archer,median,1,ehpr,1,-225.0769,-225.0769,-225.0769,-225.0769,-225.0769,-225.0769,-225.0769,-225.0769,0,0
family_class,family_spell_sustained:archer,median,1,ls,1,730,730,730,730,730,730,730,730,0,0
family_class,family_spell_sustained:archer,median,1,effective_ls,1,561.5385,561.5385,561.5385,561.5385,561.5385,561.5385,561.5385,561.5385,0,0
family_class,family_spell_sustained:archer,median,1,mr,1,-21,-21,-21,-21,-21,-21,-21,-21,0,0
family_class,family_spell_sustained:archer,median,1,total_mr,1,4,4,4,4,4,4,4,4,0,0
family_class,family_spell_sustained:archer,median,1,ms,1,58,58,58,58,58,58,58,58,0,0
family_class,family_spell_sustained:archer,median,1,mana_per_hit,1,37.9085,37.9085,37.9085,37.9085,37.9085,37.9085,37.9085,37.9085,0,0
family_class,family_spell_sustained:archer,median,1,total_mana,1,133,133,133,133,133,133,133,133,0,0
family_class,family_spell_sustained:archer,median,1,walk_speed,1,0,0,0,0,0,0,0,0,0,0
family_class,family_spell_sustained:archer,median,1,attack_tier,1,-12,-12,-12,-12,-12,-12,-12,-12,0,0
family_class,family_spell_sustained:archer,median,1,attacks_per_second,1,0.51,0.51,0.51,0.51,0.51,0.51,0.51,0.51,0,0
family_class,family_spell_sustained:archer,median,1,poison,1,8500,8500,8500,8500,8500,8500,8500,8500,0,0
family_class,family_spell_sustained:archer,median,1,main_attack_range_pct,1,-50,-50,-50,-50,-50,-50,-50,-50,0,0
family_class,family_spell_sustained:archer,median,1,main_attack_range_blocks,1,3,3,3,3,3,3,3,3,0,0
family_class,family_spell_sustained:archer,median,1,main_attack_dps,1,7247.7714,7247.7714,7247.7714,7247.7714,7247.7714,7247.7714,7247.7714,7247.7714,0,0
family_class,family_spell_sustained:archer,median,1,spell_display_avg_max,1,204738.8428,204738.8428,204738.8428,204738.8428,204738.8428,204738.8428,204738.8428,204738.8428,0,0
family_class,family_spell_sustained:archer,median,1,spell_display_avg_sum,1,299228.7079,299228.7079,299228.7079,299228.7079,299228.7079,299228.7079,299228.7079,299228.7079,0,0
family_class,family_spell_sustained:archer,median,1,heal_pct,1,0,0,0,0,0,0,0,0,0,0
family_class,family_spell_sustained:archer,median,1,skill_points_assigned,1,182,182,182,182,182,182,182,182,0,0
family,family_spell_sustained,upper_quartile_proxy,8,total_hp,8,6910,8114,8837,11672.5,13066.25,14202.5,15760,11249.5,2958.549,2314.5
family,family_spell_sustained,upper_quartile_proxy,8,ehp,8,6910,8809.1538,10532.0192,21334.7277,27663.6058,31204.0598,35765.2315,20273.3858,10676.5797,9207.136
family,family_spell_sustained,upper_quartile_proxy,8,ehp_no_agi,8,6910,8434.4277,9489.2461,12512.9629,17360.3939,25186.0645,25388.391,14489.4052,7123.3409,3157.5476
family,family_spell_sustained,upper_quartile_proxy,8,hpr,8,-244.08,-73.224,0,0,70.875,327.45,430,58.6775,206.087,0
family,family_spell_sustained,upper_quartile_proxy,8,ehpr,8,-187.7538,-56.3261,0,0,160.5765,742.3625,975.828,178.7975,404.316,0
family,family_spell_sustained,upper_quartile_proxy,8,ls,8,-276,-276,-276,0,327.25,739.6,958,124.625,461.0853,276
family,family_spell_sustained,upper_quartile_proxy,8,effective_ls,8,-533.8312,-517.8806,-334.7612,0,537.6477,673.2769,736.9231,70.4472,506.3201,506.2875
family,family_spell_sustained,upper_quartile_proxy,8,mr,8,-115,-64.6,-31.75,-19.5,-4.75,6.2,30,-25.5,42.0374,15
family,family_spell_sustained,upper_quartile_proxy,8,total_mr,8,-90,-39.6,-6.75,5.5,20.25,31.2,55,-0.5,42.0374,15
family,family_spell_sustained,upper_quartile_proxy,8,ms,8,-16,-9,0.75,10,14,35.6,72,13.125,26.33,8.5
family,family_spell_sustained,upper_quartile_proxy,8,mana_per_hit,8,-6.4257,-2.6106,-0.002,1.6667,3.4706,18.2353,47.0588,6.4828,16.769,1.9932
family,family_spell_sustained,upper_quartile_proxy,8,total_mana,8,133,134.4,135.75,146,152.25,162.9,179,147.75,15.1728,10
family,family_spell_sustained,upper_quartile_proxy,8,walk_speed,8,0,3.5,55.25,91,117,158.4,192,87.875,64.6716,36
family,family_spell_sustained,upper_quartile_proxy,8,attack_tier,8,-12,-5,-0.5,0,0,0,0,-1.75,4.2003,0
family,family_spell_sustained,upper_quartile_proxy,8,attacks_per_second,8,0.51,0.51,0.75,1.775,3.1,3.1,3.1,1.8375,1.1638,1.265
family,family_spell_sustained,upper_quartile_proxy,8,poison,8,0,0,0,0,8500,9711.7,12539,3692.375,5246.1885,0
family,family_spell_sustained,upper_quartile_proxy,8,main_attack_range_pct,8,-42,-12.6,0,0,0,0,0,-5.25,14.8492,0
family,family_spell_sustained,upper_quartile_proxy,8,main_attack_range_blocks,8,2,2,2,2,2,2.444,3.48,2.185,0.5233,0
family,family_spell_sustained,upper_quartile_proxy,8,main_attack_dps,8,1355.7751,1696.3269,2242.0709,3321.5958,6185.4842,7827.9184,8764.5296,4272.4289,2759.4158,1722.5695
family,family_spell_sustained,upper_quartile_proxy,8,spell_display_avg_max,8,24486.34,28311.7513,32729.5363,38496.8371,53259.4061,105794.4544,223800.6708,62089.2073,66196.5087,11278.0605
family,family_spell_sustained,upper_quartile_proxy,8,spell_display_avg_sum,8,61137.2271,66405.8882,71600.3564,84541.4437,98405.9454,168525.0191,327099.9569,112101.744,88074.4594,14511.2988
family,family_spell_sustained,upper_quartile_proxy,8,heal_pct,8,-8,-2.4,0,0,0,3.3,11,0.375,5.1252,0
family,family_spell_sustained,upper_quartile_proxy,8,skill_points_assigned,8,158,162.9,177.75,188,193,196.6,198,183.375,14.5498,7
family_class,family_spell_sustained:archer,upper_quartile_proxy,1,total_hp,1,12510,12510,12510,12510,12510,12510,12510,12510,0,0
family_class,family_spell_sustained:archer,upper_quartile_proxy,1,ehp,1,9623.0769,9623.0769,9623.0769,9623.0769,9623.0769,9623.0769,9623.0769,9623.0769,0,0
family_class,family_spell_sustained:archer,upper_quartile_proxy,1,ehp_no_agi,1,9623.0769,9623.0769,9623.0769,9623.0769,9623.0769,9623.0769,9623.0769,9623.0769,0,0
family_class,family_spell_sustained:archer,upper_quartile_proxy,1,hpr,1,-244.08,-244.08,-244.08,-244.08,-244.08,-244.08,-244.08,-244.08,0,0
family_class,family_spell_sustained:archer,upper_quartile_proxy,1,ehpr,1,-187.7538,-187.7538,-187.7538,-187.7538,-187.7538,-187.7538,-187.7538,-187.7538,0,0
family_class,family_spell_sustained:archer,upper_quartile_proxy,1,ls,1,958,958,958,958,958,958,958,958,0,0
family_class,family_spell_sustained:archer,upper_quartile_proxy,1,effective_ls,1,736.9231,736.9231,736.9231,736.9231,736.9231,736.9231,736.9231,736.9231,0,0
family_class,family_spell_sustained:archer,upper_quartile_proxy,1,mr,1,-17,-17,-17,-17,-17,-17,-17,-17,0,0
family_class,family_spell_sustained:archer,upper_quartile_proxy,1,total_mr,1,8,8,8,8,8,8,8,8,0,0
family_class,family_spell_sustained:archer,upper_quartile_proxy,1,ms,1,72,72,72,72,72,72,72,72,0,0
family_class,family_spell_sustained:archer,upper_quartile_proxy,1,mana_per_hit,1,47.0588,47.0588,47.0588,47.0588,47.0588,47.0588,47.0588,47.0588,0,0
family_class,family_spell_sustained:archer,upper_quartile_proxy,1,total_mana,1,133,133,133,133,133,133,133,133,0,0
family_class,family_spell_sustained:archer,upper_quartile_proxy,1,walk_speed,1,0,0,0,0,0,0,0,0,0,0
family_class,family_spell_sustained:archer,upper_quartile_proxy,1,attack_tier,1,-12,-12,-12,-12,-12,-12,-12,-12,0,0
family_class,family_spell_sustained:archer,upper_quartile_proxy,1,attacks_per_second,1,0.51,0.51,0.51,0.51,0.51,0.51,0.51,0.51,0,0
family_class,family_spell_sustained:archer,upper_quartile_proxy,1,poison,1,8500,8500,8500,8500,8500,8500,8500,8500,0,0
family_class,family_spell_sustained:archer,upper_quartile_proxy,1,main_attack_range_pct,1,-42,-42,-42,-42,-42,-42,-42,-42,0,0
family_class,family_spell_sustained:archer,upper_quartile_proxy,1,main_attack_range_blocks,1,3.48,3.48,3.48,3.48,3.48,3.48,3.48,3.48,0,0
family_class,family_spell_sustained:archer,upper_quartile_proxy,1,main_attack_dps,1,8764.5296,8764.5296,8764.5296,8764.5296,8764.5296,8764.5296,8764.5296,8764.5296,0,0
family_class,family_spell_sustained:archer,upper_quartile_proxy,1,spell_display_avg_max,1,223800.6708,223800.6708,223800.6708,223800.6708,223800.6708,223800.6708,223800.6708,223800.6708,0,0
family_class,family_spell_sustained:archer,upper_quartile_proxy,1,spell_display_avg_sum,1,327099.9569,327099.9569,327099.9569,327099.9569,327099.9569,327099.9569,327099.9569,327099.9569,0,0
family_class,family_spell_sustained:archer,upper_quartile_proxy,1,heal_pct,1,0,0,0,0,0,0,0,0,0,0
family_class,family_spell_sustained:archer,upper_quartile_proxy,1,skill_points_assigned,1,182,182,182,182,182,182,182,182,0,0
family,family_spell_sustained,solver_default,8,total_hp,8,7150,8291,9033.5,11672.5,13066.25,14202.5,15760,11324.75,2865.7677,2208.5
family,family_spell_sustained,solver_default,8,ehp,8,7150,8881.1538,10532.0192,21530.9986,28017.3362,31204.0598,35765.2315,20411.4085,10658.9691,9207.136
family,family_spell_sustained,solver_default,8,ehp_no_agi,8,7150,8616.9971,9528.7352,12512.9629,17624.2764,25186.0645,25388.391,14583.1301,7072.991,3078.5694
family,family_spell_sustained,solver_default,8,hpr,8,-226.8,-68.04,0,0,71.75,349.7,496,69.525,220.7628,0
family,family_spell_sustained,solver_default,8,ehpr,8,-174.4615,-52.3384,0,0,162.5589,792.8468,1125.6063,200.1726,447.1625,0
family,family_spell_sustained,solver_default,8,ls,8,-256,-256,-256,0,358.5,810.3,1049,153.875,488.0598,256
family,family_spell_sustained,solver_default,8,effective_ls,8,-495.1478,-480.3531,-310.5031,0,588.8902,737.6769,806.9231,104.8687,521.1815,484.5802
family,family_spell_sustained,solver_default,8,mr,8,-95,-56.5,-28,-17,-2,13.6,36,-19.625,37.8793,17
family,family_spell_sustained,solver_default,8,total_mr,8,-70,-31.5,-3,8,23,38.6,61,5.375,37.8793,17
family,family_spell_sustained,solver_default,8,ms,8,-13,-6,3.75,14,17.25,40.5,86,17.625,29.799,7.5
family,family_spell_sustained,solver_default,8,mana_per_hit,8,-5.2209,-1.9077,0.362,1.828,5.1177,23.7255,56.2092,8.5201,19.7211,2.0217
family,family_spell_sustained,solver_default,8,total_mana,8,133,134.4,135.75,146,152.25,165.9,189,149,18.2209,10
family,family_spell_sustained,solver_default,8,walk_speed,8,0,5.6,59,96,123,163.5,202,92.5,67.0586,35.5
family,family_spell_sustained,solver_default,8,attack_tier,8,-12,-5,-0.5,0,0,0,0,-1.75,4.2003,0
family,family_spell_sustained,solver_default,8,attacks_per_second,8,0.51,0.51,0.75,1.775,3.1,3.1,3.1,1.8375,1.1638,1.265
family,family_spell_sustained,solver_default,8,poison,8,0,0,0,0,8500,9826.9,12923,3740.375,5339.6186,0
family,family_spell_sustained,solver_default,8,main_attack_range_pct,8,-39,-11.7,0,0,0,0,0,-4.875,13.7886,0
family,family_spell_sustained,solver_default,8,main_attack_range_blocks,8,2,2,2,2,2,2.498,3.66,2.2075,0.5869,0
family,family_spell_sustained,solver_default,8,main_attack_dps,8,1448.8975,1757.5245,2293.1898,3407.7566,6500.6775,8173.1106,9348.8874,4463.8901,2926.7839,1738.4112
family,family_spell_sustained,solver_default,8,spell_display_avg_max,8,25161.7865,29644.402,34059.1966,39743.5656,55095.2831,109252.8937,231144.9944,64214.8977,68329.5849,11379.9109
family,family_spell_sustained,solver_default,8,spell_display_avg_sum,8,63382.1965,68423.5052,75020.0113,87170.8839,101699.7169,174315.0318,337835.661,115966.4769,90890.8055,15135.3179
family,family_spell_sustained,solver_default,8,heal_pct,8,-8,-2.4,0,0,0,3.9,13,0.625,5.7306,0
family,family_spell_sustained,solver_default,8,skill_points_assigned,8,158,162.9,177.75,188,193,196.6,198,183.375,14.5498,7
family_class,family_spell_sustained:archer,solver_default,1,total_hp,1,12510,12510,12510,12510,12510,12510,12510,12510,0,0
family_class,family_spell_sustained:archer,solver_default,1,ehp,1,9623.0769,9623.0769,9623.0769,9623.0769,9623.0769,9623.0769,9623.0769,9623.0769,0,0
family_class,family_spell_sustained:archer,solver_default,1,ehp_no_agi,1,9623.0769,9623.0769,9623.0769,9623.0769,9623.0769,9623.0769,9623.0769,9623.0769,0,0
family_class,family_spell_sustained:archer,solver_default,1,hpr,1,-226.8,-226.8,-226.8,-226.8,-226.8,-226.8,-226.8,-226.8,0,0
family_class,family_spell_sustained:archer,solver_default,1,ehpr,1,-174.4615,-174.4615,-174.4615,-174.4615,-174.4615,-174.4615,-174.4615,-174.4615,0,0
family_class,family_spell_sustained:archer,solver_default,1,ls,1,1049,1049,1049,1049,1049,1049,1049,1049,0,0
family_class,family_spell_sustained:archer,solver_default,1,effective_ls,1,806.9231,806.9231,806.9231,806.9231,806.9231,806.9231,806.9231,806.9231,0,0
family_class,family_spell_sustained:archer,solver_default,1,mr,1,-14,-14,-14,-14,-14,-14,-14,-14,0,0
family_class,family_spell_sustained:archer,solver_default,1,total_mr,1,11,11,11,11,11,11,11,11,0,0
family_class,family_spell_sustained:archer,solver_default,1,ms,1,86,86,86,86,86,86,86,86,0,0
family_class,family_spell_sustained:archer,solver_default,1,mana_per_hit,1,56.2092,56.2092,56.2092,56.2092,56.2092,56.2092,56.2092,56.2092,0,0
family_class,family_spell_sustained:archer,solver_default,1,total_mana,1,133,133,133,133,133,133,133,133,0,0
family_class,family_spell_sustained:archer,solver_default,1,walk_speed,1,0,0,0,0,0,0,0,0,0,0
family_class,family_spell_sustained:archer,solver_default,1,attack_tier,1,-12,-12,-12,-12,-12,-12,-12,-12,0,0
family_class,family_spell_sustained:archer,solver_default,1,attacks_per_second,1,0.51,0.51,0.51,0.51,0.51,0.51,0.51,0.51,0,0
family_class,family_spell_sustained:archer,solver_default,1,poison,1,8500,8500,8500,8500,8500,8500,8500,8500,0,0
family_class,family_spell_sustained:archer,solver_default,1,main_attack_range_pct,1,-39,-39,-39,-39,-39,-39,-39,-39,0,0
family_class,family_spell_sustained:archer,solver_default,1,main_attack_range_blocks,1,3.66,3.66,3.66,3.66,3.66,3.66,3.66,3.66,0,0
family_class,family_spell_sustained:archer,solver_default,1,main_attack_dps,1,9348.8874,9348.8874,9348.8874,9348.8874,9348.8874,9348.8874,9348.8874,9348.8874,0,0
family_class,family_spell_sustained:archer,solver_default,1,spell_display_avg_max,1,231144.9944,231144.9944,231144.9944,231144.9944,231144.9944,231144.9944,231144.9944,231144.9944,0,0
family_class,family_spell_sustained:archer,solver_default,1,spell_display_avg_sum,1,337835.661,337835.661,337835.661,337835.661,337835.661,337835.661,337835.661,337835.661,0,0
family_class,family_spell_sustained:archer,solver_default,1,heal_pct,1,0,0,0,0,0,0,0,0,0,0
family_class,family_spell_sustained:archer,solver_default,1,skill_points_assigned,1,182,182,182,182,182,182,182,182,0,0
family,family_spell_sustained,maximum,8,total_hp,8,7510,8556.5,9327.5,11672.5,13066.25,14202.5,15760,11437.5,2728.6142,2050
family,family_spell_sustained,maximum,8,ehp,8,7510,8989.1538,10532.0192,21824.479,28547.9318,31204.0598,35765.2315,20618.2112,10639.6717,9207.136
family,family_spell_sustained,maximum,8,ehp_no_agi,8,7510,8890.8513,9587.9689,12512.9629,18018.8554,25186.0645,25388.391,14723.5101,7001.9623,3088.0224
family,family_spell_sustained,maximum,8,hpr,8,-199.02,-59.706,0,0,73.5,383.4,592,85.8725,244.2236,0
family,family_spell_sustained,maximum,8,ehpr,8,-153.0923,-45.9277,0,0,166.5238,869.3061,1343.4655,232.0585,512.8645,0
family,family_spell_sustained,maximum,8,ls,8,-227,-227,-227,0,404.75,915.8,1186,197.25,529.7508,227
family,family_spell_sustained,maximum,8,effective_ls,8,-439.0568,-425.9381,-275.3289,0,664.653,833.6923,912.3077,155.684,545.5269,429.6863
family,family_spell_sustained,maximum,8,mr,8,-95,-56.5,-28,-17,-2,13.6,36,-19.625,37.8793,17
family,family_spell_sustained,maximum,8,total_mr,8,-70,-31.5,-3,8,23,38.6,61,5.375,37.8793,17
family,family_spell_sustained,maximum,8,ms,8,-13,-6,3.75,14,17.25,40.5,86,17.625,29.799,7.5
family,family_spell_sustained,maximum,8,mana_per_hit,8,-5.2209,-1.9077,0.362,1.828,5.1177,23.7255,56.2092,8.5201,19.7211,2.0217
family,family_spell_sustained,maximum,8,total_mana,8,133,134.4,135.75,146,152.25,165.9,189,149,18.2209,10
family,family_spell_sustained,maximum,8,walk_speed,8,0,10.5,65.25,104.5,130.75,171.1,218,99.875,70.4018,34.5
family,family_spell_sustained,maximum,8,attack_tier,8,-12,-5,-0.5,0,0,0,0,-1.75,4.2003,0
family,family_spell_sustained,maximum,8,attacks_per_second,8,0.51,0.51,0.75,1.775,3.1,3.1,3.1,1.8375,1.1638,1.265
family,family_spell_sustained,maximum,8,poison,8,0,0,0,0,8500,10000,13500,3812.5,5483.3351,0
family,family_spell_sustained,maximum,8,main_attack_range_pct,8,-35,-10.5,0,0,0,0,0,-4.375,12.3744,0
family,family_spell_sustained,maximum,8,main_attack_range_blocks,8,2,2,2,2,2,2.57,3.9,2.2375,0.6718,0
family,family_spell_sustained,maximum,8,main_attack_dps,8,1598.6379,1849.369,2384.0675,3544.0008,6994.984,8732.2069,10255.9955,4767.3363,3194.3155,1766.2692
family,family_spell_sustained,maximum,8,spell_display_avg_max,8,26262.0752,31644.3034,36072.9732,41654.5302,58042.9051,114887.1459,242829.3276,67569.8505,71747.3598,11548.0063
family,family_spell_sustained,maximum,8,spell_display_avg_sum,8,66825.0356,71647.7716,78350.0246,92268.1476,107240.6111,183726.4018,354916.9373,122056.0301,95432.1325,16011.9363
family,family_spell_sustained,maximum,8,heal_pct,8,-7,-2.1,0,0,0,4.5,15,1,6.1644,0
family,family_spell_sustained,maximum,8,skill_points_assigned,8,158,162.9,177.75,188,193,196.6,198,183.375,14.5498,7
family_class,family_spell_sustained:archer,maximum,1,total_hp,1,12510,12510,12510,12510,12510,12510,12510,12510,0,0
family_class,family_spell_sustained:archer,maximum,1,ehp,1,9623.0769,9623.0769,9623.0769,9623.0769,9623.0769,9623.0769,9623.0769,9623.0769,0,0
family_class,family_spell_sustained:archer,maximum,1,ehp_no_agi,1,9623.0769,9623.0769,9623.0769,9623.0769,9623.0769,9623.0769,9623.0769,9623.0769,0,0
family_class,family_spell_sustained:archer,maximum,1,hpr,1,-199.02,-199.02,-199.02,-199.02,-199.02,-199.02,-199.02,-199.02,0,0
family_class,family_spell_sustained:archer,maximum,1,ehpr,1,-153.0923,-153.0923,-153.0923,-153.0923,-153.0923,-153.0923,-153.0923,-153.0923,0,0
family_class,family_spell_sustained:archer,maximum,1,ls,1,1186,1186,1186,1186,1186,1186,1186,1186,0,0
family_class,family_spell_sustained:archer,maximum,1,effective_ls,1,912.3077,912.3077,912.3077,912.3077,912.3077,912.3077,912.3077,912.3077,0,0
family_class,family_spell_sustained:archer,maximum,1,mr,1,-14,-14,-14,-14,-14,-14,-14,-14,0,0
family_class,family_spell_sustained:archer,maximum,1,total_mr,1,11,11,11,11,11,11,11,11,0,0
family_class,family_spell_sustained:archer,maximum,1,ms,1,86,86,86,86,86,86,86,86,0,0
family_class,family_spell_sustained:archer,maximum,1,mana_per_hit,1,56.2092,56.2092,56.2092,56.2092,56.2092,56.2092,56.2092,56.2092,0,0
family_class,family_spell_sustained:archer,maximum,1,total_mana,1,133,133,133,133,133,133,133,133,0,0
family_class,family_spell_sustained:archer,maximum,1,walk_speed,1,0,0,0,0,0,0,0,0,0,0
family_class,family_spell_sustained:archer,maximum,1,attack_tier,1,-12,-12,-12,-12,-12,-12,-12,-12,0,0
family_class,family_spell_sustained:archer,maximum,1,attacks_per_second,1,0.51,0.51,0.51,0.51,0.51,0.51,0.51,0.51,0,0
family_class,family_spell_sustained:archer,maximum,1,poison,1,8500,8500,8500,8500,8500,8500,8500,8500,0,0
family_class,family_spell_sustained:archer,maximum,1,main_attack_range_pct,1,-35,-35,-35,-35,-35,-35,-35,-35,0,0
family_class,family_spell_sustained:archer,maximum,1,main_attack_range_blocks,1,3.9,3.9,3.9,3.9,3.9,3.9,3.9,3.9,0,0
family_class,family_spell_sustained:archer,maximum,1,main_attack_dps,1,10255.9955,10255.9955,10255.9955,10255.9955,10255.9955,10255.9955,10255.9955,10255.9955,0,0
family_class,family_spell_sustained:archer,maximum,1,spell_display_avg_max,1,242829.3276,242829.3276,242829.3276,242829.3276,242829.3276,242829.3276,242829.3276,242829.3276,0,0
family_class,family_spell_sustained:archer,maximum,1,spell_display_avg_sum,1,354916.9373,354916.9373,354916.9373,354916.9373,354916.9373,354916.9373,354916.9373,354916.9373,0,0
family_class,family_spell_sustained:archer,maximum,1,heal_pct,1,0,0,0,0,0,0,0,0,0,0
family_class,family_spell_sustained:archer,maximum,1,skill_points_assigned,1,182,182,182,182,182,182,182,182,0,0
archetype,Trapper,median,1,total_hp,1,18335,18335,18335,18335,18335,18335,18335,18335,0,0
archetype,Trapper,median,1,ehp,1,39732.1074,39732.1074,39732.1074,39732.1074,39732.1074,39732.1074,39732.1074,39732.1074,0,0
archetype,Trapper,median,1,ehp_no_agi,1,39732.1074,39732.1074,39732.1074,39732.1074,39732.1074,39732.1074,39732.1074,39732.1074,0,0
archetype,Trapper,median,1,hpr,1,612.72,612.72,612.72,612.72,612.72,612.72,612.72,612.72,0,0
archetype,Trapper,median,1,ehpr,1,1327.7697,1327.7697,1327.7697,1327.7697,1327.7697,1327.7697,1327.7697,1327.7697,0,0
archetype,Trapper,median,1,ls,1,-150,-150,-150,-150,-150,-150,-150,-150,0,0
archetype,Trapper,median,1,effective_ls,1,-325.0513,-325.0513,-325.0513,-325.0513,-325.0513,-325.0513,-325.0513,-325.0513,0,0
archetype,Trapper,median,1,mr,1,15,15,15,15,15,15,15,15,0,0
archetype,Trapper,median,1,total_mr,1,40,40,40,40,40,40,40,40,0,0
archetype,Trapper,median,1,ms,1,12,12,12,12,12,12,12,12,0,0
archetype,Trapper,median,1,mana_per_hit,1,7.8431,7.8431,7.8431,7.8431,7.8431,7.8431,7.8431,7.8431,0,0
archetype,Trapper,median,1,total_mana,1,136,136,136,136,136,136,136,136,0,0
archetype,Trapper,median,1,walk_speed,1,-31,-31,-31,-31,-31,-31,-31,-31,0,0
archetype,Trapper,median,1,attack_tier,1,-67,-67,-67,-67,-67,-67,-67,-67,0,0
archetype,Trapper,median,1,attacks_per_second,1,0.51,0.51,0.51,0.51,0.51,0.51,0.51,0.51,0,0
archetype,Trapper,median,1,poison,1,0,0,0,0,0,0,0,0,0,0
archetype,Trapper,median,1,main_attack_range_pct,1,-24,-24,-24,-24,-24,-24,-24,-24,0,0
archetype,Trapper,median,1,main_attack_range_blocks,1,8.36,8.36,8.36,8.36,8.36,8.36,8.36,8.36,0,0
archetype,Trapper,median,1,main_attack_dps,1,8628.8803,8628.8803,8628.8803,8628.8803,8628.8803,8628.8803,8628.8803,8628.8803,0,0
archetype,Trapper,median,1,spell_display_avg_max,1,26331.7747,26331.7747,26331.7747,26331.7747,26331.7747,26331.7747,26331.7747,26331.7747,0,0
archetype,Trapper,median,1,spell_display_avg_sum,1,49147.6429,49147.6429,49147.6429,49147.6429,49147.6429,49147.6429,49147.6429,49147.6429,0,0
archetype,Trapper,median,1,heal_pct,1,0,0,0,0,0,0,0,0,0,0
archetype,Trapper,median,1,skill_points_assigned,1,158,158,158,158,158,158,158,158,0,0
archetype_class,Trapper:archer,median,1,total_hp,1,18335,18335,18335,18335,18335,18335,18335,18335,0,0
archetype_class,Trapper:archer,median,1,ehp,1,39732.1074,39732.1074,39732.1074,39732.1074,39732.1074,39732.1074,39732.1074,39732.1074,0,0
archetype_class,Trapper:archer,median,1,ehp_no_agi,1,39732.1074,39732.1074,39732.1074,39732.1074,39732.1074,39732.1074,39732.1074,39732.1074,0,0
archetype_class,Trapper:archer,median,1,hpr,1,612.72,612.72,612.72,612.72,612.72,612.72,612.72,612.72,0,0
archetype_class,Trapper:archer,median,1,ehpr,1,1327.7697,1327.7697,1327.7697,1327.7697,1327.7697,1327.7697,1327.7697,1327.7697,0,0
archetype_class,Trapper:archer,median,1,ls,1,-150,-150,-150,-150,-150,-150,-150,-150,0,0
archetype_class,Trapper:archer,median,1,effective_ls,1,-325.0513,-325.0513,-325.0513,-325.0513,-325.0513,-325.0513,-325.0513,-325.0513,0,0
archetype_class,Trapper:archer,median,1,mr,1,15,15,15,15,15,15,15,15,0,0
archetype_class,Trapper:archer,median,1,total_mr,1,40,40,40,40,40,40,40,40,0,0
archetype_class,Trapper:archer,median,1,ms,1,12,12,12,12,12,12,12,12,0,0
archetype_class,Trapper:archer,median,1,mana_per_hit,1,7.8431,7.8431,7.8431,7.8431,7.8431,7.8431,7.8431,7.8431,0,0
archetype_class,Trapper:archer,median,1,total_mana,1,136,136,136,136,136,136,136,136,0,0
archetype_class,Trapper:archer,median,1,walk_speed,1,-31,-31,-31,-31,-31,-31,-31,-31,0,0
archetype_class,Trapper:archer,median,1,attack_tier,1,-67,-67,-67,-67,-67,-67,-67,-67,0,0
archetype_class,Trapper:archer,median,1,attacks_per_second,1,0.51,0.51,0.51,0.51,0.51,0.51,0.51,0.51,0,0
archetype_class,Trapper:archer,median,1,poison,1,0,0,0,0,0,0,0,0,0,0
archetype_class,Trapper:archer,median,1,main_attack_range_pct,1,-24,-24,-24,-24,-24,-24,-24,-24,0,0
archetype_class,Trapper:archer,median,1,main_attack_range_blocks,1,8.36,8.36,8.36,8.36,8.36,8.36,8.36,8.36,0,0
archetype_class,Trapper:archer,median,1,main_attack_dps,1,8628.8803,8628.8803,8628.8803,8628.8803,8628.8803,8628.8803,8628.8803,8628.8803,0,0
archetype_class,Trapper:archer,median,1,spell_display_avg_max,1,26331.7747,26331.7747,26331.7747,26331.7747,26331.7747,26331.7747,26331.7747,26331.7747,0,0
archetype_class,Trapper:archer,median,1,spell_display_avg_sum,1,49147.6429,49147.6429,49147.6429,49147.6429,49147.6429,49147.6429,49147.6429,49147.6429,0,0
archetype_class,Trapper:archer,median,1,heal_pct,1,0,0,0,0,0,0,0,0,0,0
archetype_class,Trapper:archer,median,1,skill_points_assigned,1,158,158,158,158,158,158,158,158,0,0
archetype,Trapper,upper_quartile_proxy,1,total_hp,1,18773,18773,18773,18773,18773,18773,18773,18773,0,0
archetype,Trapper,upper_quartile_proxy,1,ehp,1,40681.2573,40681.2573,40681.2573,40681.2573,40681.2573,40681.2573,40681.2573,40681.2573,0,0
archetype,Trapper,upper_quartile_proxy,1,ehp_no_agi,1,40681.2573,40681.2573,40681.2573,40681.2573,40681.2573,40681.2573,40681.2573,40681.2573,0,0
archetype,Trapper,upper_quartile_proxy,1,hpr,1,833.75,833.75,833.75,833.75,833.75,833.75,833.75,833.75,0,0
archetype,Trapper,upper_quartile_proxy,1,ehpr,1,1806.7436,1806.7436,1806.7436,1806.7436,1806.7436,1806.7436,1806.7436,1806.7436,0,0
archetype,Trapper,upper_quartile_proxy,1,ls,1,-34,-34,-34,-34,-34,-34,-34,-34,0,0
archetype,Trapper,upper_quartile_proxy,1,effective_ls,1,-73.6783,-73.6783,-73.6783,-73.6783,-73.6783,-73.6783,-73.6783,-73.6783,0,0
archetype,Trapper,upper_quartile_proxy,1,mr,1,20,20,20,20,20,20,20,20,0,0
archetype,Trapper,upper_quartile_proxy,1,total_mr,1,45,45,45,45,45,45,45,45,0,0
archetype,Trapper,upper_quartile_proxy,1,ms,1,15,15,15,15,15,15,15,15,0,0
archetype,Trapper,upper_quartile_proxy,1,mana_per_hit,1,9.8039,9.8039,9.8039,9.8039,9.8039,9.8039,9.8039,9.8039,0,0
archetype,Trapper,upper_quartile_proxy,1,total_mana,1,136,136,136,136,136,136,136,136,0,0
archetype,Trapper,upper_quartile_proxy,1,walk_speed,1,-17,-17,-17,-17,-17,-17,-17,-17,0,0
archetype,Trapper,upper_quartile_proxy,1,attack_tier,1,-67,-67,-67,-67,-67,-67,-67,-67,0,0
archetype,Trapper,upper_quartile_proxy,1,attacks_per_second,1,0.51,0.51,0.51,0.51,0.51,0.51,0.51,0.51,0,0
archetype,Trapper,upper_quartile_proxy,1,poison,1,0,0,0,0,0,0,0,0,0,0
archetype,Trapper,upper_quartile_proxy,1,main_attack_range_pct,1,-21,-21,-21,-21,-21,-21,-21,-21,0,0
archetype,Trapper,upper_quartile_proxy,1,main_attack_range_blocks,1,8.69,8.69,8.69,8.69,8.69,8.69,8.69,8.69,0,0
archetype,Trapper,upper_quartile_proxy,1,main_attack_dps,1,10315.0182,10315.0182,10315.0182,10315.0182,10315.0182,10315.0182,10315.0182,10315.0182,0,0
archetype,Trapper,upper_quartile_proxy,1,spell_display_avg_max,1,29621.8157,29621.8157,29621.8157,29621.8157,29621.8157,29621.8157,29621.8157,29621.8157,0,0
archetype,Trapper,upper_quartile_proxy,1,spell_display_avg_sum,1,55373.6989,55373.6989,55373.6989,55373.6989,55373.6989,55373.6989,55373.6989,55373.6989,0,0
archetype,Trapper,upper_quartile_proxy,1,heal_pct,1,0,0,0,0,0,0,0,0,0,0
archetype,Trapper,upper_quartile_proxy,1,skill_points_assigned,1,158,158,158,158,158,158,158,158,0,0
archetype_class,Trapper:archer,upper_quartile_proxy,1,total_hp,1,18773,18773,18773,18773,18773,18773,18773,18773,0,0
archetype_class,Trapper:archer,upper_quartile_proxy,1,ehp,1,40681.2573,40681.2573,40681.2573,40681.2573,40681.2573,40681.2573,40681.2573,40681.2573,0,0
archetype_class,Trapper:archer,upper_quartile_proxy,1,ehp_no_agi,1,40681.2573,40681.2573,40681.2573,40681.2573,40681.2573,40681.2573,40681.2573,40681.2573,0,0
archetype_class,Trapper:archer,upper_quartile_proxy,1,hpr,1,833.75,833.75,833.75,833.75,833.75,833.75,833.75,833.75,0,0
archetype_class,Trapper:archer,upper_quartile_proxy,1,ehpr,1,1806.7436,1806.7436,1806.7436,1806.7436,1806.7436,1806.7436,1806.7436,1806.7436,0,0
archetype_class,Trapper:archer,upper_quartile_proxy,1,ls,1,-34,-34,-34,-34,-34,-34,-34,-34,0,0
archetype_class,Trapper:archer,upper_quartile_proxy,1,effective_ls,1,-73.6783,-73.6783,-73.6783,-73.6783,-73.6783,-73.6783,-73.6783,-73.6783,0,0
archetype_class,Trapper:archer,upper_quartile_proxy,1,mr,1,20,20,20,20,20,20,20,20,0,0
archetype_class,Trapper:archer,upper_quartile_proxy,1,total_mr,1,45,45,45,45,45,45,45,45,0,0
archetype_class,Trapper:archer,upper_quartile_proxy,1,ms,1,15,15,15,15,15,15,15,15,0,0
archetype_class,Trapper:archer,upper_quartile_proxy,1,mana_per_hit,1,9.8039,9.8039,9.8039,9.8039,9.8039,9.8039,9.8039,9.8039,0,0
archetype_class,Trapper:archer,upper_quartile_proxy,1,total_mana,1,136,136,136,136,136,136,136,136,0,0
archetype_class,Trapper:archer,upper_quartile_proxy,1,walk_speed,1,-17,-17,-17,-17,-17,-17,-17,-17,0,0
archetype_class,Trapper:archer,upper_quartile_proxy,1,attack_tier,1,-67,-67,-67,-67,-67,-67,-67,-67,0,0
archetype_class,Trapper:archer,upper_quartile_proxy,1,attacks_per_second,1,0.51,0.51,0.51,0.51,0.51,0.51,0.51,0.51,0,0
archetype_class,Trapper:archer,upper_quartile_proxy,1,poison,1,0,0,0,0,0,0,0,0,0,0
archetype_class,Trapper:archer,upper_quartile_proxy,1,main_attack_range_pct,1,-21,-21,-21,-21,-21,-21,-21,-21,0,0
archetype_class,Trapper:archer,upper_quartile_proxy,1,main_attack_range_blocks,1,8.69,8.69,8.69,8.69,8.69,8.69,8.69,8.69,0,0
archetype_class,Trapper:archer,upper_quartile_proxy,1,main_attack_dps,1,10315.0182,10315.0182,10315.0182,10315.0182,10315.0182,10315.0182,10315.0182,10315.0182,0,0
archetype_class,Trapper:archer,upper_quartile_proxy,1,spell_display_avg_max,1,29621.8157,29621.8157,29621.8157,29621.8157,29621.8157,29621.8157,29621.8157,29621.8157,0,0
archetype_class,Trapper:archer,upper_quartile_proxy,1,spell_display_avg_sum,1,55373.6989,55373.6989,55373.6989,55373.6989,55373.6989,55373.6989,55373.6989,55373.6989,0,0
archetype_class,Trapper:archer,upper_quartile_proxy,1,heal_pct,1,0,0,0,0,0,0,0,0,0,0
archetype_class,Trapper:archer,upper_quartile_proxy,1,skill_points_assigned,1,158,158,158,158,158,158,158,158,0,0
archetype,Trapper,solver_default,1,total_hp,1,18948,18948,18948,18948,18948,18948,18948,18948,0,0
archetype,Trapper,solver_default,1,ehp,1,41060.4838,41060.4838,41060.4838,41060.4838,41060.4838,41060.4838,41060.4838,41060.4838,0,0
archetype,Trapper,solver_default,1,ehp_no_agi,1,41060.4838,41060.4838,41060.4838,41060.4838,41060.4838,41060.4838,41060.4838,41060.4838,0,0
archetype,Trapper,solver_default,1,hpr,1,921.04,921.04,921.04,921.04,921.04,921.04,921.04,921.04,0,0
archetype,Trapper,solver_default,1,ehpr,1,1995.9018,1995.9018,1995.9018,1995.9018,1995.9018,1995.9018,1995.9018,1995.9018,0,0
archetype,Trapper,solver_default,1,ls,1,12,12,12,12,12,12,12,12,0,0
archetype,Trapper,solver_default,1,effective_ls,1,26.0041,26.0041,26.0041,26.0041,26.0041,26.0041,26.0041,26.0041,0,0
archetype,Trapper,solver_default,1,mr,1,24,24,24,24,24,24,24,24,0,0
archetype,Trapper,solver_default,1,total_mr,1,49,49,49,49,49,49,49,49,0,0
archetype,Trapper,solver_default,1,ms,1,19,19,19,19,19,19,19,19,0,0
archetype,Trapper,solver_default,1,mana_per_hit,1,12.4183,12.4183,12.4183,12.4183,12.4183,12.4183,12.4183,12.4183,0,0
archetype,Trapper,solver_default,1,total_mana,1,136,136,136,136,136,136,136,136,0,0
archetype,Trapper,solver_default,1,walk_speed,1,-12,-12,-12,-12,-12,-12,-12,-12,0,0
archetype,Trapper,solver_default,1,attack_tier,1,-67,-67,-67,-67,-67,-67,-67,-67,0,0
archetype,Trapper,solver_default,1,attacks_per_second,1,0.51,0.51,0.51,0.51,0.51,0.51,0.51,0.51,0,0
archetype,Trapper,solver_default,1,poison,1,0,0,0,0,0,0,0,0,0,0
archetype,Trapper,solver_default,1,main_attack_range_pct,1,-19,-19,-19,-19,-19,-19,-19,-19,0,0
archetype,Trapper,solver_default,1,main_attack_range_blocks,1,8.91,8.91,8.91,8.91,8.91,8.91,8.91,8.91,0,0
archetype,Trapper,solver_default,1,main_attack_dps,1,11020.8454,11020.8454,11020.8454,11020.8454,11020.8454,11020.8454,11020.8454,11020.8454,0,0
archetype,Trapper,solver_default,1,spell_display_avg_max,1,31183.8479,31183.8479,31183.8479,31183.8479,31183.8479,31183.8479,31183.8479,31183.8479,0,0
archetype,Trapper,solver_default,1,spell_display_avg_sum,1,58325.9616,58325.9616,58325.9616,58325.9616,58325.9616,58325.9616,58325.9616,58325.9616,0,0
archetype,Trapper,solver_default,1,heal_pct,1,0,0,0,0,0,0,0,0,0,0
archetype,Trapper,solver_default,1,skill_points_assigned,1,158,158,158,158,158,158,158,158,0,0
archetype_class,Trapper:archer,solver_default,1,total_hp,1,18948,18948,18948,18948,18948,18948,18948,18948,0,0
archetype_class,Trapper:archer,solver_default,1,ehp,1,41060.4838,41060.4838,41060.4838,41060.4838,41060.4838,41060.4838,41060.4838,41060.4838,0,0
archetype_class,Trapper:archer,solver_default,1,ehp_no_agi,1,41060.4838,41060.4838,41060.4838,41060.4838,41060.4838,41060.4838,41060.4838,41060.4838,0,0
archetype_class,Trapper:archer,solver_default,1,hpr,1,921.04,921.04,921.04,921.04,921.04,921.04,921.04,921.04,0,0
archetype_class,Trapper:archer,solver_default,1,ehpr,1,1995.9018,1995.9018,1995.9018,1995.9018,1995.9018,1995.9018,1995.9018,1995.9018,0,0
archetype_class,Trapper:archer,solver_default,1,ls,1,12,12,12,12,12,12,12,12,0,0
archetype_class,Trapper:archer,solver_default,1,effective_ls,1,26.0041,26.0041,26.0041,26.0041,26.0041,26.0041,26.0041,26.0041,0,0
archetype_class,Trapper:archer,solver_default,1,mr,1,24,24,24,24,24,24,24,24,0,0
archetype_class,Trapper:archer,solver_default,1,total_mr,1,49,49,49,49,49,49,49,49,0,0
archetype_class,Trapper:archer,solver_default,1,ms,1,19,19,19,19,19,19,19,19,0,0
archetype_class,Trapper:archer,solver_default,1,mana_per_hit,1,12.4183,12.4183,12.4183,12.4183,12.4183,12.4183,12.4183,12.4183,0,0
archetype_class,Trapper:archer,solver_default,1,total_mana,1,136,136,136,136,136,136,136,136,0,0
archetype_class,Trapper:archer,solver_default,1,walk_speed,1,-12,-12,-12,-12,-12,-12,-12,-12,0,0
archetype_class,Trapper:archer,solver_default,1,attack_tier,1,-67,-67,-67,-67,-67,-67,-67,-67,0,0
archetype_class,Trapper:archer,solver_default,1,attacks_per_second,1,0.51,0.51,0.51,0.51,0.51,0.51,0.51,0.51,0,0
archetype_class,Trapper:archer,solver_default,1,poison,1,0,0,0,0,0,0,0,0,0,0
archetype_class,Trapper:archer,solver_default,1,main_attack_range_pct,1,-19,-19,-19,-19,-19,-19,-19,-19,0,0
archetype_class,Trapper:archer,solver_default,1,main_attack_range_blocks,1,8.91,8.91,8.91,8.91,8.91,8.91,8.91,8.91,0,0
archetype_class,Trapper:archer,solver_default,1,main_attack_dps,1,11020.8454,11020.8454,11020.8454,11020.8454,11020.8454,11020.8454,11020.8454,11020.8454,0,0
archetype_class,Trapper:archer,solver_default,1,spell_display_avg_max,1,31183.8479,31183.8479,31183.8479,31183.8479,31183.8479,31183.8479,31183.8479,31183.8479,0,0
archetype_class,Trapper:archer,solver_default,1,spell_display_avg_sum,1,58325.9616,58325.9616,58325.9616,58325.9616,58325.9616,58325.9616,58325.9616,58325.9616,0,0
archetype_class,Trapper:archer,solver_default,1,heal_pct,1,0,0,0,0,0,0,0,0,0,0
archetype_class,Trapper:archer,solver_default,1,skill_points_assigned,1,158,158,158,158,158,158,158,158,0,0
archetype,Trapper,maximum,1,total_hp,1,19210,19210,19210,19210,19210,19210,19210,19210,0,0
archetype,Trapper,maximum,1,ehp,1,41628.2401,41628.2401,41628.2401,41628.2401,41628.2401,41628.2401,41628.2401,41628.2401,0,0
archetype,Trapper,maximum,1,ehp_no_agi,1,41628.2401,41628.2401,41628.2401,41628.2401,41628.2401,41628.2401,41628.2401,41628.2401,0,0
archetype,Trapper,maximum,1,hpr,1,1058.46,1058.46,1058.46,1058.46,1058.46,1058.46,1058.46,1058.46,0,0
archetype,Trapper,maximum,1,ehpr,1,2293.6922,2293.6922,2293.6922,2293.6922,2293.6922,2293.6922,2293.6922,2293.6922,0,0
archetype,Trapper,maximum,1,ls,1,80,80,80,80,80,80,80,80,0,0
archetype,Trapper,maximum,1,effective_ls,1,173.3607,173.3607,173.3607,173.3607,173.3607,173.3607,173.3607,173.3607,0,0
archetype,Trapper,maximum,1,mr,1,24,24,24,24,24,24,24,24,0,0
archetype,Trapper,maximum,1,total_mr,1,49,49,49,49,49,49,49,49,0,0
archetype,Trapper,maximum,1,ms,1,19,19,19,19,19,19,19,19,0,0
archetype,Trapper,maximum,1,mana_per_hit,1,12.4183,12.4183,12.4183,12.4183,12.4183,12.4183,12.4183,12.4183,0,0
archetype,Trapper,maximum,1,total_mana,1,136,136,136,136,136,136,136,136,0,0
archetype,Trapper,maximum,1,walk_speed,1,-4,-4,-4,-4,-4,-4,-4,-4,0,0
archetype,Trapper,maximum,1,attack_tier,1,-67,-67,-67,-67,-67,-67,-67,-67,0,0
archetype,Trapper,maximum,1,attacks_per_second,1,0.51,0.51,0.51,0.51,0.51,0.51,0.51,0.51,0,0
archetype,Trapper,maximum,1,poison,1,0,0,0,0,0,0,0,0,0,0
archetype,Trapper,maximum,1,main_attack_range_pct,1,-17,-17,-17,-17,-17,-17,-17,-17,0,0
archetype,Trapper,maximum,1,main_attack_range_blocks,1,9.13,9.13,9.13,9.13,9.13,9.13,9.13,9.13,0,0
archetype,Trapper,maximum,1,main_attack_dps,1,12024.3318,12024.3318,12024.3318,12024.3318,12024.3318,12024.3318,12024.3318,12024.3318,0,0
archetype,Trapper,maximum,1,spell_display_avg_max,1,33127.4374,33127.4374,33127.4374,33127.4374,33127.4374,33127.4374,33127.4374,33127.4374,0,0
archetype,Trapper,maximum,1,spell_display_avg_sum,1,62003.2586,62003.2586,62003.2586,62003.2586,62003.2586,62003.2586,62003.2586,62003.2586,0,0
archetype,Trapper,maximum,1,heal_pct,1,0,0,0,0,0,0,0,0,0,0
archetype,Trapper,maximum,1,skill_points_assigned,1,158,158,158,158,158,158,158,158,0,0
archetype_class,Trapper:archer,maximum,1,total_hp,1,19210,19210,19210,19210,19210,19210,19210,19210,0,0
archetype_class,Trapper:archer,maximum,1,ehp,1,41628.2401,41628.2401,41628.2401,41628.2401,41628.2401,41628.2401,41628.2401,41628.2401,0,0
archetype_class,Trapper:archer,maximum,1,ehp_no_agi,1,41628.2401,41628.2401,41628.2401,41628.2401,41628.2401,41628.2401,41628.2401,41628.2401,0,0
archetype_class,Trapper:archer,maximum,1,hpr,1,1058.46,1058.46,1058.46,1058.46,1058.46,1058.46,1058.46,1058.46,0,0
archetype_class,Trapper:archer,maximum,1,ehpr,1,2293.6922,2293.6922,2293.6922,2293.6922,2293.6922,2293.6922,2293.6922,2293.6922,0,0
archetype_class,Trapper:archer,maximum,1,ls,1,80,80,80,80,80,80,80,80,0,0
archetype_class,Trapper:archer,maximum,1,effective_ls,1,173.3607,173.3607,173.3607,173.3607,173.3607,173.3607,173.3607,173.3607,0,0
archetype_class,Trapper:archer,maximum,1,mr,1,24,24,24,24,24,24,24,24,0,0
archetype_class,Trapper:archer,maximum,1,total_mr,1,49,49,49,49,49,49,49,49,0,0
archetype_class,Trapper:archer,maximum,1,ms,1,19,19,19,19,19,19,19,19,0,0
archetype_class,Trapper:archer,maximum,1,mana_per_hit,1,12.4183,12.4183,12.4183,12.4183,12.4183,12.4183,12.4183,12.4183,0,0
archetype_class,Trapper:archer,maximum,1,total_mana,1,136,136,136,136,136,136,136,136,0,0
archetype_class,Trapper:archer,maximum,1,walk_speed,1,-4,-4,-4,-4,-4,-4,-4,-4,0,0
archetype_class,Trapper:archer,maximum,1,attack_tier,1,-67,-67,-67,-67,-67,-67,-67,-67,0,0
archetype_class,Trapper:archer,maximum,1,attacks_per_second,1,0.51,0.51,0.51,0.51,0.51,0.51,0.51,0.51,0,0
archetype_class,Trapper:archer,maximum,1,poison,1,0,0,0,0,0,0,0,0,0,0
archetype_class,Trapper:archer,maximum,1,main_attack_range_pct,1,-17,-17,-17,-17,-17,-17,-17,-17,0,0
archetype_class,Trapper:archer,maximum,1,main_attack_range_blocks,1,9.13,9.13,9.13,9.13,9.13,9.13,9.13,9.13,0,0
archetype_class,Trapper:archer,maximum,1,main_attack_dps,1,12024.3318,12024.3318,12024.3318,12024.3318,12024.3318,12024.3318,12024.3318,12024.3318,0,0
archetype_class,Trapper:archer,maximum,1,spell_display_avg_max,1,33127.4374,33127.4374,33127.4374,33127.4374,33127.4374,33127.4374,33127.4374,33127.4374,0,0
archetype_class,Trapper:archer,maximum,1,spell_display_avg_sum,1,62003.2586,62003.2586,62003.2586,62003.2586,62003.2586,62003.2586,62003.2586,62003.2586,0,0
archetype_class,Trapper:archer,maximum,1,heal_pct,1,0,0,0,0,0,0,0,0,0,0
archetype_class,Trapper:archer,maximum,1,skill_points_assigned,1,158,158,158,158,158,158,158,158,0,0
archetype,none,median,2,total_hp,2,12785,13017.5,13366.25,13947.5,14528.75,14877.5,15110,13947.5,1644.0233,1162.5
archetype,none,median,2,ehp,2,31862.9857,32139.9665,32555.4378,33247.8899,33940.342,34355.8133,34632.7941,33247.8899,1958.5503,1384.9042
archetype,none,median,2,ehp_no_agi,2,9834.6154,12236.9951,15840.5646,21846.5137,27852.4629,31456.0324,33858.4121,21846.5138,16987.3896,12011.8984
archetype,none,median,2,hpr,2,0,114.1,285.25,570.5,855.75,1026.9,1141,570.5,806.8088,570.5
archetype,none,median,2,ehpr,2,0,261.5223,653.8057,1307.6115,1961.4172,2353.7006,2615.2229,1307.6115,1849.2418,1307.6115
archetype,none,median,2,ls,2,-250,-192.4,-106,38,182,268.4,326,38,407.2935,288
archetype,none,median,2,effective_ls,2,-573.0112,-434.4638,-226.6428,119.7256,466.0941,673.9151,812.4625,119.7256,979.6778,692.7369
archetype,none,median,2,mr,2,-9,-1.7,9.25,27.5,45.75,56.7,64,27.5,51.6188,36.5
archetype,none,median,2,total_mr,2,16,23.3,34.25,52.5,70.75,81.7,89,52.5,51.6188,36.5
archetype,none,median,2,ms,2,0,2,5,10,15,18,20,10,14.1421,10
archetype,none,median,2,mana_per_hit,2,0,0.155,0.3876,0.7752,1.1628,1.3954,1.5504,0.7752,1.0963,0.7752
archetype,none,median,2,total_mana,2,87,102.4,125.5,164,202.5,225.6,241,164,108.8944,77
archetype,none,median,2,walk_speed,2,6,22.1,46.25,86.5,126.75,150.9,167,86.5,113.8442,80.5
archetype,none,median,2,attack_tier,2,0,0.2,0.5,1,1.5,1.8,2,1,1.4142,1
archetype,none,median,2,attacks_per_second,2,2.05,2.275,2.6125,3.175,3.7375,4.075,4.3,3.175,1.591,1.125
archetype,none,median,2,poison,2,0,0,0,0,0,0,0,0,0,0
archetype,none,median,2,main_attack_range_pct,2,0,2.2,5.5,11,16.5,19.8,22,11,15.5563,11
archetype,none,median,2,main_attack_range_blocks,2,1,1.632,2.58,4.16,5.74,6.688,7.32,4.16,4.4689,3.16
archetype,none,median,2,main_attack_dps,2,1003.3284,1926.2399,3310.607,5617.8857,7925.1643,9309.5315,10232.443,5617.8857,6525.9695,4614.5573
archetype,none,median,2,spell_display_avg_max,2,15631.5826,24613.9045,38087.3875,60543.1923,82998.9972,96472.4801,105454.802,60543.1923,63514.6075,44911.6097
archetype,none,median,2,spell_display_avg_sum,2,45795.1478,56843.7185,73416.5745,101038.0012,128659.4279,145232.2839,156280.8546,101038.0012,78125.1925,55242.8534
archetype,none,median,2,heal_pct,2,-30,-27,-22.5,-15,-7.5,-3,0,-15,21.2132,15
archetype,none,median,2,skill_points_assigned,2,181,181,181,181,181,181,181,181,0,0
archetype_class,none:archer,median,1,total_hp,1,12785,12785,12785,12785,12785,12785,12785,12785,0,0
archetype_class,none:archer,median,1,ehp,1,31862.9857,31862.9857,31862.9857,31862.9857,31862.9857,31862.9857,31862.9857,31862.9857,0,0
archetype_class,none:archer,median,1,ehp_no_agi,1,9834.6154,9834.6154,9834.6154,9834.6154,9834.6154,9834.6154,9834.6154,9834.6154,0,0
archetype_class,none:archer,median,1,hpr,1,0,0,0,0,0,0,0,0,0,0
archetype_class,none:archer,median,1,ehpr,1,0,0,0,0,0,0,0,0,0,0
archetype_class,none:archer,median,1,ls,1,326,326,326,326,326,326,326,326,0,0
archetype_class,none:archer,median,1,effective_ls,1,812.4625,812.4625,812.4625,812.4625,812.4625,812.4625,812.4625,812.4625,0,0
archetype_class,none:archer,median,1,mr,1,-9,-9,-9,-9,-9,-9,-9,-9,0,0
archetype_class,none:archer,median,1,total_mr,1,16,16,16,16,16,16,16,16,0,0
archetype_class,none:archer,median,1,ms,1,20,20,20,20,20,20,20,20,0,0
archetype_class,none:archer,median,1,mana_per_hit,1,1.5504,1.5504,1.5504,1.5504,1.5504,1.5504,1.5504,1.5504,0,0
archetype_class,none:archer,median,1,total_mana,1,87,87,87,87,87,87,87,87,0,0
archetype_class,none:archer,median,1,walk_speed,1,167,167,167,167,167,167,167,167,0,0
archetype_class,none:archer,median,1,attack_tier,1,2,2,2,2,2,2,2,2,0,0
archetype_class,none:archer,median,1,attacks_per_second,1,4.3,4.3,4.3,4.3,4.3,4.3,4.3,4.3,0,0
archetype_class,none:archer,median,1,poison,1,0,0,0,0,0,0,0,0,0,0
archetype_class,none:archer,median,1,main_attack_range_pct,1,22,22,22,22,22,22,22,22,0,0
archetype_class,none:archer,median,1,main_attack_range_blocks,1,7.32,7.32,7.32,7.32,7.32,7.32,7.32,7.32,0,0
archetype_class,none:archer,median,1,main_attack_dps,1,10232.443,10232.443,10232.443,10232.443,10232.443,10232.443,10232.443,10232.443,0,0
archetype_class,none:archer,median,1,spell_display_avg_max,1,105454.802,105454.802,105454.802,105454.802,105454.802,105454.802,105454.802,105454.802,0,0
archetype_class,none:archer,median,1,spell_display_avg_sum,1,156280.8546,156280.8546,156280.8546,156280.8546,156280.8546,156280.8546,156280.8546,156280.8546,0,0
archetype_class,none:archer,median,1,heal_pct,1,0,0,0,0,0,0,0,0,0,0
archetype_class,none:archer,median,1,skill_points_assigned,1,181,181,181,181,181,181,181,181,0,0
archetype,none,upper_quartile_proxy,2,total_hp,2,13460,13625,13872.5,14285,14697.5,14945,15110,14285,1166.7262,825
archetype,none,upper_quartile_proxy,2,ehp,2,33545.2317,33653.9879,33817.1223,34089.0129,34360.9035,34524.0379,34632.7941,34089.0129,769.0227,543.7812
archetype,none,upper_quartile_proxy,2,ehp_no_agi,2,10353.8462,12704.3028,16229.9877,22106.1292,27982.2706,31507.9555,33858.4121,22106.1292,16620.2379,11752.283
archetype,none,upper_quartile_proxy,2,hpr,2,0,149.7,374.25,748.5,1122.75,1347.3,1497,748.5,1058.5389,748.5
archetype,none,upper_quartile_proxy,2,ehpr,2,0,343.1191,857.7977,1715.5954,2573.3931,3088.0717,3431.1908,1715.5954,2426.2183,1715.5954
archetype,none,upper_quartile_proxy,2,ls,2,-212,-148,-52,108,268,364,428,108,452.5483,320
archetype,none,upper_quartile_proxy,2,effective_ls,2,-485.9135,-330.6553,-97.768,290.3776,678.5231,911.4104,1066.6686,290.3776,1097.8413,776.2911
archetype,none,upper_quartile_proxy,2,mr,2,-7,1.8,15,37,59,72.2,81,37,62.2254,44
archetype,none,upper_quartile_proxy,2,total_mr,2,18,26.8,40,62,84,97.2,106,62,62.2254,44
archetype,none,upper_quartile_proxy,2,ms,2,0,2.6,6.5,13,19.5,23.4,26,13,18.3848,13
archetype,none,upper_quartile_proxy,2,mana_per_hit,2,0,0.2016,0.5039,1.0078,1.5116,1.814,2.0155,1.0078,1.4252,1.0078
archetype,none,upper_quartile_proxy,2,total_mana,2,89,106.1,131.75,174.5,217.25,242.9,260,174.5,120.9153,85.5
archetype,none,upper_quartile_proxy,2,walk_speed,2,8,28.3,58.75,109.5,160.25,190.7,211,109.5,143.5427,101.5
archetype,none,upper_quartile_proxy,2,attack_tier,2,0,0.2,0.5,1,1.5,1.8,2,1,1.4142,1
archetype,none,upper_quartile_proxy,2,attacks_per_second,2,2.05,2.275,2.6125,3.175,3.7375,4.075,4.3,3.175,1.591,1.125
archetype,none,upper_quartile_proxy,2,poison,2,0,0,0,0,0,0,0,0,0,0
archetype,none,upper_quartile_proxy,2,main_attack_range_pct,2,0,2.8,7,14,21,25.2,28,14,19.799,14
archetype,none,upper_quartile_proxy,2,main_attack_range_blocks,2,1,1.668,2.67,4.34,6.01,7.012,7.68,4.34,4.7235,3.34
archetype,none,upper_quartile_proxy,2,main_attack_dps,2,1122.8628,2316.2145,4106.2421,7089.6213,10073.0006,11863.0281,13056.3798,7089.6213,8438.2708,5966.7585
archetype,none,upper_quartile_proxy,2,spell_display_avg_max,2,18015.0325,27851.7443,42606.812,67198.5915,91790.371,106545.4387,116382.1505,67198.5915,69556.0562,49183.559
archetype,none,upper_quartile_proxy,2,spell_display_avg_sum,2,52800.2835,64802.2772,82805.2677,112810.2519,142815.236,160818.2265,172820.2202,112810.2519,84866.9111,60009.9684
archetype,none,upper_quartile_proxy,2,heal_pct,2,-25,-22.5,-18.75,-12.5,-6.25,-2.5,0,-12.5,17.6777,12.5
archetype,none,upper_quartile_proxy,2,skill_points_assigned,2,181,181,181,181,181,181,181,181,0,0
archetype_class,none:archer,upper_quartile_proxy,1,total_hp,1,13460,13460,13460,13460,13460,13460,13460,13460,0,0
archetype_class,none:archer,upper_quartile_proxy,1,ehp,1,33545.2317,33545.2317,33545.2317,33545.2317,33545.2317,33545.2317,33545.2317,33545.2317,0,0
archetype_class,none:archer,upper_quartile_proxy,1,ehp_no_agi,1,10353.8462,10353.8462,10353.8462,10353.8462,10353.8462,10353.8462,10353.8462,10353.8462,0,0
archetype_class,none:archer,upper_quartile_proxy,1,hpr,1,0,0,0,0,0,0,0,0,0,0
archetype_class,none:archer,upper_quartile_proxy,1,ehpr,1,0,0,0,0,0,0,0,0,0,0
archetype_class,none:archer,upper_quartile_proxy,1,ls,1,428,428,428,428,428,428,428,428,0,0
archetype_class,none:archer,upper_quartile_proxy,1,effective_ls,1,1066.6686,1066.6686,1066.6686,1066.6686,1066.6686,1066.6686,1066.6686,1066.6686,0,0
archetype_class,none:archer,upper_quartile_proxy,1,mr,1,-7,-7,-7,-7,-7,-7,-7,-7,0,0
archetype_class,none:archer,upper_quartile_proxy,1,total_mr,1,18,18,18,18,18,18,18,18,0,0
archetype_class,none:archer,upper_quartile_proxy,1,ms,1,26,26,26,26,26,26,26,26,0,0
archetype_class,none:archer,upper_quartile_proxy,1,mana_per_hit,1,2.0155,2.0155,2.0155,2.0155,2.0155,2.0155,2.0155,2.0155,0,0
archetype_class,none:archer,upper_quartile_proxy,1,total_mana,1,89,89,89,89,89,89,89,89,0,0
archetype_class,none:archer,upper_quartile_proxy,1,walk_speed,1,211,211,211,211,211,211,211,211,0,0
archetype_class,none:archer,upper_quartile_proxy,1,attack_tier,1,2,2,2,2,2,2,2,2,0,0
archetype_class,none:archer,upper_quartile_proxy,1,attacks_per_second,1,4.3,4.3,4.3,4.3,4.3,4.3,4.3,4.3,0,0
archetype_class,none:archer,upper_quartile_proxy,1,poison,1,0,0,0,0,0,0,0,0,0,0
archetype_class,none:archer,upper_quartile_proxy,1,main_attack_range_pct,1,28,28,28,28,28,28,28,28,0,0
archetype_class,none:archer,upper_quartile_proxy,1,main_attack_range_blocks,1,7.68,7.68,7.68,7.68,7.68,7.68,7.68,7.68,0,0
archetype_class,none:archer,upper_quartile_proxy,1,main_attack_dps,1,13056.3798,13056.3798,13056.3798,13056.3798,13056.3798,13056.3798,13056.3798,13056.3798,0,0
archetype_class,none:archer,upper_quartile_proxy,1,spell_display_avg_max,1,116382.1505,116382.1505,116382.1505,116382.1505,116382.1505,116382.1505,116382.1505,116382.1505,0,0
archetype_class,none:archer,upper_quartile_proxy,1,spell_display_avg_sum,1,172820.2202,172820.2202,172820.2202,172820.2202,172820.2202,172820.2202,172820.2202,172820.2202,0,0
archetype_class,none:archer,upper_quartile_proxy,1,heal_pct,1,0,0,0,0,0,0,0,0,0,0
archetype_class,none:archer,upper_quartile_proxy,1,skill_points_assigned,1,181,181,181,181,181,181,181,181,0,0
archetype,none,solver_default,2,total_hp,2,13730,13868,14075,14420,14765,14972,15110,14420,975.8074,690
archetype,none,solver_default,2,ehp,2,34218.1301,34259.5965,34321.7961,34425.4621,34529.1281,34591.3277,34632.7941,34425.4621,293.2117,207.332
archetype,none,solver_default,2,ehp_no_agi,2,10561.5385,12891.2259,16385.7569,22209.9753,28034.1937,31528.7247,33858.4121,22209.9753,16473.3773,11648.4368
archetype,none,solver_default,2,hpr,2,0,164,410,820,1230,1476,1640,820,1159.6551,820
archetype,none,solver_default,2,ehpr,2,0,375.8953,939.7383,1879.4766,2819.2149,3383.0579,3758.9532,1879.4766,2657.9813,1879.4766
archetype,none,solver_default,2,ls,2,-197,-130.4,-30.5,136,302.5,402.4,469,136,470.9331,333
archetype,none,solver_default,2,effective_ls,2,-451.5328,-289.4946,-46.4372,358.6584,763.7539,1006.8113,1168.8495,358.6584,1145.7833,810.1912
archetype,none,solver_default,2,mr,2,-6,4.2,19.5,45,70.5,85.8,96,45,72.1249,51
archetype,none,solver_default,2,total_mr,2,19,29.2,44.5,70,95.5,110.8,121,70,72.1249,51
archetype,none,solver_default,2,ms,2,0,3.2,8,16,24,28.8,32,16,22.6274,16
archetype,none,solver_default,2,mana_per_hit,2,0,0.2481,0.6202,1.2403,1.8605,2.2325,2.4806,1.2403,1.754,1.2403
archetype,none,solver_default,2,total_mana,2,91,109.8,138,185,232,260.2,279,185,132.9361,94
archetype,none,solver_default,2,walk_speed,2,9,31.2,64.5,120,175.5,208.8,231,120,156.9777,111
archetype,none,solver_default,2,attack_tier,2,0,0.2,0.5,1,1.5,1.8,2,1,1.4142,1
archetype,none,solver_default,2,attacks_per_second,2,2.05,2.275,2.6125,3.175,3.7375,4.075,4.3,3.175,1.591,1.125
archetype,none,solver_default,2,poison,2,0,0,0,0,0,0,0,0,0,0
archetype,none,solver_default,2,main_attack_range_pct,2,0,3.1,7.75,15.5,23.25,27.9,31,15.5,21.9203,15.5
archetype,none,solver_default,2,main_attack_range_blocks,2,1,1.686,2.715,4.43,6.145,7.174,7.86,4.43,4.8508,3.43
archetype,none,solver_default,2,main_attack_dps,2,1173.2855,2473.6102,4424.0973,7674.9092,10925.721,12876.2081,14176.5328,7674.9092,9194.6843,6501.6237
archetype,none,solver_default,2,spell_display_avg_max,2,19089.5194,29241.6191,44469.7686,69850.0177,95230.2669,110458.4163,120610.516,69850.0177,71786.1851,50760.4983
archetype,none,solver_default,2,spell_display_avg_sum,2,55841.1164,68178.4228,86684.3825,117527.6486,148370.9147,166876.8744,179214.1808,117527.6486,87237.9305,61686.5322
archetype,none,solver_default,2,heal_pct,2,-24,-21.6,-18,-12,-6,-2.4,0,-12,16.9706,12
archetype,none,solver_default,2,skill_points_assigned,2,181,181,181,181,181,181,181,181,0,0
archetype_class,none:archer,solver_default,1,total_hp,1,13730,13730,13730,13730,13730,13730,13730,13730,0,0
archetype_class,none:archer,solver_default,1,ehp,1,34218.1301,34218.1301,34218.1301,34218.1301,34218.1301,34218.1301,34218.1301,34218.1301,0,0
archetype_class,none:archer,solver_default,1,ehp_no_agi,1,10561.5385,10561.5385,10561.5385,10561.5385,10561.5385,10561.5385,10561.5385,10561.5385,0,0
archetype_class,none:archer,solver_default,1,hpr,1,0,0,0,0,0,0,0,0,0,0
archetype_class,none:archer,solver_default,1,ehpr,1,0,0,0,0,0,0,0,0,0,0
archetype_class,none:archer,solver_default,1,ls,1,469,469,469,469,469,469,469,469,0,0
archetype_class,none:archer,solver_default,1,effective_ls,1,1168.8495,1168.8495,1168.8495,1168.8495,1168.8495,1168.8495,1168.8495,1168.8495,0,0
archetype_class,none:archer,solver_default,1,mr,1,-6,-6,-6,-6,-6,-6,-6,-6,0,0
archetype_class,none:archer,solver_default,1,total_mr,1,19,19,19,19,19,19,19,19,0,0
archetype_class,none:archer,solver_default,1,ms,1,32,32,32,32,32,32,32,32,0,0
archetype_class,none:archer,solver_default,1,mana_per_hit,1,2.4806,2.4806,2.4806,2.4806,2.4806,2.4806,2.4806,2.4806,0,0
archetype_class,none:archer,solver_default,1,total_mana,1,91,91,91,91,91,91,91,91,0,0
archetype_class,none:archer,solver_default,1,walk_speed,1,231,231,231,231,231,231,231,231,0,0
archetype_class,none:archer,solver_default,1,attack_tier,1,2,2,2,2,2,2,2,2,0,0
archetype_class,none:archer,solver_default,1,attacks_per_second,1,4.3,4.3,4.3,4.3,4.3,4.3,4.3,4.3,0,0
archetype_class,none:archer,solver_default,1,poison,1,0,0,0,0,0,0,0,0,0,0
archetype_class,none:archer,solver_default,1,main_attack_range_pct,1,31,31,31,31,31,31,31,31,0,0
archetype_class,none:archer,solver_default,1,main_attack_range_blocks,1,7.86,7.86,7.86,7.86,7.86,7.86,7.86,7.86,0,0
archetype_class,none:archer,solver_default,1,main_attack_dps,1,14176.5328,14176.5328,14176.5328,14176.5328,14176.5328,14176.5328,14176.5328,14176.5328,0,0
archetype_class,none:archer,solver_default,1,spell_display_avg_max,1,120610.516,120610.516,120610.516,120610.516,120610.516,120610.516,120610.516,120610.516,0,0
archetype_class,none:archer,solver_default,1,spell_display_avg_sum,1,179214.1808,179214.1808,179214.1808,179214.1808,179214.1808,179214.1808,179214.1808,179214.1808,0,0
archetype_class,none:archer,solver_default,1,heal_pct,1,0,0,0,0,0,0,0,0,0,0
archetype_class,none:archer,solver_default,1,skill_points_assigned,1,181,181,181,181,181,181,181,181,0,0
archetype,none,maximum,2,total_hp,2,14135,14232.5,14378.75,14622.5,14866.25,15012.5,15110,14622.5,689.4291,487.5
archetype,none,maximum,2,ehp,2,34632.7941,34692.2625,34781.465,34930.1359,35078.8068,35168.0093,35227.4777,34930.1359,420.5048,297.3418
archetype,none,maximum,2,ehp_no_agi,2,10873.0769,13171.6104,16619.4107,22365.7445,28112.0783,31559.8786,33858.4121,22365.7445,16253.0864,11492.6676
archetype,none,maximum,2,hpr,2,0,185.3,463.25,926.5,1389.75,1667.7,1853,926.5,1310.2689,926.5
archetype,none,maximum,2,ehpr,2,0,424.7159,1061.7897,2123.5794,3185.369,3822.4428,4247.1587,2123.5794,3003.1947,2123.5794
archetype,none,maximum,2,ls,2,-175,-104.5,1.25,177.5,353.75,459.5,530,177.5,498.5103,352.5
archetype,none,maximum,2,effective_ls,2,-401.1078,-228.9095,29.3878,459.8835,890.3791,1148.6765,1320.8747,459.8835,1217.6255,860.9913
archetype,none,maximum,2,mr,2,-6,4.2,19.5,45,70.5,85.8,96,45,72.1249,51
archetype,none,maximum,2,total_mr,2,19,29.2,44.5,70,95.5,110.8,121,70,72.1249,51
archetype,none,maximum,2,ms,2,0,3.2,8,16,24,28.8,32,16,22.6274,16
archetype,none,maximum,2,mana_per_hit,2,0,0.2481,0.6202,1.2403,1.8605,2.2325,2.4806,1.2403,1.754,1.2403
archetype,none,maximum,2,total_mana,2,91,109.8,138,185,232,260.2,279,185,132.9361,94
archetype,none,maximum,2,walk_speed,2,10,34.7,71.75,133.5,195.25,232.3,257,133.5,174.6554,123.5
archetype,none,maximum,2,attack_tier,2,0,0.2,0.5,1,1.5,1.8,2,1,1.4142,1
archetype,none,maximum,2,attacks_per_second,2,2.05,2.275,2.6125,3.175,3.7375,4.075,4.3,3.175,1.591,1.125
archetype,none,maximum,2,poison,2,0,0,0,0,0,0,0,0,0,0
archetype,none,maximum,2,main_attack_range_pct,2,0,3.5,8.75,17.5,26.25,31.5,35,17.5,24.7487,17.5
archetype,none,maximum,2,main_attack_range_blocks,2,1,1.71,2.775,4.55,6.325,7.39,8.1,4.55,5.0205,3.55
archetype,none,maximum,2,main_attack_dps,2,1244.2208,2705.8179,4898.2135,8552.2061,12206.1988,14398.5943,15860.1914,8552.2061,10335.0519,7307.9853
archetype,none,maximum,2,spell_display_avg_max,2,20636.9473,31304.2025,47305.0852,73973.2232,100641.3611,116642.2438,127309.499,73973.2232,75428.8847,53336.2759
archetype,none,maximum,2,spell_display_avg_sum,2,60272.0423,73180.7967,92543.9282,124815.8141,157087.7,176450.8315,189359.5859,124815.8141,91278.6774,64543.7718
archetype,none,maximum,2,heal_pct,2,-21,-18.9,-15.75,-10.5,-5.25,-2.1,0,-10.5,14.8492,10.5
archetype,none,maximum,2,skill_points_assigned,2,181,181,181,181,181,181,181,181,0,0
archetype_class,none:archer,maximum,1,total_hp,1,14135,14135,14135,14135,14135,14135,14135,14135,0,0
archetype_class,none:archer,maximum,1,ehp,1,35227.4777,35227.4777,35227.4777,35227.4777,35227.4777,35227.4777,35227.4777,35227.4777,0,0
archetype_class,none:archer,maximum,1,ehp_no_agi,1,10873.0769,10873.0769,10873.0769,10873.0769,10873.0769,10873.0769,10873.0769,10873.0769,0,0
archetype_class,none:archer,maximum,1,hpr,1,0,0,0,0,0,0,0,0,0,0
archetype_class,none:archer,maximum,1,ehpr,1,0,0,0,0,0,0,0,0,0,0
archetype_class,none:archer,maximum,1,ls,1,530,530,530,530,530,530,530,530,0,0
archetype_class,none:archer,maximum,1,effective_ls,1,1320.8747,1320.8747,1320.8747,1320.8747,1320.8747,1320.8747,1320.8747,1320.8747,0,0
archetype_class,none:archer,maximum,1,mr,1,-6,-6,-6,-6,-6,-6,-6,-6,0,0
archetype_class,none:archer,maximum,1,total_mr,1,19,19,19,19,19,19,19,19,0,0
archetype_class,none:archer,maximum,1,ms,1,32,32,32,32,32,32,32,32,0,0
archetype_class,none:archer,maximum,1,mana_per_hit,1,2.4806,2.4806,2.4806,2.4806,2.4806,2.4806,2.4806,2.4806,0,0
archetype_class,none:archer,maximum,1,total_mana,1,91,91,91,91,91,91,91,91,0,0
archetype_class,none:archer,maximum,1,walk_speed,1,257,257,257,257,257,257,257,257,0,0
archetype_class,none:archer,maximum,1,attack_tier,1,2,2,2,2,2,2,2,2,0,0
archetype_class,none:archer,maximum,1,attacks_per_second,1,4.3,4.3,4.3,4.3,4.3,4.3,4.3,4.3,0,0
archetype_class,none:archer,maximum,1,poison,1,0,0,0,0,0,0,0,0,0,0
archetype_class,none:archer,maximum,1,main_attack_range_pct,1,35,35,35,35,35,35,35,35,0,0
archetype_class,none:archer,maximum,1,main_attack_range_blocks,1,8.1,8.1,8.1,8.1,8.1,8.1,8.1,8.1,0,0
archetype_class,none:archer,maximum,1,main_attack_dps,1,15860.1914,15860.1914,15860.1914,15860.1914,15860.1914,15860.1914,15860.1914,15860.1914,0,0
archetype_class,none:archer,maximum,1,spell_display_avg_max,1,127309.499,127309.499,127309.499,127309.499,127309.499,127309.499,127309.499,127309.499,0,0
archetype_class,none:archer,maximum,1,spell_display_avg_sum,1,189359.5859,189359.5859,189359.5859,189359.5859,189359.5859,189359.5859,189359.5859,189359.5859,0,0
archetype_class,none:archer,maximum,1,heal_pct,1,0,0,0,0,0,0,0,0,0,0
archetype_class,none:archer,maximum,1,skill_points_assigned,1,181,181,181,181,181,181,181,181,0,0
class,assassin,median,11,total_hp,11,7785,9085,11207.5,13185,13642.5,14565,22285,13017.7273,3817.9663,605
class,assassin,median,11,ehp,11,9894.8535,13105,14170.1104,23061.3159,36430.3347,40119.363,59542.7384,26758.3362,15055.7313,9956.3159
class,assassin,median,11,ehp_no_agi,11,9484.963,13105,13875.0361,17135.1921,22317.4702,29020.8744,59542.7384,21301.9042,13827.6166,4030.1921
class,assassin,median,11,hpr,11,-534.52,-349.7,0,0,115.115,130.2,466.48,-1.5736,258.9841,108.23
class,assassin,median,11,ehpr,11,-534.52,-380.8729,0,0,320.22,371.222,1271.6585,131.1424,470.0101,289.1771
class,assassin,median,11,ls,11,0,0,0,0,350,568,693,178.2727,265.1943,0
class,assassin,median,11,effective_ls,11,0,0,0,0,575.6938,1184.9103,1728.3123,369.51,598.2917,0
class,assassin,median,11,mr,11,-38,0,3,10,20.5,28,32,9.2727,19.0057,10
class,assassin,median,11,total_mr,11,-13,25,28,35,45.5,53,57,34.2727,19.0057,10
class,assassin,median,11,ms,11,-12,0,1.5,12,17.5,19,46,11.2727,14.9606,7
class,assassin,median,11,mana_per_hit,11,-0.9302,0,0.2439,1.6,9.8039,12.4183,30.0654,6.2186,9.2098,2.5302
class,assassin,median,11,total_mana,11,141,148,151,154,180.5,204,204,165.9091,24.6919,4
class,assassin,median,11,walk_speed,11,-46,-44,-33.5,-15,-3,10,74,-11.4545,33.4525,17
class,assassin,median,11,attack_tier,11,-70,-6,-1.5,0,0,0,0,-7.1818,20.9132,0
class,assassin,median,11,attacks_per_second,11,0.51,0.51,0.51,1.5,2.275,2.5,4.3,1.5864,1.2355,0.99
class,assassin,median,11,poison,11,-12000,-12000,0,0,50,8500,20191,435.5455,8751.2558,50
class,assassin,median,11,main_attack_range_pct,11,-20,-20,0,0,0,56,101,10.6364,35.9062,0
class,assassin,median,11,main_attack_range_blocks,7,0.8,0.92,1,1,1,1.224,1.56,1.0514,0.2363,0
class,assassin,median,11,main_attack_dps,11,908.45,1103.6522,1622.0242,2943.7609,7798.9842,13241.7974,25052.4582,6353.2398,7338.9795,2035.3109
class,assassin,median,11,spell_display_avg_max,11,11967.5721,12604.8374,16207.236,20039.6696,34686.8287,48851.2882,57030.524,26338.5322,15872.1443,5465.5899
class,assassin,median,11,spell_display_avg_sum,11,25001.7245,28298.1054,31601.0088,41406.5995,74382.9303,100777.0872,109844.2788,54165.1389,32275.3967,12349.9573
class,assassin,median,11,heal_pct,11,-20,-7,-6.5,0,0,0,0,-3.6364,6.2333,0
class,assassin,median,11,skill_points_assigned,11,145,160,195,197,199,199,200,189.4545,18.6513,2
family_class,family_unclassified:assassin,median,9,total_hp,9,7785,8825,9335,13185,13495,15489,22285,12836.1111,4228.9204,605
family_class,family_unclassified:assassin,median,9,ehp,9,9894.8535,12774.9707,14845.2207,25162.8218,37203.6357,44004.0381,59542.7384,28775.7759,15903.709,11667.8218
family_class,family_unclassified:assassin,median,9,ehp_no_agi,9,9484.963,12692.9926,14255.0721,17135.1921,22380.2256,35125.2472,59542.7384,22106.8034,15157.9268,3640.1921
family_class,family_unclassified:assassin,median,9,hpr,9,-534.52,-386.664,0,40,122,197.456,466.48,-1.9233,289.5518,82
family_class,family_unclassified:assassin,median,9,ehpr,9,-534.52,-411.6023,0,74.6394,351.2628,551.3093,1271.6585,160.2852,520.4631,276.6234
family_class,family_unclassified:assassin,median,9,ls,9,0,0,0,0,400,593,693,184.5556,286.4276,0
family_class,family_unclassified:assassin,median,9,effective_ls,9,0,0,0,0,693,1293.5907,1728.3123,400.6914,654.4408,0
family_class,family_unclassified:assassin,median,9,mr,9,0,0,6,17,22,28.8,32,14.8889,11.6345,11
family_class,family_unclassified:assassin,median,9,total_mr,9,25,25,31,42,47,53.8,57,39.8889,11.6345,11
family_class,family_unclassified:assassin,median,9,ms,9,-12,-2.4,0,7,16,19,19,7.1111,10.4217,7
family_class,family_unclassified:assassin,median,9,mana_per_hit,9,-0.9302,-0.186,0,0.9333,4.2222,10.8497,12.4183,3.2432,4.8896,0.9333
family_class,family_unclassified:assassin,median,9,total_mana,9,148,150.4,151,158,203,204,204,170.1111,25.3744,7
family_class,family_unclassified:assassin,median,9,walk_speed,9,-46,-44.4,-35,-17,-3,12.4,74,-13.4444,36.5415,15
family_class,family_unclassified:assassin,median,9,attack_tier,9,-6,-2.8,-1,0,0,0,0,-1,2,0
family_class,family_unclassified:assassin,median,9,attacks_per_second,9,0.51,0.51,0.51,2.05,2.5,2.86,4.3,1.8256,1.2466,0.55
family_class,family_unclassified:assassin,median,9,poison,9,-12000,-12000,0,0,0,4078.2,20191,-417.6667,9314.6992,0
family_class,family_unclassified:assassin,median,9,main_attack_range_pct,9,-20,-20,0,0,0,20.2,101,6.7778,36.3792,0
family_class,family_unclassified:assassin,median,9,main_attack_range_blocks,5,0.8,0.88,1,1,1,1,1,0.96,0.0894,0
family_class,family_unclassified:assassin,median,9,main_attack_dps,9,908.45,1064.6118,1289.9081,2287.9974,5505.505,7473.3168,13241.7974,3918.4898,3957.0598,1184.3452
family_class,family_unclassified:assassin,median,9,spell_display_avg_max,9,11967.5721,14961.5866,16704.3817,20421.6904,43868.3979,50487.1354,57030.524,28564.3719,16756.9774,5083.5691
family_class,family_unclassified:assassin,median,9,spell_display_avg_sum,9,25001.7245,28245.6587,34145.3754,41406.5995,98223.8122,102590.5255,109844.2788,58251.1551,34421.4396,12349.9573
family_class,family_unclassified:assassin,median,9,heal_pct,9,-20,-9.6,-7,0,0,0,0,-3.7778,6.7966,0
family_class,family_unclassified:assassin,median,9,skill_points_assigned,9,145,184.2,196,198,199,199.2,200,191.8889,17.6808,1
archetype,Trickster,median,2,total_hp,2,13485,14365,15685,17885,20085,21405,22285,17885,6222.5397,4400
archetype,Trickster,median,2,ehp,2,25162.8218,28600.8135,33757.801,42352.7801,50947.7593,56104.7467,59542.7384,42352.7801,24310.2722,17189.9583
archetype,Trickster,median,2,ehp_no_agi,2,22380.2256,26096.4769,31670.8538,40961.482,50252.1102,55826.4871,59542.7384,40961.482,26277.8648,18581.2564
archetype,Trickster,median,2,hpr,2,40,46.823,57.0575,74.115,91.1725,101.407,108.23,74.115,48.2459,34.115
archetype,Trickster,median,2,ehpr,2,74.6394,96.0932,128.2738,181.9083,235.5427,267.7233,289.1771,181.9083,151.7011,107.2689
archetype,Trickster,median,2,ls,2,0,0,0,0,0,0,0,0,0,0
archetype,Trickster,median,2,effective_ls,2,0,0,0,0,0,0,0,0,0,0
archetype,Trickster,median,2,mr,2,22,22.6,23.5,25,26.5,27.4,28,25,4.2426,3
archetype,Trickster,median,2,total_mr,2,47,47.6,48.5,50,51.5,52.4,53,50,4.2426,3
archetype,Trickster,median,2,ms,2,0,0,0,0,0,0,0,0,0,0
archetype,Trickster,median,2,mana_per_hit,2,0,0,0,0,0,0,0,0,0,0
archetype,Trickster,median,2,total_mana,2,151,151.7,152.75,154.5,156.25,157.3,158,154.5,4.9497,3.5
archetype,Trickster,median,2,walk_speed,2,-44,-41.3,-37.25,-30.5,-23.75,-19.7,-17,-30.5,19.0919,13.5
archetype,Trickster,median,2,attack_tier,2,-2,-1.8,-1.5,-1,-0.5,-0.2,0,-1,1.4142,1
archetype,Trickster,median,2,attacks_per_second,2,0.51,0.664,0.895,1.28,1.665,1.896,2.05,1.28,1.0889,0.77
archetype,Trickster,median,2,poison,2,0,5,12.5,25,37.5,45,50,25,35.3553,25
archetype,Trickster,median,2,main_attack_range_pct,2,-20,-18,-15,-10,-5,-2,0,-10,14.1421,10
archetype,Trickster,median,2,main_attack_range_blocks,2,0.8,0.82,0.85,0.9,0.95,0.98,1,0.9,0.1414,0.1
archetype,Trickster,median,2,main_attack_dps,2,1289.9081,1764.037,2475.2303,3660.5524,4845.8746,5557.0678,6031.1967,3660.5524,3352.5973,2370.6443
archetype,Trickster,median,2,spell_display_avg_max,2,11967.5721,12472.8292,13230.715,14493.8578,15757.0006,16514.8864,17020.1435,14493.8578,3572.7075,2526.2857
archetype,Trickster,median,2,spell_display_avg_sum,2,25001.7245,25407.2163,26015.4539,27029.1834,28042.9128,28651.1504,29056.6422,27029.1834,2867.2598,2027.4588
archetype,Trickster,median,2,heal_pct,2,-7,-6.3,-5.25,-3.5,-1.75,-0.7,0,-3.5,4.9497,3.5
archetype,Trickster,median,2,skill_points_assigned,2,194,194.3,194.75,195.5,196.25,196.7,197,195.5,2.1213,1.5
archetype_class,Trickster:assassin,median,2,total_hp,2,13485,14365,15685,17885,20085,21405,22285,17885,6222.5397,4400
archetype_class,Trickster:assassin,median,2,ehp,2,25162.8218,28600.8135,33757.801,42352.7801,50947.7593,56104.7467,59542.7384,42352.7801,24310.2722,17189.9583
archetype_class,Trickster:assassin,median,2,ehp_no_agi,2,22380.2256,26096.4769,31670.8538,40961.482,50252.1102,55826.4871,59542.7384,40961.482,26277.8648,18581.2564
archetype_class,Trickster:assassin,median,2,hpr,2,40,46.823,57.0575,74.115,91.1725,101.407,108.23,74.115,48.2459,34.115
archetype_class,Trickster:assassin,median,2,ehpr,2,74.6394,96.0932,128.2738,181.9083,235.5427,267.7233,289.1771,181.9083,151.7011,107.2689
archetype_class,Trickster:assassin,median,2,ls,2,0,0,0,0,0,0,0,0,0,0
archetype_class,Trickster:assassin,median,2,effective_ls,2,0,0,0,0,0,0,0,0,0,0
archetype_class,Trickster:assassin,median,2,mr,2,22,22.6,23.5,25,26.5,27.4,28,25,4.2426,3
archetype_class,Trickster:assassin,median,2,total_mr,2,47,47.6,48.5,50,51.5,52.4,53,50,4.2426,3
archetype_class,Trickster:assassin,median,2,ms,2,0,0,0,0,0,0,0,0,0,0
archetype_class,Trickster:assassin,median,2,mana_per_hit,2,0,0,0,0,0,0,0,0,0,0
archetype_class,Trickster:assassin,median,2,total_mana,2,151,151.7,152.75,154.5,156.25,157.3,158,154.5,4.9497,3.5
archetype_class,Trickster:assassin,median,2,walk_speed,2,-44,-41.3,-37.25,-30.5,-23.75,-19.7,-17,-30.5,19.0919,13.5
archetype_class,Trickster:assassin,median,2,attack_tier,2,-2,-1.8,-1.5,-1,-0.5,-0.2,0,-1,1.4142,1
archetype_class,Trickster:assassin,median,2,attacks_per_second,2,0.51,0.664,0.895,1.28,1.665,1.896,2.05,1.28,1.0889,0.77
archetype_class,Trickster:assassin,median,2,poison,2,0,5,12.5,25,37.5,45,50,25,35.3553,25
archetype_class,Trickster:assassin,median,2,main_attack_range_pct,2,-20,-18,-15,-10,-5,-2,0,-10,14.1421,10
archetype_class,Trickster:assassin,median,2,main_attack_range_blocks,2,0.8,0.82,0.85,0.9,0.95,0.98,1,0.9,0.1414,0.1
archetype_class,Trickster:assassin,median,2,main_attack_dps,2,1289.9081,1764.037,2475.2303,3660.5524,4845.8746,5557.0678,6031.1967,3660.5524,3352.5973,2370.6443
archetype_class,Trickster:assassin,median,2,spell_display_avg_max,2,11967.5721,12472.8292,13230.715,14493.8578,15757.0006,16514.8864,17020.1435,14493.8578,3572.7075,2526.2857
archetype_class,Trickster:assassin,median,2,spell_display_avg_sum,2,25001.7245,25407.2163,26015.4539,27029.1834,28042.9128,28651.1504,29056.6422,27029.1834,2867.2598,2027.4588
archetype_class,Trickster:assassin,median,2,heal_pct,2,-7,-6.3,-5.25,-3.5,-1.75,-0.7,0,-3.5,4.9497,3.5
archetype_class,Trickster:assassin,median,2,skill_points_assigned,2,194,194.3,194.75,195.5,196.25,196.7,197,195.5,2.1213,1.5
class,assassin,upper_quartile_proxy,11,total_hp,11,7785,9335,11245,13485,13672.5,14565,23098,13162.0909,3991.0415,380
class,assassin,upper_quartile_proxy,11,ehp,11,10221.5961,13105,14170.1104,23061.3159,37077.7771,40119.363,61714.9729,27103.2327,15576.9073,9956.3159
class,assassin,upper_quartile_proxy,11,ehp_no_agi,11,9798.1704,13105,13879.2461,17135.1921,22317.4702,29020.8744,61714.9729,21574.9146,14379.6124,4030.1921
class,assassin,upper_quartile_proxy,11,hpr,11,-423.15,-285,0,0,213.6,262,638.6,61.0591,281.3786,181.5
class,assassin,upper_quartile_proxy,11,ehpr,11,-423.15,-310.4054,0,0,573.0716,797.2145,1740.8702,277.064,614.5998,310.4054
class,assassin,upper_quartile_proxy,11,ls,11,0,0,0,0,427.5,746,909,228.1818,345.6278,0
class,assassin,upper_quartile_proxy,11,effective_ls,11,0,0,0,0,706.6132,1555.1947,2269.9313,476.2138,784.6762,0
class,assassin,upper_quartile_proxy,11,mr,11,-25,0,4,23,29.5,37,40,15.9091,19.588,15
class,assassin,upper_quartile_proxy,11,total_mr,11,0,25,29,48,54.5,62,65,40.9091,19.588,15
class,assassin,upper_quartile_proxy,11,ms,11,-10,0,4,16,25,27,57,16.1818,17.9879,9
class,assassin,upper_quartile_proxy,11,mana_per_hit,11,-0.7752,0,0.6504,2.1333,14.0523,17.6471,37.2549,8.4383,11.6695,2.9085
class,assassin,upper_quartile_proxy,11,total_mana,11,145,148,151,154,190.5,221,221,171.1818,32.0743,6
class,assassin,upper_quartile_proxy,11,walk_speed,11,-41,-35,-27.5,-12,1,12,95,-4.8182,37.0697,16
class,assassin,upper_quartile_proxy,11,attack_tier,11,-70,-6,-1.5,0,0,0,0,-7.1818,20.9132,0
class,assassin,upper_quartile_proxy,11,attacks_per_second,11,0.51,0.51,0.51,1.5,2.275,2.5,4.3,1.5864,1.2355,0.99
class,assassin,upper_quartile_proxy,11,poison,11,-10200,-10200,0,0,50,8500,26542,1344.7273,9823.0548,50
class,assassin,upper_quartile_proxy,11,main_attack_range_pct,11,-20,-20,0,0,0,62,132,14,44.6229,0
class,assassin,upper_quartile_proxy,11,main_attack_range_blocks,7,0.8,0.92,1,1,1,1.248,1.62,1.06,0.2579,0
class,assassin,upper_quartile_proxy,11,main_attack_dps,11,1043.0259,1373.229,1899.7493,3455.044,8661.5556,15715.0358,28289.2668,7296.1692,8309.0365,2412.0181
class,assassin,upper_quartile_proxy,11,spell_display_avg_max,11,13083.3829,13708.6904,17879.0437,22483.144,40608.7194,52287.0208,67311.1888,29844.9495,18551.7699,6651.0085
class,assassin,upper_quartile_proxy,11,spell_display_avg_sum,11,27425.7936,30716.7742,34535.3013,46856.9775,82649.3997,117706.6823,129699.5716,61453.4453,37851.0151,14963.9824
class,assassin,upper_quartile_proxy,11,heal_pct,11,-17,-6,-5.5,0,0,0,0,-3.0909,5.3001,0
class,assassin,upper_quartile_proxy,11,skill_points_assigned,11,145,160,195,197,199,199,200,189.4545,18.6513,2
family_class,family_unclassified:assassin,upper_quartile_proxy,9,total_hp,9,7785,9025,9385,13485,13555,15651.6,23098,13012.5556,4431.5835,305
family_class,family_unclassified:assassin,upper_quartile_proxy,9,ehp,9,10221.5961,12840.3192,14845.2207,25162.8218,37203.6357,44438.485,61714.9729,29197.3161,16460.0846,11789.0967
family_class,family_unclassified:assassin,upper_quartile_proxy,9,ehp_no_agi,9,9798.1704,12755.6341,14263.4922,17135.1921,22380.2256,35559.6941,61714.9729,22440.4828,15767.0069,3640.1921
family_class,family_unclassified:assassin,upper_quartile_proxy,9,hpr,9,-423.15,-312.63,0,52,245.7,337.32,638.6,74.6278,312.7751,193.7
family_class,family_unclassified:assassin,upper_quartile_proxy,9,ehpr,9,-423.15,-332.9543,0,97.0313,656.4797,985.9456,1740.8702,338.6338,669.8585,407.4367
family_class,family_unclassified:assassin,upper_quartile_proxy,9,ls,9,0,0,0,0,525,778.6,909,242.2222,375.8952,0
family_class,family_unclassified:assassin,upper_quartile_proxy,9,effective_ls,9,0,0,0,0,909,1698.142,2269.9313,526.014,859.3081,0
family_class,family_unclassified:assassin,upper_quartile_proxy,9,mr,9,0,0,8,25,31,37.6,40,21.3333,15.1493,12
family_class,family_unclassified:assassin,upper_quartile_proxy,9,total_mr,9,25,25,33,50,56,62.6,65,46.3333,15.1493,12
family_class,family_unclassified:assassin,upper_quartile_proxy,9,ms,9,-10,-2,0,12,25,25.4,27,11.4444,13.0586,12
family_class,family_unclassified:assassin,upper_quartile_proxy,9,mana_per_hit,9,-0.7752,-0.155,0,1.6,5.5556,16.6013,17.6471,4.8668,7.1196,1.6
family_class,family_unclassified:assassin,upper_quartile_proxy,9,total_mana,9,148,150.4,151,158,220,221,221,176.1111,33.6394,7
family_class,family_unclassified:assassin,upper_quartile_proxy,9,walk_speed,9,-41,-36.2,-29,-12,-2,22.2,95,-5.5556,40.8507,16
family_class,family_unclassified:assassin,upper_quartile_proxy,9,attack_tier,9,-6,-2.8,-1,0,0,0,0,-1,2,0
family_class,family_unclassified:assassin,upper_quartile_proxy,9,attacks_per_second,9,0.51,0.51,0.51,2.05,2.5,2.86,4.3,1.8256,1.2466,0.55
family_class,family_unclassified:assassin,upper_quartile_proxy,9,poison,9,-10200,-10200,0,0,50,5348.4,26542,693.5556,10655.0082,50
family_class,family_unclassified:assassin,upper_quartile_proxy,9,main_attack_range_pct,9,-20,-20,0,0,0,26.4,132,10.2222,46.4806,0
family_class,family_unclassified:assassin,upper_quartile_proxy,9,main_attack_range_blocks,5,0.8,0.88,1,1,1,1,1,0.96,0.0894,0
family_class,family_unclassified:assassin,upper_quartile_proxy,9,main_attack_dps,9,1043.0259,1307.1884,1387.8585,2750.6063,6509.0433,8675.212,15715.0358,4617.8599,4683.0556,1377.3773
family_class,family_unclassified:assassin,upper_quartile_proxy,9,spell_display_avg_max,9,13083.3829,16301.2771,18652.3367,23158.652,52083.2862,55291.8544,67311.1888,32455.8456,19575.9918,6052.9014
family_class,family_unclassified:assassin,upper_quartile_proxy,9,spell_display_avg_sum,9,27425.7936,30999.5548,37177.6074,46856.9775,107429.9003,120105.2602,129699.5716,66296.9003,40320.4086,14963.9824
family_class,family_unclassified:assassin,upper_quartile_proxy,9,heal_pct,9,-17,-8.2,-6,0,0,0,0,-3.2222,5.7831,0
family_class,family_unclassified:assassin,upper_quartile_proxy,9,skill_points_assigned,9,145,184.2,196,198,199,199.2,200,191.8889,17.6808,1
archetype,Trickster,upper_quartile_proxy,2,total_hp,2,13485,14446.3,15888.25,18291.5,20694.75,22136.7,23098,18291.5,6797.4175,4806.5
archetype,Trickster,upper_quartile_proxy,2,ehp,2,25162.8218,28818.0369,34300.8596,43438.8974,52576.9351,58059.7578,61714.9729,43438.8974,25846.2739,18276.0756
archetype,Trickster,upper_quartile_proxy,2,ehp_no_agi,2,22380.2256,26313.7003,32213.9124,42047.5993,51881.2861,57781.4982,61714.9729,42047.5993,27813.8666,19667.3737
archetype,Trickster,upper_quartile_proxy,2,hpr,2,52,71.37,100.425,148.85,197.275,226.33,245.7,148.85,136.9666,96.85
archetype,Trickster,upper_quartile_proxy,2,ehpr,2,97.0313,152.9761,236.8934,376.7555,516.6176,600.5349,656.4797,376.7555,395.5898,279.7242
archetype,Trickster,upper_quartile_proxy,2,ls,2,0,0,0,0,0,0,0,0,0,0
archetype,Trickster,upper_quartile_proxy,2,effective_ls,2,0,0,0,0,0,0,0,0,0,0
archetype,Trickster,upper_quartile_proxy,2,mr,2,28,28.9,30.25,32.5,34.75,36.1,37,32.5,6.364,4.5
archetype,Trickster,upper_quartile_proxy,2,total_mr,2,53,53.9,55.25,57.5,59.75,61.1,62,57.5,6.364,4.5
archetype,Trickster,upper_quartile_proxy,2,ms,2,0,0,0,0,0,0,0,0,0,0
archetype,Trickster,upper_quartile_proxy,2,mana_per_hit,2,0,0,0,0,0,0,0,0,0,0
archetype,Trickster,upper_quartile_proxy,2,total_mana,2,151,152,153.5,156,158.5,160,161,156,7.0711,5
archetype,Trickster,upper_quartile_proxy,2,walk_speed,2,-41,-37.3,-31.75,-22.5,-13.25,-7.7,-4,-22.5,26.163,18.5
archetype,Trickster,upper_quartile_proxy,2,attack_tier,2,-2,-1.8,-1.5,-1,-0.5,-0.2,0,-1,1.4142,1
archetype,Trickster,upper_quartile_proxy,2,attacks_per_second,2,0.51,0.664,0.895,1.28,1.665,1.896,2.05,1.28,1.0889,0.77
archetype,Trickster,upper_quartile_proxy,2,poison,2,0,5,12.5,25,37.5,45,50,25,35.3553,25
archetype,Trickster,upper_quartile_proxy,2,main_attack_range_pct,2,-20,-18,-15,-10,-5,-2,0,-10,14.1421,10
archetype,Trickster,upper_quartile_proxy,2,main_attack_range_blocks,2,0.8,0.82,0.85,0.9,0.95,0.98,1,0.9,0.1414,0.1
archetype,Trickster,upper_quartile_proxy,2,main_attack_dps,2,1387.8585,1940.5983,2769.7079,4151.5573,5533.4067,6362.5163,6915.2561,4151.5573,3908.4603,2763.6988
archetype,Trickster,upper_quartile_proxy,2,spell_display_avg_max,2,13083.3829,13640.2783,14475.6214,15867.8598,17260.0983,18095.4413,18652.3367,15867.8598,3937.845,2784.4769
archetype,Trickster,upper_quartile_proxy,2,spell_display_avg_sum,2,27425.7936,27872.5138,28542.594,29659.3944,30776.1947,31446.275,31892.9951,29659.3944,3158.7885,2233.6007
archetype,Trickster,upper_quartile_proxy,2,heal_pct,2,-6,-5.4,-4.5,-3,-1.5,-0.6,0,-3,4.2426,3
archetype,Trickster,upper_quartile_proxy,2,skill_points_assigned,2,194,194.3,194.75,195.5,196.25,196.7,197,195.5,2.1213,1.5
archetype_class,Trickster:assassin,upper_quartile_proxy,2,total_hp,2,13485,14446.3,15888.25,18291.5,20694.75,22136.7,23098,18291.5,6797.4175,4806.5
archetype_class,Trickster:assassin,upper_quartile_proxy,2,ehp,2,25162.8218,28818.0369,34300.8596,43438.8974,52576.9351,58059.7578,61714.9729,43438.8974,25846.2739,18276.0756
archetype_class,Trickster:assassin,upper_quartile_proxy,2,ehp_no_agi,2,22380.2256,26313.7003,32213.9124,42047.5993,51881.2861,57781.4982,61714.9729,42047.5993,27813.8666,19667.3737
archetype_class,Trickster:assassin,upper_quartile_proxy,2,hpr,2,52,71.37,100.425,148.85,197.275,226.33,245.7,148.85,136.9666,96.85
archetype_class,Trickster:assassin,upper_quartile_proxy,2,ehpr,2,97.0313,152.9761,236.8934,376.7555,516.6176,600.5349,656.4797,376.7555,395.5898,279.7242
archetype_class,Trickster:assassin,upper_quartile_proxy,2,ls,2,0,0,0,0,0,0,0,0,0,0
archetype_class,Trickster:assassin,upper_quartile_proxy,2,effective_ls,2,0,0,0,0,0,0,0,0,0,0
archetype_class,Trickster:assassin,upper_quartile_proxy,2,mr,2,28,28.9,30.25,32.5,34.75,36.1,37,32.5,6.364,4.5
archetype_class,Trickster:assassin,upper_quartile_proxy,2,total_mr,2,53,53.9,55.25,57.5,59.75,61.1,62,57.5,6.364,4.5
archetype_class,Trickster:assassin,upper_quartile_proxy,2,ms,2,0,0,0,0,0,0,0,0,0,0
archetype_class,Trickster:assassin,upper_quartile_proxy,2,mana_per_hit,2,0,0,0,0,0,0,0,0,0,0
archetype_class,Trickster:assassin,upper_quartile_proxy,2,total_mana,2,151,152,153.5,156,158.5,160,161,156,7.0711,5
archetype_class,Trickster:assassin,upper_quartile_proxy,2,walk_speed,2,-41,-37.3,-31.75,-22.5,-13.25,-7.7,-4,-22.5,26.163,18.5
archetype_class,Trickster:assassin,upper_quartile_proxy,2,attack_tier,2,-2,-1.8,-1.5,-1,-0.5,-0.2,0,-1,1.4142,1
archetype_class,Trickster:assassin,upper_quartile_proxy,2,attacks_per_second,2,0.51,0.664,0.895,1.28,1.665,1.896,2.05,1.28,1.0889,0.77
archetype_class,Trickster:assassin,upper_quartile_proxy,2,poison,2,0,5,12.5,25,37.5,45,50,25,35.3553,25
archetype_class,Trickster:assassin,upper_quartile_proxy,2,main_attack_range_pct,2,-20,-18,-15,-10,-5,-2,0,-10,14.1421,10
archetype_class,Trickster:assassin,upper_quartile_proxy,2,main_attack_range_blocks,2,0.8,0.82,0.85,0.9,0.95,0.98,1,0.9,0.1414,0.1
archetype_class,Trickster:assassin,upper_quartile_proxy,2,main_attack_dps,2,1387.8585,1940.5983,2769.7079,4151.5573,5533.4067,6362.5163,6915.2561,4151.5573,3908.4603,2763.6988
archetype_class,Trickster:assassin,upper_quartile_proxy,2,spell_display_avg_max,2,13083.3829,13640.2783,14475.6214,15867.8598,17260.0983,18095.4413,18652.3367,15867.8598,3937.845,2784.4769
archetype_class,Trickster:assassin,upper_quartile_proxy,2,spell_display_avg_sum,2,27425.7936,27872.5138,28542.594,29659.3944,30776.1947,31446.275,31892.9951,29659.3944,3158.7885,2233.6007
archetype_class,Trickster:assassin,upper_quartile_proxy,2,heal_pct,2,-6,-5.4,-4.5,-3,-1.5,-0.6,0,-3,4.2426,3
archetype_class,Trickster:assassin,upper_quartile_proxy,2,skill_points_assigned,2,194,194.3,194.75,195.5,196.25,196.7,197,195.5,2.1213,1.5
class,assassin,solver_default,11,total_hp,11,7785,9335,11305,13485,13767.5,14565,23423,13219.8182,4063.3082,380
class,assassin,solver_default,11,ehp,11,10352.2931,13105,14170.1104,23061.3159,37336.754,40119.363,62583.3323,27241.1427,15789.6518,9956.3159
class,assassin,solver_default,11,ehp_no_agi,11,9923.4533,13105,13879.2461,17135.1921,22317.4702,29020.8744,62583.3323,21684.0702,14602.5963,4030.1921
class,assassin,solver_default,11,hpr,11,-386.08,-262.88,0,0,254.03,319,716.28,86.4891,298.0587,202.16
class,assassin,solver_default,11,ehpr,11,-386.08,-286.3136,0,0,681.3641,970.6543,1952.6315,338.1801,685.9116,286.3136
class,assassin,solver_default,11,ls,11,0,0,0,0,458.5,817,995,248.0909,377.8972,0
class,assassin,solver_default,11,effective_ls,11,0,0,0,0,758.7809,1703.3085,2485.9704,518.8037,859.2831,0
class,assassin,solver_default,11,mr,11,-15,0,5,33,37.5,45,46,21.6364,21.1815,13
class,assassin,solver_default,11,total_mr,11,10,25,30,58,62.5,70,71,46.6364,21.1815,13
class,assassin,solver_default,11,ms,11,-8,0,6.5,20,31,38,69,21.1818,21.4421,11
class,assassin,solver_default,11,mana_per_hit,11,-0.6202,0,1.0569,2.6667,17.3202,24.8366,45.098,10.7174,14.3842,3.2869
class,assassin,solver_default,11,total_mana,11,148,148,151,154,200.5,238,238,176.3636,39.4494,6
class,assassin,solver_default,11,walk_speed,11,-39,-32,-25.5,-11,4,12,103,-2.4545,38.6481,16
class,assassin,solver_default,11,attack_tier,11,-70,-6,-1.5,0,0,0,0,-7.1818,20.9132,0
class,assassin,solver_default,11,attacks_per_second,11,0.51,0.51,0.51,1.5,2.275,2.5,4.3,1.5864,1.2355,0.99
class,assassin,solver_default,11,poison,11,-9480,-9480,0,0,50,8500,29065,1705,10318.8917,50
class,assassin,solver_default,11,main_attack_range_pct,11,-20,-20,0,0,0,64,144,15.2727,48.0273,0
class,assassin,solver_default,11,main_attack_range_blocks,7,0.8,0.92,1,1,1,1.256,1.64,1.0629,0.2652,0
class,assassin,solver_default,11,main_attack_dps,11,1097.8157,1428.8487,1964.4749,3658.9836,8990.3887,16779.1726,29572.8876,7677.2947,8705.5655,2561.1679
class,assassin,solver_default,11,spell_display_avg_max,11,13573.6897,14111.4565,18493.0808,23508.5487,42005.5334,55724.3566,71685.5871,31298.1138,19702.1822,7156.6369
class,assassin,solver_default,11,spell_display_avg_sum,11,28472.8314,31602.0495,35722.8897,49062.0002,85494.0462,125669.072,138090.2869,64466.951,40227.2161,16026.4172
class,assassin,solver_default,11,heal_pct,11,-16,-6,-5.5,0,0,0,0,-3,5.0398,0
class,assassin,solver_default,11,skill_points_assigned,11,145,160,195,197,199,199,200,189.4545,18.6513,2
family_class,family_unclassified:assassin,solver_default,9,total_hp,9,7785,9025,9505,13485,13745,15716.6,23423,13083.1111,4515.4435,305
family_class,family_unclassified:assassin,solver_default,9,ehp,9,10352.2931,12866.4586,14845.2207,25162.8218,37469.8723,44612.1569,62583.3323,29365.8728,16687.5917,12040.8139
family_class,family_unclassified:assassin,solver_default,9,ehp_no_agi,9,9923.4533,12780.6907,14263.4922,17135.1921,22380.2256,35733.366,62583.3323,22573.8952,16012.9089,3640.1921
family_class,family_unclassified:assassin,solver_default,9,hpr,9,-386.08,-287.52,0,57,305.9,398.456,716.28,105.7089,329.7925,248.9
family_class,family_unclassified:assassin,solver_default,9,ehpr,9,-386.08,-306.2669,0,106.3612,817.3266,1167.0497,1952.6315,413.3313,743.7394,439.0403
family_class,family_unclassified:assassin,solver_default,9,ls,9,0,0,0,0,575,852.6,995,265.2222,411.5601,0
family_class,family_unclassified:assassin,solver_default,9,effective_ls,9,0,0,0,0,995,1859.8409,2485.9704,576.031,941.0784,0
family_class,family_unclassified:assassin,solver_default,9,mr,9,0,0,10,34,40,45.2,46,27,18.5405,11
family_class,family_unclassified:assassin,solver_default,9,total_mr,9,25,25,35,59,65,70.2,71,52,18.5405,11
family_class,family_unclassified:assassin,solver_default,9,ms,9,-8,-1.6,0,17,31,32.4,38,15.7778,15.9983,14
family_class,family_unclassified:assassin,solver_default,9,mana_per_hit,9,-0.6202,-0.124,0,2.2667,6.8889,21.1764,24.8366,6.4904,9.4393,2.2667
family_class,family_unclassified:assassin,solver_default,9,total_mana,9,148,150.4,151,158,236,238,238,182.1111,41.7056,7
family_class,family_unclassified:assassin,solver_default,9,walk_speed,9,-39,-33.4,-27,-11,1,26.2,103,-2.6667,42.6761,16
family_class,family_unclassified:assassin,solver_default,9,attack_tier,9,-6,-2.8,-1,0,0,0,0,-1,2,0
family_class,family_unclassified:assassin,solver_default,9,attacks_per_second,9,0.51,0.51,0.51,2.05,2.5,2.86,4.3,1.8256,1.2466,0.55
family_class,family_unclassified:assassin,solver_default,9,poison,9,-9480,-9480,0,0,50,5853,29065,1133.8889,11252.4924,50
family_class,family_unclassified:assassin,solver_default,9,main_attack_range_pct,9,-20,-20,0,0,0,28.8,144,11.5556,50.416,0
family_class,family_unclassified:assassin,solver_default,9,main_attack_range_blocks,5,0.8,0.88,1,1,1,1,1,0.96,0.0894,0
family_class,family_unclassified:assassin,solver_default,9,main_attack_dps,9,1097.8157,1362.6421,1474.0991,3082.6996,6920.1074,9134.785,16779.1726,4902.2517,4995.7333,1653.8509
family_class,family_unclassified:assassin,solver_default,9,spell_display_avg_max,9,13573.6897,16853.1943,19313.0911,24268.5697,53345.8812,58916.6027,71685.5871,34073.2496,20785.7791,6595.4992
family_class,family_unclassified:assassin,solver_default,9,spell_display_avg_sum,9,28472.8314,32123.0327,38410.1964,49062.0002,110028.8212,128153.315,138090.2869,69631.5834,42832.099,16026.4172
family_class,family_unclassified:assassin,solver_default,9,heal_pct,9,-16,-8,-6,0,0,0,0,-3.1111,5.4874,0
family_class,family_unclassified:assassin,solver_default,9,skill_points_assigned,9,145,184.2,196,198,199,199.2,200,191.8889,17.6808,1
archetype,Trickster,solver_default,2,total_hp,2,13485,14478.8,15969.5,18454,20938.5,22429.2,23423,18454,7027.2272,4969
archetype,Trickster,solver_default,2,ehp,2,25162.8218,28904.8729,34517.9494,43873.0771,53228.2047,58841.2813,62583.3323,43873.0771,26460.2967,18710.2553
archetype,Trickster,solver_default,2,ehp_no_agi,2,22380.2256,26400.5363,32431.0023,42481.779,52532.5556,58563.0216,62583.3323,42481.779,28427.8894,20101.5534
archetype,Trickster,solver_default,2,hpr,2,57,81.89,119.225,181.45,243.675,281.01,305.9,181.45,175.9989,124.45
archetype,Trickster,solver_default,2,ehpr,2,106.3612,177.4577,284.1026,461.8439,639.5853,746.2301,817.3266,461.8439,502.7285,355.4827
archetype,Trickster,solver_default,2,ls,2,0,0,0,0,0,0,0,0,0,0
archetype,Trickster,solver_default,2,effective_ls,2,0,0,0,0,0,0,0,0,0,0
archetype,Trickster,solver_default,2,mr,2,34,35.1,36.75,39.5,42.25,43.9,45,39.5,7.7782,5.5
archetype,Trickster,solver_default,2,total_mr,2,59,60.1,61.75,64.5,67.25,68.9,70,64.5,7.7782,5.5
archetype,Trickster,solver_default,2,ms,2,0,0,0,0,0,0,0,0,0,0
archetype,Trickster,solver_default,2,mana_per_hit,2,0,0,0,0,0,0,0,0,0,0
archetype,Trickster,solver_default,2,total_mana,2,151,152.4,154.5,158,161.5,163.6,165,158,9.8995,7
archetype,Trickster,solver_default,2,walk_speed,2,-39,-35,-29,-19,-9,-3,1,-19,28.2843,20
archetype,Trickster,solver_default,2,attack_tier,2,-2,-1.8,-1.5,-1,-0.5,-0.2,0,-1,1.4142,1
archetype,Trickster,solver_default,2,attacks_per_second,2,0.51,0.664,0.895,1.28,1.665,1.896,2.05,1.28,1.0889,0.77
archetype,Trickster,solver_default,2,poison,2,0,5,12.5,25,37.5,45,50,25,35.3553,25
archetype,Trickster,solver_default,2,main_attack_range_pct,2,-20,-18,-15,-10,-5,-2,0,-10,14.1421,10
archetype,Trickster,solver_default,2,main_attack_range_blocks,2,0.8,0.82,0.85,0.9,0.95,0.98,1,0.9,0.1414,0.1
archetype,Trickster,solver_default,2,main_attack_dps,2,1428.8487,2008.3326,2877.5586,4326.2684,5774.9783,6644.2042,7223.6881,4326.2684,4097.5702,2897.4197
archetype,Trickster,solver_default,2,spell_display_avg_max,2,13573.6897,14147.6298,15008.5401,16443.3904,17878.2408,18739.151,19313.0911,16443.3904,4058.3696,2869.7007
archetype,Trickster,solver_default,2,spell_display_avg_sum,2,28472.8314,28929.1066,29613.5193,30754.2072,31894.8951,32579.3078,33035.583,30754.2072,3226.3526,2281.3758
archetype,Trickster,solver_default,2,heal_pct,2,-6,-5.4,-4.5,-3,-1.5,-0.6,0,-3,4.2426,3
archetype,Trickster,solver_default,2,skill_points_assigned,2,194,194.3,194.75,195.5,196.25,196.7,197,195.5,2.1213,1.5
archetype_class,Trickster:assassin,solver_default,2,total_hp,2,13485,14478.8,15969.5,18454,20938.5,22429.2,23423,18454,7027.2272,4969
archetype_class,Trickster:assassin,solver_default,2,ehp,2,25162.8218,28904.8729,34517.9494,43873.0771,53228.2047,58841.2813,62583.3323,43873.0771,26460.2967,18710.2553
archetype_class,Trickster:assassin,solver_default,2,ehp_no_agi,2,22380.2256,26400.5363,32431.0023,42481.779,52532.5556,58563.0216,62583.3323,42481.779,28427.8894,20101.5534
archetype_class,Trickster:assassin,solver_default,2,hpr,2,57,81.89,119.225,181.45,243.675,281.01,305.9,181.45,175.9989,124.45
archetype_class,Trickster:assassin,solver_default,2,ehpr,2,106.3612,177.4577,284.1026,461.8439,639.5853,746.2301,817.3266,461.8439,502.7285,355.4827
archetype_class,Trickster:assassin,solver_default,2,ls,2,0,0,0,0,0,0,0,0,0,0
archetype_class,Trickster:assassin,solver_default,2,effective_ls,2,0,0,0,0,0,0,0,0,0,0
archetype_class,Trickster:assassin,solver_default,2,mr,2,34,35.1,36.75,39.5,42.25,43.9,45,39.5,7.7782,5.5
archetype_class,Trickster:assassin,solver_default,2,total_mr,2,59,60.1,61.75,64.5,67.25,68.9,70,64.5,7.7782,5.5
archetype_class,Trickster:assassin,solver_default,2,ms,2,0,0,0,0,0,0,0,0,0,0
archetype_class,Trickster:assassin,solver_default,2,mana_per_hit,2,0,0,0,0,0,0,0,0,0,0
archetype_class,Trickster:assassin,solver_default,2,total_mana,2,151,152.4,154.5,158,161.5,163.6,165,158,9.8995,7
archetype_class,Trickster:assassin,solver_default,2,walk_speed,2,-39,-35,-29,-19,-9,-3,1,-19,28.2843,20
archetype_class,Trickster:assassin,solver_default,2,attack_tier,2,-2,-1.8,-1.5,-1,-0.5,-0.2,0,-1,1.4142,1
archetype_class,Trickster:assassin,solver_default,2,attacks_per_second,2,0.51,0.664,0.895,1.28,1.665,1.896,2.05,1.28,1.0889,0.77
archetype_class,Trickster:assassin,solver_default,2,poison,2,0,5,12.5,25,37.5,45,50,25,35.3553,25
archetype_class,Trickster:assassin,solver_default,2,main_attack_range_pct,2,-20,-18,-15,-10,-5,-2,0,-10,14.1421,10
archetype_class,Trickster:assassin,solver_default,2,main_attack_range_blocks,2,0.8,0.82,0.85,0.9,0.95,0.98,1,0.9,0.1414,0.1
archetype_class,Trickster:assassin,solver_default,2,main_attack_dps,2,1428.8487,2008.3326,2877.5586,4326.2684,5774.9783,6644.2042,7223.6881,4326.2684,4097.5702,2897.4197
archetype_class,Trickster:assassin,solver_default,2,spell_display_avg_max,2,13573.6897,14147.6298,15008.5401,16443.3904,17878.2408,18739.151,19313.0911,16443.3904,4058.3696,2869.7007
archetype_class,Trickster:assassin,solver_default,2,spell_display_avg_sum,2,28472.8314,28929.1066,29613.5193,30754.2072,31894.8951,32579.3078,33035.583,30754.2072,3226.3526,2281.3758
archetype_class,Trickster:assassin,solver_default,2,heal_pct,2,-6,-5.4,-4.5,-3,-1.5,-0.6,0,-3,4.2426,3
archetype_class,Trickster:assassin,solver_default,2,skill_points_assigned,2,194,194.3,194.75,195.5,196.25,196.7,197,195.5,2.1213,1.5
class,assassin,maximum,11,total_hp,11,7785,9335,11395,13485,13910,14565,23910,13306.3636,4174.6024,545
class,assassin,maximum,11,ehp,11,10548.3386,13105,14170.1104,23061.3159,37725.2194,40119.363,63884.5355,27447.8863,16112.8608,9956.3159
class,assassin,maximum,11,ehp_no_agi,11,10111.3777,13105,13879.2461,17135.1921,22317.4702,29020.8744,63884.5355,21847.6821,14939.01,4030.1921
class,assassin,maximum,11,hpr,11,-328.5,-227.48,0,0,320,406.02,828.1,125.6491,325.4644,227.48
class,assassin,maximum,11,ehpr,11,-328.5,-247.758,0,0,862.1151,1226.2498,2257.461,431.9187,794.7942,247.758
class,assassin,maximum,11,ls,11,0,0,0,0,505,923,1125,278,426.5595,0
class,assassin,maximum,11,effective_ls,11,0,0,0,0,837.5325,1925.4792,2808.5075,582.6411,971.0409,0
class,assassin,maximum,11,mr,11,-15,0,5,33,37.5,45,46,21.6364,21.1815,13
class,assassin,maximum,11,total_mr,11,10,25,30,58,62.5,70,71,46.6364,21.1815,13
class,assassin,maximum,11,ms,11,-8,0,6.5,20,31,38,69,21.1818,21.4421,11
class,assassin,maximum,11,mana_per_hit,11,-0.6202,0,1.0569,2.6667,17.3202,24.8366,45.098,10.7174,14.3842,3.2869
class,assassin,maximum,11,total_mana,11,148,148,151,154,200.5,238,238,176.3636,39.4494,6
class,assassin,maximum,11,walk_speed,11,-37,-25,-22,-9,10,13,116,1.6364,41.3141,16
class,assassin,maximum,11,attack_tier,11,-70,-6,-1.5,0,0,0,0,-7.1818,20.9132,0
class,assassin,maximum,11,attacks_per_second,11,0.51,0.51,0.51,1.5,2.275,2.5,4.3,1.5864,1.2355,0.99
class,assassin,maximum,11,poison,11,-8400,-8400,0,0,50,8500,32850,2245.4545,11122.2177,50
class,assassin,maximum,11,main_attack_range_pct,11,-20,-20,0,0,0,66,163,17.1818,53.3644,0
class,assassin,maximum,11,main_attack_range_blocks,7,0.8,0.92,1,1,1,1.264,1.66,1.0657,0.2724,0
class,assassin,maximum,11,main_attack_dps,11,1177.6017,1492.1084,2082.3041,3969.0519,9530.0372,18235.7166,31535.0126,8250.9667,9296.5679,2791.4502
class,assassin,maximum,11,spell_display_avg_max,11,14322.6695,14780.3674,19484.4614,24969.7255,44102.1198,60705.6438,77776.5792,33419.506,21338.3732,7919.2299
class,assassin,maximum,11,spell_display_avg_sum,11,30077.5813,33072.9244,37644.8019,52483.1059,89762.1355,137189.5525,149841.4403,68868.5342,43636.7031,17611.8469
class,assassin,maximum,11,heal_pct,11,-14,-5,-4.5,0,0,0,0,-2.5455,4.3672,0
class,assassin,maximum,11,skill_points_assigned,11,145,160,195,197,199,199,200,189.4545,18.6513,2
family_class,family_unclassified:assassin,maximum,9,total_hp,9,7785,9025,9685,13485,13790,16006,23910,13188.8889,4643.8688,545
family_class,family_unclassified:assassin,maximum,9,ehp,9,10548.3386,12905.6677,14845.2207,25162.8218,38246.8031,44872.3975,63884.5355,29618.5594,17033.6029,12040.8139
family_class,family_unclassified:assassin,maximum,9,ehp_no_agi,9,10111.3777,12818.2755,14263.4922,17135.1921,22380.2256,35993.6066,63884.5355,22773.8654,16383.756,3640.1921
family_class,family_unclassified:assassin,maximum,9,hpr,9,-328.5,-247.684,0,64,403,490.436,828.1,153.5711,357.1902,291.48
family_class,family_unclassified:assassin,maximum,9,ehpr,9,-328.5,-263.9064,0,119.4231,1084.8348,1432.492,2257.461,527.9007,855.9321,447.9231
family_class,family_unclassified:assassin,maximum,9,ls,9,0,0,0,0,650,963.4,1125,299.7778,465.1953,0
family_class,family_unclassified:assassin,maximum,9,effective_ls,9,0,0,0,0,1125,2102.0849,2808.5075,650.9985,1063.4036,0
family_class,family_unclassified:assassin,maximum,9,mr,9,0,0,10,34,40,45.2,46,27,18.5405,11
family_class,family_unclassified:assassin,maximum,9,total_mr,9,25,25,35,59,65,70.2,71,52,18.5405,11
family_class,family_unclassified:assassin,maximum,9,ms,9,-8,-1.6,0,17,31,32.4,38,15.7778,15.9983,14
family_class,family_unclassified:assassin,maximum,9,mana_per_hit,9,-0.6202,-0.124,0,2.2667,6.8889,21.1764,24.8366,6.4904,9.4393,2.2667
family_class,family_unclassified:assassin,maximum,9,total_mana,9,148,150.4,151,158,236,238,238,182.1111,41.7056,7
family_class,family_unclassified:assassin,maximum,9,walk_speed,9,-37,-27.4,-23,-9,9,32,116,2.2222,45.6338,16
family_class,family_unclassified:assassin,maximum,9,attack_tier,9,-6,-2.8,-1,0,0,0,0,-1,2,0
family_class,family_unclassified:assassin,maximum,9,attacks_per_second,9,0.51,0.51,0.51,2.05,2.5,2.86,4.3,1.8256,1.2466,0.55
family_class,family_unclassified:assassin,maximum,9,poison,9,-8400,-8400,0,0,50,6610,32850,1794.4444,12202.8031,50
family_class,family_unclassified:assassin,maximum,9,main_attack_range_pct,9,-20,-20,0,0,0,32.6,163,13.6667,56.6657,0
family_class,family_unclassified:assassin,maximum,9,main_attack_range_blocks,5,0.8,0.88,1,1,1,1,1,0.96,0.0894,0
family_class,family_unclassified:assassin,maximum,9,main_attack_dps,9,1177.6017,1429.2071,1639.7364,3576.133,7550.327,9856.1971,18235.7166,5325.2071,5428.9192,2084.0246
family_class,family_unclassified:assassin,maximum,9,spell_display_avg_max,9,14322.6695,17742.3707,20371.6268,25995.1535,55315.2842,64119.8309,77776.5792,36429.3859,22508.0847,7397.8575
family_class,family_unclassified:assassin,maximum,9,spell_display_avg_sum,9,30077.5813,33912.5235,40418.3449,52483.1059,114082.7134,139719.9301,149841.4403,74492.2758,46443.6213,17611.8469
family_class,family_unclassified:assassin,maximum,9,heal_pct,9,-14,-6.8,-5,0,0,0,0,-2.6667,4.7697,0
family_class,family_unclassified:assassin,maximum,9,skill_points_assigned,9,145,184.2,196,198,199,199.2,200,191.8889,17.6808,1
archetype,Trickster,maximum,2,total_hp,2,13485,14527.5,16091.25,18697.5,21303.75,22867.5,23910,18697.5,7371.5882,5212.5
archetype,Trickster,maximum,2,ehp,2,25162.8218,29034.9932,34843.2502,44523.6787,54204.1071,60012.3641,63884.5355,44523.6787,27380.3863,19360.8568
archetype,Trickster,maximum,2,ehp_no_agi,2,22380.2256,26530.6566,32756.3031,43132.3806,53508.458,59734.1045,63884.5355,43132.3806,29347.979,20752.1549
archetype,Trickster,maximum,2,hpr,2,64,98.202,149.505,235.01,320.515,371.818,406.02,235.01,241.8447,171.01
archetype,Trickster,maximum,2,ehpr,2,119.4231,215.9643,360.776,602.129,843.4819,988.2936,1084.8348,602.129,682.6492,482.7059
archetype,Trickster,maximum,2,ls,2,0,0,0,0,0,0,0,0,0,0
archetype,Trickster,maximum,2,effective_ls,2,0,0,0,0,0,0,0,0,0,0
archetype,Trickster,maximum,2,mr,2,34,35.1,36.75,39.5,42.25,43.9,45,39.5,7.7782,5.5
archetype,Trickster,maximum,2,total_mr,2,59,60.1,61.75,64.5,67.25,68.9,70,64.5,7.7782,5.5
archetype,Trickster,maximum,2,ms,2,0,0,0,0,0,0,0,0,0,0
archetype,Trickster,maximum,2,mana_per_hit,2,0,0,0,0,0,0,0,0,0,0
archetype,Trickster,maximum,2,total_mana,2,151,152.4,154.5,158,161.5,163.6,165,158,9.8995,7
archetype,Trickster,maximum,2,walk_speed,2,-37,-32.4,-25.5,-14,-2.5,4.4,9,-14,32.5269,23
archetype,Trickster,maximum,2,attack_tier,2,-2,-1.8,-1.5,-1,-0.5,-0.2,0,-1,1.4142,1
archetype,Trickster,maximum,2,attacks_per_second,2,0.51,0.664,0.895,1.28,1.665,1.896,2.05,1.28,1.0889,0.77
archetype,Trickster,maximum,2,poison,2,0,5,12.5,25,37.5,45,50,25,35.3553,25
archetype,Trickster,maximum,2,main_attack_range_pct,2,-20,-18,-15,-10,-5,-2,0,-10,14.1421,10
archetype,Trickster,maximum,2,main_attack_range_blocks,2,0.8,0.82,0.85,0.9,0.95,0.98,1,0.9,0.1414,0.1
archetype,Trickster,maximum,2,main_attack_dps,2,1492.1084,2119.0293,3059.4106,4626.7128,6194.015,7134.3963,7761.3172,4626.7128,4433.0001,3134.6044
archetype,Trickster,maximum,2,spell_display_avg_max,2,14322.6695,14927.5652,15834.9088,17347.1482,18859.3875,19766.7311,20371.6268,17347.1482,4277.2587,3024.4786
archetype,Trickster,maximum,2,spell_display_avg_sum,2,30077.5813,30556.9491,31276.0007,32474.4202,33672.8396,34391.8912,34871.259,32474.4202,3389.642,2396.8388
archetype,Trickster,maximum,2,heal_pct,2,-5,-4.5,-3.75,-2.5,-1.25,-0.5,0,-2.5,3.5355,2.5
archetype,Trickster,maximum,2,skill_points_assigned,2,194,194.3,194.75,195.5,196.25,196.7,197,195.5,2.1213,1.5
archetype_class,Trickster:assassin,maximum,2,total_hp,2,13485,14527.5,16091.25,18697.5,21303.75,22867.5,23910,18697.5,7371.5882,5212.5
archetype_class,Trickster:assassin,maximum,2,ehp,2,25162.8218,29034.9932,34843.2502,44523.6787,54204.1071,60012.3641,63884.5355,44523.6787,27380.3863,19360.8568
archetype_class,Trickster:assassin,maximum,2,ehp_no_agi,2,22380.2256,26530.6566,32756.3031,43132.3806,53508.458,59734.1045,63884.5355,43132.3806,29347.979,20752.1549
archetype_class,Trickster:assassin,maximum,2,hpr,2,64,98.202,149.505,235.01,320.515,371.818,406.02,235.01,241.8447,171.01
archetype_class,Trickster:assassin,maximum,2,ehpr,2,119.4231,215.9643,360.776,602.129,843.4819,988.2936,1084.8348,602.129,682.6492,482.7059
archetype_class,Trickster:assassin,maximum,2,ls,2,0,0,0,0,0,0,0,0,0,0
archetype_class,Trickster:assassin,maximum,2,effective_ls,2,0,0,0,0,0,0,0,0,0,0
archetype_class,Trickster:assassin,maximum,2,mr,2,34,35.1,36.75,39.5,42.25,43.9,45,39.5,7.7782,5.5
archetype_class,Trickster:assassin,maximum,2,total_mr,2,59,60.1,61.75,64.5,67.25,68.9,70,64.5,7.7782,5.5
archetype_class,Trickster:assassin,maximum,2,ms,2,0,0,0,0,0,0,0,0,0,0
archetype_class,Trickster:assassin,maximum,2,mana_per_hit,2,0,0,0,0,0,0,0,0,0,0
archetype_class,Trickster:assassin,maximum,2,total_mana,2,151,152.4,154.5,158,161.5,163.6,165,158,9.8995,7
archetype_class,Trickster:assassin,maximum,2,walk_speed,2,-37,-32.4,-25.5,-14,-2.5,4.4,9,-14,32.5269,23
archetype_class,Trickster:assassin,maximum,2,attack_tier,2,-2,-1.8,-1.5,-1,-0.5,-0.2,0,-1,1.4142,1
archetype_class,Trickster:assassin,maximum,2,attacks_per_second,2,0.51,0.664,0.895,1.28,1.665,1.896,2.05,1.28,1.0889,0.77
archetype_class,Trickster:assassin,maximum,2,poison,2,0,5,12.5,25,37.5,45,50,25,35.3553,25
archetype_class,Trickster:assassin,maximum,2,main_attack_range_pct,2,-20,-18,-15,-10,-5,-2,0,-10,14.1421,10
archetype_class,Trickster:assassin,maximum,2,main_attack_range_blocks,2,0.8,0.82,0.85,0.9,0.95,0.98,1,0.9,0.1414,0.1
archetype_class,Trickster:assassin,maximum,2,main_attack_dps,2,1492.1084,2119.0293,3059.4106,4626.7128,6194.015,7134.3963,7761.3172,4626.7128,4433.0001,3134.6044
archetype_class,Trickster:assassin,maximum,2,spell_display_avg_max,2,14322.6695,14927.5652,15834.9088,17347.1482,18859.3875,19766.7311,20371.6268,17347.1482,4277.2587,3024.4786
archetype_class,Trickster:assassin,maximum,2,spell_display_avg_sum,2,30077.5813,30556.9491,31276.0007,32474.4202,33672.8396,34391.8912,34871.259,32474.4202,3389.642,2396.8388
archetype_class,Trickster:assassin,maximum,2,heal_pct,2,-5,-4.5,-3.75,-2.5,-1.25,-0.5,0,-2.5,3.5355,2.5
archetype_class,Trickster:assassin,maximum,2,skill_points_assigned,2,194,194.3,194.75,195.5,196.25,196.7,197,195.5,2.1213,1.5
archetype,Acrobat,median,4,total_hp,4,9085,10283.5,12081.25,13132.5,13336.25,13608.5,13790,12285,2156.1578,355
archetype,Acrobat,median,4,ehp,4,9894.8535,17623.5076,29216.4887,36430.3347,37932.5675,39244.6448,40119.363,30718.7215,14005.3154,2231.1646
archetype,Acrobat,median,4,ehp_no_agi,4,9484.963,10915.9957,13062.5448,16819.3726,21792.9734,26129.714,29020.8744,18036.1457,8364.5948,4949.3551
archetype,Acrobat,median,4,hpr,4,-349.7,-208.19,4.075,126.1,214.27,365.596,466.48,92.245,335.5062,172.24
archetype,Acrobat,median,4,ehpr,4,-380.8729,-161.2322,168.2289,361.2424,596.3311,1001.5276,1271.6585,403.3176,676.4393,376.0474
archetype,Acrobat,median,4,ls,4,0,0,0,0,142,397.6,568,142,284,0
archetype,Acrobat,median,4,effective_ls,4,0,0,0,0,432.0781,1209.8186,1728.3123,432.0781,864.1562,0
archetype,Acrobat,median,4,mr,4,10,12.1,15.25,18,22.25,28.1,32,19.5,9.1833,4.5
archetype,Acrobat,median,4,total_mr,4,35,37.1,40.25,43,47.25,53.1,57,44.5,9.1833,4.5
archetype,Acrobat,median,4,ms,4,-12,-7.5,-0.75,5,8.25,10.5,12,2.5,10.3441,4.5
archetype,Acrobat,median,4,mana_per_hit,4,-0.9302,-0.5048,0.1333,0.7106,1.1,1.4,1.6,0.5227,1.071,0.5561
archetype,Acrobat,median,4,total_mana,4,151,151.9,153.25,156,169.25,189.5,203,166.5,24.5017,3.5
archetype,Acrobat,median,4,walk_speed,4,-46,-41.8,-35.5,-23.5,7.25,47.3,74,-4.75,54.0085,15.5
archetype,Acrobat,median,4,attack_tier,4,0,0,0,0,0,0,0,0,0,0
archetype,Acrobat,median,4,attacks_per_second,4,2.05,2.185,2.3875,2.5,2.95,3.76,4.3,2.8375,0.9978,0.225
archetype,Acrobat,median,4,poison,4,-12000,-8400,-3000,0,0,0,0,-3000,6000,0
archetype,Acrobat,median,4,main_attack_range_pct,4,-20,-14,-5,0,25.25,70.7,101,20.25,54.6527,10
archetype,Acrobat,median,4,main_attack_range_blocks,,,,,,,,,,,
archetype,Acrobat,median,4,main_attack_dps,4,908.45,967.0107,1054.8517,1528.8963,2037.6046,2187.8403,2287.9974,1563.56,662.834,522.8452
archetype,Acrobat,median,4,spell_display_avg_max,4,25505.2595,31014.201,39277.6133,46359.8431,50896.0972,54576.7533,57030.524,43813.8674,13357.4413,6581.063
archetype,Acrobat,median,4,spell_display_avg_sum,4,50542.0484,64846.5775,86303.3713,99500.4497,103043.8851,107124.1213,109844.2788,89846.8067,26673.3835,5810.2333
archetype,Acrobat,median,4,heal_pct,4,0,0,0,0,0,0,0,0,0,0
archetype,Acrobat,median,4,skill_points_assigned,4,145,160.3,183.25,197.5,199,199,199,184.75,26.5377,1.5
archetype_class,Acrobat:assassin,median,4,total_hp,4,9085,10283.5,12081.25,13132.5,13336.25,13608.5,13790,12285,2156.1578,355
archetype_class,Acrobat:assassin,median,4,ehp,4,9894.8535,17623.5076,29216.4887,36430.3347,37932.5675,39244.6448,40119.363,30718.7215,14005.3154,2231.1646
archetype_class,Acrobat:assassin,median,4,ehp_no_agi,4,9484.963,10915.9957,13062.5448,16819.3726,21792.9734,26129.714,29020.8744,18036.1457,8364.5948,4949.3551
archetype_class,Acrobat:assassin,median,4,hpr,4,-349.7,-208.19,4.075,126.1,214.27,365.596,466.48,92.245,335.5062,172.24
archetype_class,Acrobat:assassin,median,4,ehpr,4,-380.8729,-161.2322,168.2289,361.2424,596.3311,1001.5276,1271.6585,403.3176,676.4393,376.0474
archetype_class,Acrobat:assassin,median,4,ls,4,0,0,0,0,142,397.6,568,142,284,0
archetype_class,Acrobat:assassin,median,4,effective_ls,4,0,0,0,0,432.0781,1209.8186,1728.3123,432.0781,864.1562,0
archetype_class,Acrobat:assassin,median,4,mr,4,10,12.1,15.25,18,22.25,28.1,32,19.5,9.1833,4.5
archetype_class,Acrobat:assassin,median,4,total_mr,4,35,37.1,40.25,43,47.25,53.1,57,44.5,9.1833,4.5
archetype_class,Acrobat:assassin,median,4,ms,4,-12,-7.5,-0.75,5,8.25,10.5,12,2.5,10.3441,4.5
archetype_class,Acrobat:assassin,median,4,mana_per_hit,4,-0.9302,-0.5048,0.1333,0.7106,1.1,1.4,1.6,0.5227,1.071,0.5561
archetype_class,Acrobat:assassin,median,4,total_mana,4,151,151.9,153.25,156,169.25,189.5,203,166.5,24.5017,3.5
archetype_class,Acrobat:assassin,median,4,walk_speed,4,-46,-41.8,-35.5,-23.5,7.25,47.3,74,-4.75,54.0085,15.5
archetype_class,Acrobat:assassin,median,4,attack_tier,4,0,0,0,0,0,0,0,0,0,0
archetype_class,Acrobat:assassin,median,4,attacks_per_second,4,2.05,2.185,2.3875,2.5,2.95,3.76,4.3,2.8375,0.9978,0.225
archetype_class,Acrobat:assassin,median,4,poison,4,-12000,-8400,-3000,0,0,0,0,-3000,6000,0
archetype_class,Acrobat:assassin,median,4,main_attack_range_pct,4,-20,-14,-5,0,25.25,70.7,101,20.25,54.6527,10
archetype_class,Acrobat:assassin,median,4,main_attack_range_blocks,,,,,,,,,,,
archetype_class,Acrobat:assassin,median,4,main_attack_dps,4,908.45,967.0107,1054.8517,1528.8963,2037.6046,2187.8403,2287.9974,1563.56,662.834,522.8452
archetype_class,Acrobat:assassin,median,4,spell_display_avg_max,4,25505.2595,31014.201,39277.6133,46359.8431,50896.0972,54576.7533,57030.524,43813.8674,13357.4413,6581.063
archetype_class,Acrobat:assassin,median,4,spell_display_avg_sum,4,50542.0484,64846.5775,86303.3713,99500.4497,103043.8851,107124.1213,109844.2788,89846.8067,26673.3835,5810.2333
archetype_class,Acrobat:assassin,median,4,heal_pct,4,0,0,0,0,0,0,0,0,0,0
archetype_class,Acrobat:assassin,median,4,skill_points_assigned,4,145,160.3,183.25,197.5,199,199,199,184.75,26.5377,1.5
archetype,Acrobat,upper_quartile_proxy,4,total_hp,4,9385,10525,12235,13370,13613.75,13719.5,13790,12478.75,2077.4799,302.5
archetype,Acrobat,upper_quartile_proxy,4,ehp,4,10221.5961,18240.6928,30269.3379,37077.7771,37932.5675,39244.6448,40119.363,31124.1283,14008.9691,1583.7222
archetype,Acrobat,upper_quartile_proxy,4,ehp_no_agi,4,9798.1704,11290.5428,13529.1013,17078.209,21792.9734,26129.714,29020.8744,18243.8657,8181.718,4792.7513
archetype,Acrobat,upper_quartile_proxy,4,hpr,4,-285,-145.05,64.875,221.75,356.15,525.62,638.6,199.275,379.3763,228.55
archetype,Acrobat,upper_quartile_proxy,4,ehpr,4,-310.4054,-70.3847,289.6463,643.439,1033.1284,1457.7735,1740.8702,679.3357,847.8038,553.81
archetype,Acrobat,upper_quartile_proxy,4,ls,4,0,0,0,0,186.5,522.2,746,186.5,373,0
archetype,Acrobat,upper_quartile_proxy,4,effective_ls,4,0,0,0,0,567.4828,1588.9519,2269.9313,567.4828,1134.9657,0
archetype,Acrobat,upper_quartile_proxy,4,mr,4,23,23.6,24.5,28,33.25,37.3,40,29.75,7.6322,4
archetype,Acrobat,upper_quartile_proxy,4,total_mr,4,48,48.6,49.5,53,58.25,62.3,65,54.75,7.6322,4
archetype,Acrobat,upper_quartile_proxy,4,ms,4,-10,-4.6,3.5,10,13,14.8,16,6.5,11.4746,4
archetype,Acrobat,upper_quartile_proxy,4,mana_per_hit,4,-0.7752,-0.1524,0.7818,1.4504,1.7333,1.9733,2.1333,1.0647,1.274,0.4163
archetype,Acrobat,upper_quartile_proxy,4,total_mana,4,151,151.9,153.25,156,173.5,201.4,220,170.75,32.9583,3.5
archetype,Acrobat,upper_quartile_proxy,4,walk_speed,4,-35,-32.3,-28.25,-19,14.75,62.9,95,5.5,60.4125,11.5
archetype,Acrobat,upper_quartile_proxy,4,attack_tier,4,0,0,0,0,0,0,0,0,0,0
archetype,Acrobat,upper_quartile_proxy,4,attacks_per_second,4,2.05,2.185,2.3875,2.5,2.95,3.76,4.3,2.8375,0.9978,0.225
archetype,Acrobat,upper_quartile_proxy,4,poison,4,-10200,-7140,-2550,0,0,0,0,-2550,5100,0
archetype,Acrobat,upper_quartile_proxy,4,main_attack_range_pct,4,-20,-14,-5,0,33,92.4,132,28,69.9714,10
archetype,Acrobat,upper_quartile_proxy,4,main_attack_range_blocks,,,,,,,,,,,
archetype,Acrobat,upper_quartile_proxy,4,main_attack_dps,4,1043.0259,1142.0868,1290.6782,1892.4346,2496.3817,2648.9164,2750.6063,1894.6253,815.901,684.3071
archetype,Acrobat,upper_quartile_proxy,4,spell_display_avg_max,4,29134.1525,36018.8926,46346.0028,52185.1535,56043.0628,62803.9384,67311.1888,50203.9121,15752.937,7613.9513
archetype,Acrobat,upper_quartile_proxy,4,spell_display_avg_sum,4,57868.8991,72737.1995,95039.65,112568.2913,120704.9046,126101.7048,129699.5716,103176.2633,31546.1019,11134.8357
archetype,Acrobat,upper_quartile_proxy,4,heal_pct,4,0,0,0,0,0,0,0,0,0,0
archetype,Acrobat,upper_quartile_proxy,4,skill_points_assigned,4,145,160.3,183.25,197.5,199,199,199,184.75,26.5377,1.5
archetype_class,Acrobat:assassin,upper_quartile_proxy,4,total_hp,4,9385,10525,12235,13370,13613.75,13719.5,13790,12478.75,2077.4799,302.5
archetype_class,Acrobat:assassin,upper_quartile_proxy,4,ehp,4,10221.5961,18240.6928,30269.3379,37077.7771,37932.5675,39244.6448,40119.363,31124.1283,14008.9691,1583.7222
archetype_class,Acrobat:assassin,upper_quartile_proxy,4,ehp_no_agi,4,9798.1704,11290.5428,13529.1013,17078.209,21792.9734,26129.714,29020.8744,18243.8657,8181.718,4792.7513
archetype_class,Acrobat:assassin,upper_quartile_proxy,4,hpr,4,-285,-145.05,64.875,221.75,356.15,525.62,638.6,199.275,379.3763,228.55
archetype_class,Acrobat:assassin,upper_quartile_proxy,4,ehpr,4,-310.4054,-70.3847,289.6463,643.439,1033.1284,1457.7735,1740.8702,679.3357,847.8038,553.81
archetype_class,Acrobat:assassin,upper_quartile_proxy,4,ls,4,0,0,0,0,186.5,522.2,746,186.5,373,0
archetype_class,Acrobat:assassin,upper_quartile_proxy,4,effective_ls,4,0,0,0,0,567.4828,1588.9519,2269.9313,567.4828,1134.9657,0
archetype_class,Acrobat:assassin,upper_quartile_proxy,4,mr,4,23,23.6,24.5,28,33.25,37.3,40,29.75,7.6322,4
archetype_class,Acrobat:assassin,upper_quartile_proxy,4,total_mr,4,48,48.6,49.5,53,58.25,62.3,65,54.75,7.6322,4
archetype_class,Acrobat:assassin,upper_quartile_proxy,4,ms,4,-10,-4.6,3.5,10,13,14.8,16,6.5,11.4746,4
archetype_class,Acrobat:assassin,upper_quartile_proxy,4,mana_per_hit,4,-0.7752,-0.1524,0.7818,1.4504,1.7333,1.9733,2.1333,1.0647,1.274,0.4163
archetype_class,Acrobat:assassin,upper_quartile_proxy,4,total_mana,4,151,151.9,153.25,156,173.5,201.4,220,170.75,32.9583,3.5
archetype_class,Acrobat:assassin,upper_quartile_proxy,4,walk_speed,4,-35,-32.3,-28.25,-19,14.75,62.9,95,5.5,60.4125,11.5
archetype_class,Acrobat:assassin,upper_quartile_proxy,4,attack_tier,4,0,0,0,0,0,0,0,0,0,0
archetype_class,Acrobat:assassin,upper_quartile_proxy,4,attacks_per_second,4,2.05,2.185,2.3875,2.5,2.95,3.76,4.3,2.8375,0.9978,0.225
archetype_class,Acrobat:assassin,upper_quartile_proxy,4,poison,4,-10200,-7140,-2550,0,0,0,0,-2550,5100,0
archetype_class,Acrobat:assassin,upper_quartile_proxy,4,main_attack_range_pct,4,-20,-14,-5,0,33,92.4,132,28,69.9714,10
archetype_class,Acrobat:assassin,upper_quartile_proxy,4,main_attack_range_blocks,,,,,,,,,,,
archetype_class,Acrobat:assassin,upper_quartile_proxy,4,main_attack_dps,4,1043.0259,1142.0868,1290.6782,1892.4346,2496.3817,2648.9164,2750.6063,1894.6253,815.901,684.3071
archetype_class,Acrobat:assassin,upper_quartile_proxy,4,spell_display_avg_max,4,29134.1525,36018.8926,46346.0028,52185.1535,56043.0628,62803.9384,67311.1888,50203.9121,15752.937,7613.9513
archetype_class,Acrobat:assassin,upper_quartile_proxy,4,spell_display_avg_sum,4,57868.8991,72737.1995,95039.65,112568.2913,120704.9046,126101.7048,129699.5716,103176.2633,31546.1019,11134.8357
archetype_class,Acrobat:assassin,upper_quartile_proxy,4,heal_pct,4,0,0,0,0,0,0,0,0,0,0
archetype_class,Acrobat:assassin,upper_quartile_proxy,4,skill_points_assigned,4,145,160.3,183.25,197.5,199,199,199,184.75,26.5377,1.5
archetype,Acrobat,solver_default,4,total_hp,4,9505,10609,12265,13465,13756.25,13776.5,13790,12556.25,2052.6989,302.5
archetype,Acrobat,solver_default,4,ehp,4,10352.2931,18407.6959,30490.8001,37336.754,38132.245,39324.5158,40119.363,31286.291,14017.9299,1457.8636
archetype,Acrobat,solver_default,4,ehp_no_agi,4,9923.4533,11440.3615,13715.7238,17181.7436,21792.9734,26129.714,29020.8744,18326.9537,8109.6395,4730.1099
archetype,Acrobat,solver_default,4,hpr,4,-262.88,-123.368,85.9,260.58,418.32,597.096,716.28,243.64,403.0512,257.06
archetype,Acrobat,solver_default,4,ehpr,4,-286.3136,-36.7991,337.4727,758.0279,1216.1486,1658.0383,1952.6315,795.5934,931.3972,628.484
archetype,Acrobat,solver_default,4,ls,4,0,0,0,0,204.25,571.9,817,204.25,408.5,0
archetype,Acrobat,solver_default,4,effective_ls,4,0,0,0,0,621.4926,1740.1793,2485.9704,621.4926,1242.9852,0
archetype,Acrobat,solver_default,4,mr,4,33,33.6,34.5,37.5,41.5,44.2,46,38.5,5.8023,3.5
archetype,Acrobat,solver_default,4,total_mr,4,58,58.6,59.5,62.5,66.5,69.2,71,63.5,5.8023,3.5
archetype,Acrobat,solver_default,4,ms,4,-8,-1.7,7.75,15,17.75,19.1,20,10.5,12.6623,3.5
archetype,Acrobat,solver_default,4,mana_per_hit,4,-0.6202,0.2,1.4303,2.1902,2.3667,2.5467,2.6667,1.6067,1.5028,0.2765
archetype,Acrobat,solver_default,4,total_mana,4,151,151.9,153.25,156,177.5,212.6,236,174.75,40.9339,3.5
archetype,Acrobat,solver_default,4,walk_speed,4,-32,-29.6,-26,-17.5,17.5,68.8,103,9,63.2614,10.5
archetype,Acrobat,solver_default,4,attack_tier,4,0,0,0,0,0,0,0,0,0,0
archetype,Acrobat,solver_default,4,attacks_per_second,4,2.05,2.185,2.3875,2.5,2.95,3.76,4.3,2.8375,0.9978,0.225
archetype,Acrobat,solver_default,4,poison,4,-9480,-6636,-2370,0,0,0,0,-2370,4740,0
archetype,Acrobat,solver_default,4,main_attack_range_pct,4,-20,-14,-5,0,36,100.8,144,31,75.921,10
archetype,Acrobat,solver_default,4,main_attack_range_blocks,,,,,,,,,,,
archetype,Acrobat,solver_default,4,main_attack_dps,4,1097.8157,1210.7007,1380.0282,1964.4749,2611.8129,2894.3449,3082.6996,2027.3663,906.7598,678.5175
archetype,Acrobat,solver_default,4,spell_display_avg_max,4,30665.1856,37469.3943,47675.7073,54535.1189,59714.6642,66897.218,71685.5871,52855.2526,16886.4151,9169.853
archetype,Acrobat,solver_default,4,spell_display_avg_sum,4,60959.2711,75680.1361,97761.4337,117848.9466,128774.3757,134363.9224,138090.2869,108686.8628,33826.4228,14030.7329
archetype,Acrobat,solver_default,4,heal_pct,4,0,0,0,0,0,0,0,0,0,0
archetype,Acrobat,solver_default,4,skill_points_assigned,4,145,160.3,183.25,197.5,199,199,199,184.75,26.5377,1.5
archetype_class,Acrobat:assassin,solver_default,4,total_hp,4,9505,10609,12265,13465,13756.25,13776.5,13790,12556.25,2052.6989,302.5
archetype_class,Acrobat:assassin,solver_default,4,ehp,4,10352.2931,18407.6959,30490.8001,37336.754,38132.245,39324.5158,40119.363,31286.291,14017.9299,1457.8636
archetype_class,Acrobat:assassin,solver_default,4,ehp_no_agi,4,9923.4533,11440.3615,13715.7238,17181.7436,21792.9734,26129.714,29020.8744,18326.9537,8109.6395,4730.1099
archetype_class,Acrobat:assassin,solver_default,4,hpr,4,-262.88,-123.368,85.9,260.58,418.32,597.096,716.28,243.64,403.0512,257.06
archetype_class,Acrobat:assassin,solver_default,4,ehpr,4,-286.3136,-36.7991,337.4727,758.0279,1216.1486,1658.0383,1952.6315,795.5934,931.3972,628.484
archetype_class,Acrobat:assassin,solver_default,4,ls,4,0,0,0,0,204.25,571.9,817,204.25,408.5,0
archetype_class,Acrobat:assassin,solver_default,4,effective_ls,4,0,0,0,0,621.4926,1740.1793,2485.9704,621.4926,1242.9852,0
archetype_class,Acrobat:assassin,solver_default,4,mr,4,33,33.6,34.5,37.5,41.5,44.2,46,38.5,5.8023,3.5
archetype_class,Acrobat:assassin,solver_default,4,total_mr,4,58,58.6,59.5,62.5,66.5,69.2,71,63.5,5.8023,3.5
archetype_class,Acrobat:assassin,solver_default,4,ms,4,-8,-1.7,7.75,15,17.75,19.1,20,10.5,12.6623,3.5
archetype_class,Acrobat:assassin,solver_default,4,mana_per_hit,4,-0.6202,0.2,1.4303,2.1902,2.3667,2.5467,2.6667,1.6067,1.5028,0.2765
archetype_class,Acrobat:assassin,solver_default,4,total_mana,4,151,151.9,153.25,156,177.5,212.6,236,174.75,40.9339,3.5
archetype_class,Acrobat:assassin,solver_default,4,walk_speed,4,-32,-29.6,-26,-17.5,17.5,68.8,103,9,63.2614,10.5
archetype_class,Acrobat:assassin,solver_default,4,attack_tier,4,0,0,0,0,0,0,0,0,0,0
archetype_class,Acrobat:assassin,solver_default,4,attacks_per_second,4,2.05,2.185,2.3875,2.5,2.95,3.76,4.3,2.8375,0.9978,0.225
archetype_class,Acrobat:assassin,solver_default,4,poison,4,-9480,-6636,-2370,0,0,0,0,-2370,4740,0
archetype_class,Acrobat:assassin,solver_default,4,main_attack_range_pct,4,-20,-14,-5,0,36,100.8,144,31,75.921,10
archetype_class,Acrobat:assassin,solver_default,4,main_attack_range_blocks,,,,,,,,,,,
archetype_class,Acrobat:assassin,solver_default,4,main_attack_dps,4,1097.8157,1210.7007,1380.0282,1964.4749,2611.8129,2894.3449,3082.6996,2027.3663,906.7598,678.5175
archetype_class,Acrobat:assassin,solver_default,4,spell_display_avg_max,4,30665.1856,37469.3943,47675.7073,54535.1189,59714.6642,66897.218,71685.5871,52855.2526,16886.4151,9169.853
archetype_class,Acrobat:assassin,solver_default,4,spell_display_avg_sum,4,60959.2711,75680.1361,97761.4337,117848.9466,128774.3757,134363.9224,138090.2869,108686.8628,33826.4228,14030.7329
archetype_class,Acrobat:assassin,solver_default,4,heal_pct,4,0,0,0,0,0,0,0,0,0,0
archetype_class,Acrobat:assassin,solver_default,4,skill_points_assigned,4,145,160.3,183.25,197.5,199,199,199,184.75,26.5377,1.5
archetype,Acrobat,maximum,4,total_hp,4,9685,10735,12310,13487.5,13850,13958,14030,12672.5,2023.1514,422.5
archetype,Acrobat,maximum,4,ehp,4,10548.3386,18544.9277,30539.8114,37725.2194,38714.9431,39557.595,40119.363,31529.5351,14039.3834,1457.8636
archetype,Acrobat,maximum,4,ehp_no_agi,4,10111.3777,11665.0897,13995.6576,17337.0454,21792.9734,26129.714,29020.8744,18451.5857,8002.7225,4636.1477
archetype,Acrobat,maximum,4,hpr,4,-227.48,-88.136,120.88,320,509.275,700.57,828.1,310.155,436.383,295.55
archetype,Acrobat,maximum,4,ehpr,4,-247.758,18.388,417.607,932.8226,1484.0526,1948.0976,2257.461,968.837,1051.2609,737.0039
archetype,Acrobat,maximum,4,ls,4,0,0,0,0,230.75,646.1,923,230.75,461.5,0
archetype,Acrobat,maximum,4,effective_ls,4,0,0,0,0,702.1269,1965.9553,2808.5075,702.1269,1404.2538,0
archetype,Acrobat,maximum,4,mr,4,33,33.6,34.5,37.5,41.5,44.2,46,38.5,5.8023,3.5
archetype,Acrobat,maximum,4,total_mr,4,58,58.6,59.5,62.5,66.5,69.2,71,63.5,5.8023,3.5
archetype,Acrobat,maximum,4,ms,4,-8,-1.7,7.75,15,17.75,19.1,20,10.5,12.6623,3.5
archetype,Acrobat,maximum,4,mana_per_hit,4,-0.6202,0.2,1.4303,2.1902,2.3667,2.5467,2.6667,1.6067,1.5028,0.2765
archetype,Acrobat,maximum,4,total_mana,4,151,151.9,153.25,156,177.5,212.6,236,174.75,40.9339,3.5
archetype,Acrobat,maximum,4,walk_speed,4,-25,-23.8,-22,-15,22.25,78.5,116,15.25,67.5099,8
archetype,Acrobat,maximum,4,attack_tier,4,0,0,0,0,0,0,0,0,0,0
archetype,Acrobat,maximum,4,attacks_per_second,4,2.05,2.185,2.3875,2.5,2.95,3.76,4.3,2.8375,0.9978,0.225
archetype,Acrobat,maximum,4,poison,4,-8400,-5880,-2100,0,0,0,0,-2100,4200,0
archetype,Acrobat,maximum,4,main_attack_range_pct,4,-20,-14,-5,0,40.75,114.1,163,35.75,85.3556,10
archetype,Acrobat,maximum,4,main_attack_range_blocks,,,,,,,,,,,
archetype,Acrobat,maximum,4,main_attack_dps,4,1177.6017,1316.2421,1524.2027,2082.3041,2787.6871,3260.7546,3576.133,2229.5857,1057.509,673.6351
archetype,Acrobat,maximum,4,spell_display_avg_max,4,32888.9554,39616.854,49708.702,58010.464,64973.3777,72655.2986,77776.5792,56671.6156,18521.5859,11230.6475
archetype,Acrobat,maximum,4,spell_display_avg_sum,4,65441.5575,80033.9043,101922.4244,125636.133,140352.5245,146045.874,149841.4403,116638.8159,37204.1215,17879.3634
archetype,Acrobat,maximum,4,heal_pct,4,0,0,0,0,0,0,0,0,0,0
archetype,Acrobat,maximum,4,skill_points_assigned,4,145,160.3,183.25,197.5,199,199,199,184.75,26.5377,1.5
archetype_class,Acrobat:assassin,maximum,4,total_hp,4,9685,10735,12310,13487.5,13850,13958,14030,12672.5,2023.1514,422.5
archetype_class,Acrobat:assassin,maximum,4,ehp,4,10548.3386,18544.9277,30539.8114,37725.2194,38714.9431,39557.595,40119.363,31529.5351,14039.3834,1457.8636
archetype_class,Acrobat:assassin,maximum,4,ehp_no_agi,4,10111.3777,11665.0897,13995.6576,17337.0454,21792.9734,26129.714,29020.8744,18451.5857,8002.7225,4636.1477
archetype_class,Acrobat:assassin,maximum,4,hpr,4,-227.48,-88.136,120.88,320,509.275,700.57,828.1,310.155,436.383,295.55
archetype_class,Acrobat:assassin,maximum,4,ehpr,4,-247.758,18.388,417.607,932.8226,1484.0526,1948.0976,2257.461,968.837,1051.2609,737.0039
archetype_class,Acrobat:assassin,maximum,4,ls,4,0,0,0,0,230.75,646.1,923,230.75,461.5,0
archetype_class,Acrobat:assassin,maximum,4,effective_ls,4,0,0,0,0,702.1269,1965.9553,2808.5075,702.1269,1404.2538,0
archetype_class,Acrobat:assassin,maximum,4,mr,4,33,33.6,34.5,37.5,41.5,44.2,46,38.5,5.8023,3.5
archetype_class,Acrobat:assassin,maximum,4,total_mr,4,58,58.6,59.5,62.5,66.5,69.2,71,63.5,5.8023,3.5
archetype_class,Acrobat:assassin,maximum,4,ms,4,-8,-1.7,7.75,15,17.75,19.1,20,10.5,12.6623,3.5
archetype_class,Acrobat:assassin,maximum,4,mana_per_hit,4,-0.6202,0.2,1.4303,2.1902,2.3667,2.5467,2.6667,1.6067,1.5028,0.2765
archetype_class,Acrobat:assassin,maximum,4,total_mana,4,151,151.9,153.25,156,177.5,212.6,236,174.75,40.9339,3.5
archetype_class,Acrobat:assassin,maximum,4,walk_speed,4,-25,-23.8,-22,-15,22.25,78.5,116,15.25,67.5099,8
archetype_class,Acrobat:assassin,maximum,4,attack_tier,4,0,0,0,0,0,0,0,0,0,0
archetype_class,Acrobat:assassin,maximum,4,attacks_per_second,4,2.05,2.185,2.3875,2.5,2.95,3.76,4.3,2.8375,0.9978,0.225
archetype_class,Acrobat:assassin,maximum,4,poison,4,-8400,-5880,-2100,0,0,0,0,-2100,4200,0
archetype_class,Acrobat:assassin,maximum,4,main_attack_range_pct,4,-20,-14,-5,0,40.75,114.1,163,35.75,85.3556,10
archetype_class,Acrobat:assassin,maximum,4,main_attack_range_blocks,,,,,,,,,,,
archetype_class,Acrobat:assassin,maximum,4,main_attack_dps,4,1177.6017,1316.2421,1524.2027,2082.3041,2787.6871,3260.7546,3576.133,2229.5857,1057.509,673.6351
archetype_class,Acrobat:assassin,maximum,4,spell_display_avg_max,4,32888.9554,39616.854,49708.702,58010.464,64973.3777,72655.2986,77776.5792,56671.6156,18521.5859,11230.6475
archetype_class,Acrobat:assassin,maximum,4,spell_display_avg_sum,4,65441.5575,80033.9043,101922.4244,125636.133,140352.5245,146045.874,149841.4403,116638.8159,37204.1215,17879.3634
archetype_class,Acrobat:assassin,maximum,4,heal_pct,4,0,0,0,0,0,0,0,0,0,0
archetype_class,Acrobat:assassin,maximum,4,skill_points_assigned,4,145,160.3,183.25,197.5,199,199,199,184.75,26.5377,1.5
archetype,Shadestepper,median,5,total_hp,5,7785,8405,9335,13105,13495,14137,14565,11657,2928.9708,1460
archetype,Shadestepper,median,5,ehp,5,13105,13261,13495,14845.2207,22254.7149,22738.6755,23061.3159,17352.2503,4894.6476,1740.2207
archetype,Shadestepper,median,5,ehp_no_agi,5,13105,13261,13495,14263.4922,17135.1921,20206.9058,22254.7149,16050.6798,3810.1439,1158.4922
archetype,Shadestepper,median,5,hpr,5,-534.52,-320.712,0,0,0,0,0,-106.904,239.0446,0
archetype,Shadestepper,median,5,ehpr,5,-534.52,-320.712,0,0,0,0,0,-106.904,239.0446,0
archetype,Shadestepper,median,5,ls,5,0,0,0,300,400,575.8,693,278.6,292.4719,300
archetype,Shadestepper,median,5,effective_ls,5,0,0,0,458.3875,693,988.1462,1184.9103,467.2596,500.6803,458.3875
archetype,Shadestepper,median,5,mr,5,-38,-22.8,0,0,6,6,6,-5.2,18.5796,6
archetype,Shadestepper,median,5,total_mr,5,-13,2.2,25,25,31,31,31,19.8,18.5796,6
archetype,Shadestepper,median,5,ms,5,14,14.8,16,19,19,35.2,46,22.8,13.1415,3
archetype,Shadestepper,median,5,mana_per_hit,5,4.2222,6.1934,9.1503,10.4575,12.4183,23.0066,30.0654,13.2627,9.8686,1.9608
archetype,Shadestepper,median,5,total_mana,5,141,143.8,148,153,204,204,204,170,31.3289,12
archetype,Shadestepper,median,5,walk_speed,5,-35,-27,-15,-3,-3,4.8,10,-9.2,16.9174,12
archetype,Shadestepper,median,5,attack_tier,5,-70,-44.4,-6,-1,0,0,0,-15.4,30.6235,1
archetype,Shadestepper,median,5,attacks_per_second,5,0.51,0.51,0.51,0.51,0.51,1.104,1.5,0.708,0.4427,0
archetype,Shadestepper,median,5,poison,5,-12000,-7200,0,50,8500,15514.6,20191,3348.2,11915.0825,8450
archetype,Shadestepper,median,5,main_attack_range_pct,5,0,0,0,0,0,33.6,56,11.2,25.044,0
archetype,Shadestepper,median,5,main_attack_range_blocks,5,1,1,1,1,1,1.336,1.56,1.112,0.2504,0
archetype,Shadestepper,median,5,main_attack_dps,5,2943.7609,3968.4585,5505.505,9566.7717,13241.7974,20328.1939,25052.4582,11262.0586,8650.1513,4061.2667
archetype,Shadestepper,median,5,spell_display_avg_max,5,12604.8374,13846.9385,15710.0902,16704.3817,20039.6696,20268.8821,20421.6904,17096.1339,3239.2152,3335.2879
archetype,Shadestepper,median,5,spell_display_avg_sum,5,28298.1054,30637.0134,34145.3754,35262.8279,41406.5995,42517.4554,43258.026,36474.1868,6001.8378,6143.7716
archetype,Shadestepper,median,5,heal_pct,5,-20,-14.8,-7,-6,0,0,0,-6.6,8.1731,6
archetype,Shadestepper,median,5,skill_points_assigned,5,160,174.8,197,198,199,199.6,200,190.8,17.254,1
archetype_class,Shadestepper:assassin,median,5,total_hp,5,7785,8405,9335,13105,13495,14137,14565,11657,2928.9708,1460
archetype_class,Shadestepper:assassin,median,5,ehp,5,13105,13261,13495,14845.2207,22254.7149,22738.6755,23061.3159,17352.2503,4894.6476,1740.2207
archetype_class,Shadestepper:assassin,median,5,ehp_no_agi,5,13105,13261,13495,14263.4922,17135.1921,20206.9058,22254.7149,16050.6798,3810.1439,1158.4922
archetype_class,Shadestepper:assassin,median,5,hpr,5,-534.52,-320.712,0,0,0,0,0,-106.904,239.0446,0
archetype_class,Shadestepper:assassin,median,5,ehpr,5,-534.52,-320.712,0,0,0,0,0,-106.904,239.0446,0
archetype_class,Shadestepper:assassin,median,5,ls,5,0,0,0,300,400,575.8,693,278.6,292.4719,300
archetype_class,Shadestepper:assassin,median,5,effective_ls,5,0,0,0,458.3875,693,988.1462,1184.9103,467.2596,500.6803,458.3875
archetype_class,Shadestepper:assassin,median,5,mr,5,-38,-22.8,0,0,6,6,6,-5.2,18.5796,6
archetype_class,Shadestepper:assassin,median,5,total_mr,5,-13,2.2,25,25,31,31,31,19.8,18.5796,6
archetype_class,Shadestepper:assassin,median,5,ms,5,14,14.8,16,19,19,35.2,46,22.8,13.1415,3
archetype_class,Shadestepper:assassin,median,5,mana_per_hit,5,4.2222,6.1934,9.1503,10.4575,12.4183,23.0066,30.0654,13.2627,9.8686,1.9608
archetype_class,Shadestepper:assassin,median,5,total_mana,5,141,143.8,148,153,204,204,204,170,31.3289,12
archetype_class,Shadestepper:assassin,median,5,walk_speed,5,-35,-27,-15,-3,-3,4.8,10,-9.2,16.9174,12
archetype_class,Shadestepper:assassin,median,5,attack_tier,5,-70,-44.4,-6,-1,0,0,0,-15.4,30.6235,1
archetype_class,Shadestepper:assassin,median,5,attacks_per_second,5,0.51,0.51,0.51,0.51,0.51,1.104,1.5,0.708,0.4427,0
archetype_class,Shadestepper:assassin,median,5,poison,5,-12000,-7200,0,50,8500,15514.6,20191,3348.2,11915.0825,8450
archetype_class,Shadestepper:assassin,median,5,main_attack_range_pct,5,0,0,0,0,0,33.6,56,11.2,25.044,0
archetype_class,Shadestepper:assassin,median,5,main_attack_range_blocks,5,1,1,1,1,1,1.336,1.56,1.112,0.2504,0
archetype_class,Shadestepper:assassin,median,5,main_attack_dps,5,2943.7609,3968.4585,5505.505,9566.7717,13241.7974,20328.1939,25052.4582,11262.0586,8650.1513,4061.2667
archetype_class,Shadestepper:assassin,median,5,spell_display_avg_max,5,12604.8374,13846.9385,15710.0902,16704.3817,20039.6696,20268.8821,20421.6904,17096.1339,3239.2152,3335.2879
archetype_class,Shadestepper:assassin,median,5,spell_display_avg_sum,5,28298.1054,30637.0134,34145.3754,35262.8279,41406.5995,42517.4554,43258.026,36474.1868,6001.8378,6143.7716
archetype_class,Shadestepper:assassin,median,5,heal_pct,5,-20,-14.8,-7,-6,0,0,0,-6.6,8.1731,6
archetype_class,Shadestepper:assassin,median,5,skill_points_assigned,5,160,174.8,197,198,199,199.6,200,190.8,17.254,1
archetype,Shadestepper,upper_quartile_proxy,5,total_hp,5,7785,8405,9335,13105,13495,14137,14565,11657,2928.9708,1460
archetype,Shadestepper,upper_quartile_proxy,5,ehp,5,13105,13261,13495,14845.2207,22254.7149,22738.6755,23061.3159,17352.2503,4894.6476,1740.2207
archetype,Shadestepper,upper_quartile_proxy,5,ehp_no_agi,5,13105,13261,13495,14263.4922,17135.1921,20206.9058,22254.7149,16050.6798,3810.1439,1158.4922
archetype,Shadestepper,upper_quartile_proxy,5,hpr,5,-423.15,-253.89,0,0,0,0,0,-84.63,189.2384,0
archetype,Shadestepper,upper_quartile_proxy,5,ehpr,5,-423.15,-253.89,0,0,0,0,0,-84.63,189.2384,0
archetype,Shadestepper,upper_quartile_proxy,5,ls,5,0,0,0,330,525,755.4,909,352.8,383.5579,330
archetype,Shadestepper,upper_quartile_proxy,5,effective_ls,5,0,0,0,504.2263,909,1296.7168,1555.1947,593.6842,658.9482,504.2263
archetype,Shadestepper,upper_quartile_proxy,5,mr,5,-25,-15,0,0,8,8,8,-1.8,13.572,8
archetype,Shadestepper,upper_quartile_proxy,5,total_mr,5,0,10,25,25,33,33,33,23.2,13.572,8
archetype,Shadestepper,upper_quartile_proxy,5,ms,5,18,20.8,25,25,27,45,57,30.4,15.2578,2
archetype,Shadestepper,upper_quartile_proxy,5,mana_per_hit,5,5.5556,8.0392,11.7647,16.3399,17.6471,29.4118,37.2549,17.7124,11.9055,4.5752
archetype,Shadestepper,upper_quartile_proxy,5,total_mana,5,145,146.2,148,153,221,221,221,177.6,39.7215,8
archetype,Shadestepper,upper_quartile_proxy,5,walk_speed,5,-29,-23.4,-15,-2,4,8.8,12,-6,16.2019,13
archetype,Shadestepper,upper_quartile_proxy,5,attack_tier,5,-70,-44.4,-6,-1,0,0,0,-15.4,30.6235,1
archetype,Shadestepper,upper_quartile_proxy,5,attacks_per_second,5,0.51,0.51,0.51,0.51,0.51,1.104,1.5,0.708,0.4427,0
archetype,Shadestepper,upper_quartile_proxy,5,poison,5,-10200,-6100,50,50,8500,19325.2,26542,4988.4,13750.9281,8450
archetype,Shadestepper,upper_quartile_proxy,5,main_attack_range_pct,5,0,0,0,0,0,37.2,62,12.4,27.7272,0
archetype,Shadestepper,upper_quartile_proxy,5,main_attack_range_blocks,5,1,1,1,1,1,1.372,1.62,1.124,0.2773,0
archetype,Shadestepper,upper_quartile_proxy,5,main_attack_dps,5,3455.044,4676.6437,6509.0433,10407.8551,15715.0358,23259.5744,28289.2668,12875.249,9759.7798,5307.1807
archetype,Shadestepper,upper_quartile_proxy,5,spell_display_avg_max,5,13708.6904,15067.5145,17105.7506,19286.8399,22483.144,22888.4488,23158.652,19148.6154,3904.6338,3196.3041
archetype,Shadestepper,upper_quartile_proxy,5,spell_display_avg_sum,5,30716.7742,33301.1075,37177.6074,40613.6759,46856.9775,47902.2036,48599.021,40792.8112,7285.9339,6243.3016
archetype,Shadestepper,upper_quartile_proxy,5,heal_pct,5,-17,-12.6,-6,-5,0,0,0,-5.6,6.9498,5
archetype,Shadestepper,upper_quartile_proxy,5,skill_points_assigned,5,160,174.8,197,198,199,199.6,200,190.8,17.254,1
archetype_class,Shadestepper:assassin,upper_quartile_proxy,5,total_hp,5,7785,8405,9335,13105,13495,14137,14565,11657,2928.9708,1460
archetype_class,Shadestepper:assassin,upper_quartile_proxy,5,ehp,5,13105,13261,13495,14845.2207,22254.7149,22738.6755,23061.3159,17352.2503,4894.6476,1740.2207
archetype_class,Shadestepper:assassin,upper_quartile_proxy,5,ehp_no_agi,5,13105,13261,13495,14263.4922,17135.1921,20206.9058,22254.7149,16050.6798,3810.1439,1158.4922
archetype_class,Shadestepper:assassin,upper_quartile_proxy,5,hpr,5,-423.15,-253.89,0,0,0,0,0,-84.63,189.2384,0
archetype_class,Shadestepper:assassin,upper_quartile_proxy,5,ehpr,5,-423.15,-253.89,0,0,0,0,0,-84.63,189.2384,0
archetype_class,Shadestepper:assassin,upper_quartile_proxy,5,ls,5,0,0,0,330,525,755.4,909,352.8,383.5579,330
archetype_class,Shadestepper:assassin,upper_quartile_proxy,5,effective_ls,5,0,0,0,504.2263,909,1296.7168,1555.1947,593.6842,658.9482,504.2263
archetype_class,Shadestepper:assassin,upper_quartile_proxy,5,mr,5,-25,-15,0,0,8,8,8,-1.8,13.572,8
archetype_class,Shadestepper:assassin,upper_quartile_proxy,5,total_mr,5,0,10,25,25,33,33,33,23.2,13.572,8
archetype_class,Shadestepper:assassin,upper_quartile_proxy,5,ms,5,18,20.8,25,25,27,45,57,30.4,15.2578,2
archetype_class,Shadestepper:assassin,upper_quartile_proxy,5,mana_per_hit,5,5.5556,8.0392,11.7647,16.3399,17.6471,29.4118,37.2549,17.7124,11.9055,4.5752
archetype_class,Shadestepper:assassin,upper_quartile_proxy,5,total_mana,5,145,146.2,148,153,221,221,221,177.6,39.7215,8
archetype_class,Shadestepper:assassin,upper_quartile_proxy,5,walk_speed,5,-29,-23.4,-15,-2,4,8.8,12,-6,16.2019,13
archetype_class,Shadestepper:assassin,upper_quartile_proxy,5,attack_tier,5,-70,-44.4,-6,-1,0,0,0,-15.4,30.6235,1
archetype_class,Shadestepper:assassin,upper_quartile_proxy,5,attacks_per_second,5,0.51,0.51,0.51,0.51,0.51,1.104,1.5,0.708,0.4427,0
archetype_class,Shadestepper:assassin,upper_quartile_proxy,5,poison,5,-10200,-6100,50,50,8500,19325.2,26542,4988.4,13750.9281,8450
archetype_class,Shadestepper:assassin,upper_quartile_proxy,5,main_attack_range_pct,5,0,0,0,0,0,37.2,62,12.4,27.7272,0
archetype_class,Shadestepper:assassin,upper_quartile_proxy,5,main_attack_range_blocks,5,1,1,1,1,1,1.372,1.62,1.124,0.2773,0
archetype_class,Shadestepper:assassin,upper_quartile_proxy,5,main_attack_dps,5,3455.044,4676.6437,6509.0433,10407.8551,15715.0358,23259.5744,28289.2668,12875.249,9759.7798,5307.1807
archetype_class,Shadestepper:assassin,upper_quartile_proxy,5,spell_display_avg_max,5,13708.6904,15067.5145,17105.7506,19286.8399,22483.144,22888.4488,23158.652,19148.6154,3904.6338,3196.3041
archetype_class,Shadestepper:assassin,upper_quartile_proxy,5,spell_display_avg_sum,5,30716.7742,33301.1075,37177.6074,40613.6759,46856.9775,47902.2036,48599.021,40792.8112,7285.9339,6243.3016
archetype_class,Shadestepper:assassin,upper_quartile_proxy,5,heal_pct,5,-17,-12.6,-6,-5,0,0,0,-5.6,6.9498,5
archetype_class,Shadestepper:assassin,upper_quartile_proxy,5,skill_points_assigned,5,160,174.8,197,198,199,199.6,200,190.8,17.254,1
archetype,Shadestepper,solver_default,5,total_hp,5,7785,8405,9335,13105,13495,14137,14565,11657,2928.9708,1460
archetype,Shadestepper,solver_default,5,ehp,5,13105,13261,13495,14845.2207,22254.7149,22738.6755,23061.3159,17352.2503,4894.6476,1740.2207
archetype,Shadestepper,solver_default,5,ehp_no_agi,5,13105,13261,13495,14263.4922,17135.1921,20206.9058,22254.7149,16050.6798,3810.1439,1158.4922
archetype,Shadestepper,solver_default,5,hpr,5,-386.08,-231.648,0,0,0,0,0,-77.216,172.6602,0
archetype,Shadestepper,solver_default,5,ehpr,5,-386.08,-231.648,0,0,0,0,0,-77.216,172.6602,0
archetype,Shadestepper,solver_default,5,ls,5,0,0,0,342,575,827,995,382.4,420.2574,342
archetype,Shadestepper,solver_default,5,effective_ls,5,0,0,0,522.5618,995,1419.9851,1703.3085,644.1741,722.7646,522.5618
archetype,Shadestepper,solver_default,5,mr,5,-15,-9,0,0,10,10,10,1,10.247,10
archetype,Shadestepper,solver_default,5,total_mr,5,10,16,25,25,35,35,35,26,10.247,10
archetype,Shadestepper,solver_default,5,ms,5,22,25.6,31,31,38,56.6,69,38.2,18.1301,7
archetype,Shadestepper,solver_default,5,mana_per_hit,5,6.8889,9.885,14.3791,20.2614,24.8366,36.9934,45.098,22.2928,14.4099,5.8823
archetype,Shadestepper,solver_default,5,total_mana,5,148,148,148,153,238,238,238,185,48.4252,5
archetype,Shadestepper,solver_default,5,walk_speed,5,-27,-22.2,-15,-2,7,10,12,-5,16.0156,13
archetype,Shadestepper,solver_default,5,attack_tier,5,-70,-44.4,-6,-1,0,0,0,-15.4,30.6235,1
archetype,Shadestepper,solver_default,5,attacks_per_second,5,0.51,0.51,0.51,0.51,0.51,1.104,1.5,0.708,0.4427,0
archetype,Shadestepper,solver_default,5,poison,5,-9480,-5668,50,50,8500,20839,29065,5637,14560.3982,8450
archetype,Shadestepper,solver_default,5,main_attack_range_pct,5,0,0,0,0,0,38.4,64,12.8,28.6217,0
archetype,Shadestepper,solver_default,5,main_attack_range_blocks,5,1,1,1,1,1,1.384,1.64,1.128,0.2862,0
archetype,Shadestepper,solver_default,5,main_attack_dps,5,3658.9836,4963.4331,6920.1074,10757.0892,16779.1726,24455.4016,29572.8876,13537.6481,10207.2003,6022.0834
archetype,Shadestepper,solver_default,5,spell_display_avg_max,5,14111.4565,15536.1021,17673.0705,20409.8149,23508.5487,23964.5613,24268.5697,19994.2921,4206.7782,3098.7338
archetype,Shadestepper,solver_default,5,spell_display_avg_sum,5,31602.0495,34325.3083,38410.1964,42956.1882,49062.0002,50134.8969,50850.1613,42576.1191,7881.2435,6105.812
archetype,Shadestepper,solver_default,5,heal_pct,5,-16,-12,-6,-5,0,0,0,-5.4,6.5422,5
archetype,Shadestepper,solver_default,5,skill_points_assigned,5,160,174.8,197,198,199,199.6,200,190.8,17.254,1
archetype_class,Shadestepper:assassin,solver_default,5,total_hp,5,7785,8405,9335,13105,13495,14137,14565,11657,2928.9708,1460
archetype_class,Shadestepper:assassin,solver_default,5,ehp,5,13105,13261,13495,14845.2207,22254.7149,22738.6755,23061.3159,17352.2503,4894.6476,1740.2207
archetype_class,Shadestepper:assassin,solver_default,5,ehp_no_agi,5,13105,13261,13495,14263.4922,17135.1921,20206.9058,22254.7149,16050.6798,3810.1439,1158.4922
archetype_class,Shadestepper:assassin,solver_default,5,hpr,5,-386.08,-231.648,0,0,0,0,0,-77.216,172.6602,0
archetype_class,Shadestepper:assassin,solver_default,5,ehpr,5,-386.08,-231.648,0,0,0,0,0,-77.216,172.6602,0
archetype_class,Shadestepper:assassin,solver_default,5,ls,5,0,0,0,342,575,827,995,382.4,420.2574,342
archetype_class,Shadestepper:assassin,solver_default,5,effective_ls,5,0,0,0,522.5618,995,1419.9851,1703.3085,644.1741,722.7646,522.5618
archetype_class,Shadestepper:assassin,solver_default,5,mr,5,-15,-9,0,0,10,10,10,1,10.247,10
archetype_class,Shadestepper:assassin,solver_default,5,total_mr,5,10,16,25,25,35,35,35,26,10.247,10
archetype_class,Shadestepper:assassin,solver_default,5,ms,5,22,25.6,31,31,38,56.6,69,38.2,18.1301,7
archetype_class,Shadestepper:assassin,solver_default,5,mana_per_hit,5,6.8889,9.885,14.3791,20.2614,24.8366,36.9934,45.098,22.2928,14.4099,5.8823
archetype_class,Shadestepper:assassin,solver_default,5,total_mana,5,148,148,148,153,238,238,238,185,48.4252,5
archetype_class,Shadestepper:assassin,solver_default,5,walk_speed,5,-27,-22.2,-15,-2,7,10,12,-5,16.0156,13
archetype_class,Shadestepper:assassin,solver_default,5,attack_tier,5,-70,-44.4,-6,-1,0,0,0,-15.4,30.6235,1
archetype_class,Shadestepper:assassin,solver_default,5,attacks_per_second,5,0.51,0.51,0.51,0.51,0.51,1.104,1.5,0.708,0.4427,0
archetype_class,Shadestepper:assassin,solver_default,5,poison,5,-9480,-5668,50,50,8500,20839,29065,5637,14560.3982,8450
archetype_class,Shadestepper:assassin,solver_default,5,main_attack_range_pct,5,0,0,0,0,0,38.4,64,12.8,28.6217,0
archetype_class,Shadestepper:assassin,solver_default,5,main_attack_range_blocks,5,1,1,1,1,1,1.384,1.64,1.128,0.2862,0
archetype_class,Shadestepper:assassin,solver_default,5,main_attack_dps,5,3658.9836,4963.4331,6920.1074,10757.0892,16779.1726,24455.4016,29572.8876,13537.6481,10207.2003,6022.0834
archetype_class,Shadestepper:assassin,solver_default,5,spell_display_avg_max,5,14111.4565,15536.1021,17673.0705,20409.8149,23508.5487,23964.5613,24268.5697,19994.2921,4206.7782,3098.7338
archetype_class,Shadestepper:assassin,solver_default,5,spell_display_avg_sum,5,31602.0495,34325.3083,38410.1964,42956.1882,49062.0002,50134.8969,50850.1613,42576.1191,7881.2435,6105.812
archetype_class,Shadestepper:assassin,solver_default,5,heal_pct,5,-16,-12,-6,-5,0,0,0,-5.4,6.5422,5
archetype_class,Shadestepper:assassin,solver_default,5,skill_points_assigned,5,160,174.8,197,198,199,199.6,200,190.8,17.254,1
archetype,Shadestepper,maximum,5,total_hp,5,7785,8405,9335,13105,13495,14137,14565,11657,2928.9708,1460
archetype,Shadestepper,maximum,5,ehp,5,13105,13261,13495,14845.2207,22254.7149,22738.6755,23061.3159,17352.2503,4894.6476,1740.2207
archetype,Shadestepper,maximum,5,ehp_no_agi,5,13105,13261,13495,14263.4922,17135.1921,20206.9058,22254.7149,16050.6798,3810.1439,1158.4922
archetype,Shadestepper,maximum,5,hpr,5,-328.5,-197.1,0,0,0,0,0,-65.7,146.9097,0
archetype,Shadestepper,maximum,5,ehpr,5,-328.5,-197.1,0,0,0,0,0,-65.7,146.9097,0
archetype,Shadestepper,maximum,5,ls,5,0,0,0,360,650,935,1125,427,475.9412,360
archetype,Shadestepper,maximum,5,effective_ls,5,0,0,0,550.065,1125,1605.2875,1925.4792,720.1088,818.9754,550.065
archetype,Shadestepper,maximum,5,mr,5,-15,-9,0,0,10,10,10,1,10.247,10
archetype,Shadestepper,maximum,5,total_mr,5,10,16,25,25,35,35,35,26,10.247,10
archetype,Shadestepper,maximum,5,ms,5,22,25.6,31,31,38,56.6,69,38.2,18.1301,7
archetype,Shadestepper,maximum,5,mana_per_hit,5,6.8889,9.885,14.3791,20.2614,24.8366,36.9934,45.098,22.2928,14.4099,5.8823
archetype,Shadestepper,maximum,5,total_mana,5,148,148,148,153,238,238,238,185,48.4252,5
archetype,Shadestepper,maximum,5,walk_speed,5,-23,-19.8,-15,-1,11,12.2,13,-3,15.8114,14
archetype,Shadestepper,maximum,5,attack_tier,5,-70,-44.4,-6,-1,0,0,0,-15.4,30.6235,1
archetype,Shadestepper,maximum,5,attacks_per_second,5,0.51,0.51,0.51,0.51,0.51,1.104,1.5,0.708,0.4427,0
archetype,Shadestepper,maximum,5,poison,5,-8400,-5020,50,50,8500,23110,32850,6610,15838.8525,8450
archetype,Shadestepper,maximum,5,main_attack_range_pct,5,0,0,0,0,0,39.6,66,13.2,29.5161,0
archetype,Shadestepper,maximum,5,main_attack_range_blocks,5,1,1,1,1,1,1.396,1.66,1.132,0.2952,0
archetype,Shadestepper,maximum,5,main_attack_dps,5,3969.0519,5401.5619,7550.327,11298.7571,18235.7166,26215.2942,31535.0126,14517.773,10881.0895,6936.9595
archetype,Shadestepper,maximum,5,spell_display_avg_max,5,14780.3674,16307.1388,18597.296,21891.2651,24969.7255,25584.9823,25995.1535,21246.7615,4627.5531,3293.9691
archetype,Shadestepper,maximum,5,spell_display_avg_sum,5,33072.9244,36011.0926,40418.3449,46024.9277,52483.1059,53423.5236,54050.4688,45209.9543,8688.8525,6458.1782
archetype,Shadestepper,maximum,5,heal_pct,5,-14,-10.4,-5,-4,0,0,0,-4.6,5.7271,4
archetype,Shadestepper,maximum,5,skill_points_assigned,5,160,174.8,197,198,199,199.6,200,190.8,17.254,1
archetype_class,Shadestepper:assassin,maximum,5,total_hp,5,7785,8405,9335,13105,13495,14137,14565,11657,2928.9708,1460
archetype_class,Shadestepper:assassin,maximum,5,ehp,5,13105,13261,13495,14845.2207,22254.7149,22738.6755,23061.3159,17352.2503,4894.6476,1740.2207
archetype_class,Shadestepper:assassin,maximum,5,ehp_no_agi,5,13105,13261,13495,14263.4922,17135.1921,20206.9058,22254.7149,16050.6798,3810.1439,1158.4922
archetype_class,Shadestepper:assassin,maximum,5,hpr,5,-328.5,-197.1,0,0,0,0,0,-65.7,146.9097,0
archetype_class,Shadestepper:assassin,maximum,5,ehpr,5,-328.5,-197.1,0,0,0,0,0,-65.7,146.9097,0
archetype_class,Shadestepper:assassin,maximum,5,ls,5,0,0,0,360,650,935,1125,427,475.9412,360
archetype_class,Shadestepper:assassin,maximum,5,effective_ls,5,0,0,0,550.065,1125,1605.2875,1925.4792,720.1088,818.9754,550.065
archetype_class,Shadestepper:assassin,maximum,5,mr,5,-15,-9,0,0,10,10,10,1,10.247,10
archetype_class,Shadestepper:assassin,maximum,5,total_mr,5,10,16,25,25,35,35,35,26,10.247,10
archetype_class,Shadestepper:assassin,maximum,5,ms,5,22,25.6,31,31,38,56.6,69,38.2,18.1301,7
archetype_class,Shadestepper:assassin,maximum,5,mana_per_hit,5,6.8889,9.885,14.3791,20.2614,24.8366,36.9934,45.098,22.2928,14.4099,5.8823
archetype_class,Shadestepper:assassin,maximum,5,total_mana,5,148,148,148,153,238,238,238,185,48.4252,5
archetype_class,Shadestepper:assassin,maximum,5,walk_speed,5,-23,-19.8,-15,-1,11,12.2,13,-3,15.8114,14
archetype_class,Shadestepper:assassin,maximum,5,attack_tier,5,-70,-44.4,-6,-1,0,0,0,-15.4,30.6235,1
archetype_class,Shadestepper:assassin,maximum,5,attacks_per_second,5,0.51,0.51,0.51,0.51,0.51,1.104,1.5,0.708,0.4427,0
archetype_class,Shadestepper:assassin,maximum,5,poison,5,-8400,-5020,50,50,8500,23110,32850,6610,15838.8525,8450
archetype_class,Shadestepper:assassin,maximum,5,main_attack_range_pct,5,0,0,0,0,0,39.6,66,13.2,29.5161,0
archetype_class,Shadestepper:assassin,maximum,5,main_attack_range_blocks,5,1,1,1,1,1,1.396,1.66,1.132,0.2952,0
archetype_class,Shadestepper:assassin,maximum,5,main_attack_dps,5,3969.0519,5401.5619,7550.327,11298.7571,18235.7166,26215.2942,31535.0126,14517.773,10881.0895,6936.9595
archetype_class,Shadestepper:assassin,maximum,5,spell_display_avg_max,5,14780.3674,16307.1388,18597.296,21891.2651,24969.7255,25584.9823,25995.1535,21246.7615,4627.5531,3293.9691
archetype_class,Shadestepper:assassin,maximum,5,spell_display_avg_sum,5,33072.9244,36011.0926,40418.3449,46024.9277,52483.1059,53423.5236,54050.4688,45209.9543,8688.8525,6458.1782
archetype_class,Shadestepper:assassin,maximum,5,heal_pct,5,-14,-10.4,-5,-4,0,0,0,-4.6,5.7271,4
archetype_class,Shadestepper:assassin,maximum,5,skill_points_assigned,5,160,174.8,197,198,199,199.6,200,190.8,17.254,1
family,family_spellsteal,median,2,total_hp,2,13105,13305.5,13606.25,14107.5,14608.75,14909.5,15110,14107.5,1417.7491,1002.5
family,family_spellsteal,median,2,ehp,2,13105,15257.7794,18486.9485,23868.8971,29250.8456,32480.0147,34632.7941,23868.8971,15222.4492,10763.8971
family,family_spellsteal,median,2,ehp_no_agi,2,13105,15180.3412,18293.353,23481.7061,28670.0591,31783.0709,33858.4121,23481.7061,14674.8784,10376.7061
family,family_spellsteal,median,2,hpr,2,0,114.1,285.25,570.5,855.75,1026.9,1141,570.5,806.8088,570.5
family,family_spellsteal,median,2,ehpr,2,0,261.5223,653.8057,1307.6115,1961.4172,2353.7006,2615.2229,1307.6115,1849.2418,1307.6115
family,family_spellsteal,median,2,ls,2,-250,-225,-187.5,-125,-62.5,-25,0,-125,176.7767,125
family,family_spellsteal,median,2,effective_ls,2,-573.0112,-515.7101,-429.7584,-286.5056,-143.2528,-57.3011,0,-286.5056,405.1801,286.5056
family,family_spellsteal,median,2,mr,2,-38,-27.8,-12.5,13,38.5,53.8,64,13,72.1249,51
family,family_spellsteal,median,2,total_mr,2,-13,-2.8,12.5,38,63.5,78.8,89,38,72.1249,51
family,family_spellsteal,median,2,ms,2,0,4.6,11.5,23,34.5,41.4,46,23,32.5269,23
family,family_spellsteal,median,2,mana_per_hit,2,0,3.0065,7.5164,15.0327,22.5491,27.0589,30.0654,15.0327,21.2594,15.0327
family,family_spellsteal,median,2,total_mana,2,153,161.8,175,197,219,232.2,241,197,62.2254,44
family,family_spellsteal,median,2,walk_speed,2,6,6.4,7,8,9,9.6,10,8,2.8284,2
family,family_spellsteal,median,2,attack_tier,2,0,0,0,0,0,0,0,0,0,0
family,family_spellsteal,median,2,attacks_per_second,2,0.51,0.664,0.895,1.28,1.665,1.896,2.05,1.28,1.0889,0.77
family,family_spellsteal,median,2,poison,2,0,850,2125,4250,6375,7650,8500,4250,6010.4076,4250
family,family_spellsteal,median,2,main_attack_range_pct,2,0,0,0,0,0,0,0,0,0,0
family,family_spellsteal,median,2,main_attack_range_blocks,2,1,1,1,1,1,1,1,1,0,0
family,family_spellsteal,median,2,main_attack_dps,2,1003.3284,1859.6727,3144.1892,5285.0501,7425.9109,8710.4274,9566.7717,5285.0501,6055.2688,4281.7216
family,family_spellsteal,median,2,spell_display_avg_max,2,15631.5826,16072.3913,16733.6044,17835.6261,18937.6479,19598.8609,20039.6696,17835.6261,3116.9882,2204.0435
family,family_spellsteal,median,2,spell_display_avg_sum,2,43258.026,43511.7382,43892.3064,44526.5869,45160.8674,45541.4356,45795.1478,44526.5869,1794.016,1268.5609
family,family_spellsteal,median,2,heal_pct,2,-30,-27,-22.5,-15,-7.5,-3,0,-15,21.2132,15
family,family_spellsteal,median,2,skill_points_assigned,2,160,162.1,165.25,170.5,175.75,178.9,181,170.5,14.8492,10.5
family_class,family_spellsteal:assassin,median,1,total_hp,1,13105,13105,13105,13105,13105,13105,13105,13105,0,0
family_class,family_spellsteal:assassin,median,1,ehp,1,13105,13105,13105,13105,13105,13105,13105,13105,0,0
family_class,family_spellsteal:assassin,median,1,ehp_no_agi,1,13105,13105,13105,13105,13105,13105,13105,13105,0,0
family_class,family_spellsteal:assassin,median,1,hpr,1,0,0,0,0,0,0,0,0,0,0
family_class,family_spellsteal:assassin,median,1,ehpr,1,0,0,0,0,0,0,0,0,0,0
family_class,family_spellsteal:assassin,median,1,ls,1,0,0,0,0,0,0,0,0,0,0
family_class,family_spellsteal:assassin,median,1,effective_ls,1,0,0,0,0,0,0,0,0,0,0
family_class,family_spellsteal:assassin,median,1,mr,1,-38,-38,-38,-38,-38,-38,-38,-38,0,0
family_class,family_spellsteal:assassin,median,1,total_mr,1,-13,-13,-13,-13,-13,-13,-13,-13,0,0
family_class,family_spellsteal:assassin,median,1,ms,1,46,46,46,46,46,46,46,46,0,0
family_class,family_spellsteal:assassin,median,1,mana_per_hit,1,30.0654,30.0654,30.0654,30.0654,30.0654,30.0654,30.0654,30.0654,0,0
family_class,family_spellsteal:assassin,median,1,total_mana,1,153,153,153,153,153,153,153,153,0,0
family_class,family_spellsteal:assassin,median,1,walk_speed,1,10,10,10,10,10,10,10,10,0,0
family_class,family_spellsteal:assassin,median,1,attack_tier,1,0,0,0,0,0,0,0,0,0,0
family_class,family_spellsteal:assassin,median,1,attacks_per_second,1,0.51,0.51,0.51,0.51,0.51,0.51,0.51,0.51,0,0
family_class,family_spellsteal:assassin,median,1,poison,1,8500,8500,8500,8500,8500,8500,8500,8500,0,0
family_class,family_spellsteal:assassin,median,1,main_attack_range_pct,1,0,0,0,0,0,0,0,0,0,0
family_class,family_spellsteal:assassin,median,1,main_attack_range_blocks,1,1,1,1,1,1,1,1,1,0,0
family_class,family_spellsteal:assassin,median,1,main_attack_dps,1,9566.7717,9566.7717,9566.7717,9566.7717,9566.7717,9566.7717,9566.7717,9566.7717,0,0
family_class,family_spellsteal:assassin,median,1,spell_display_avg_max,1,20039.6696,20039.6696,20039.6696,20039.6696,20039.6696,20039.6696,20039.6696,20039.6696,0,0
family_class,family_spellsteal:assassin,median,1,spell_display_avg_sum,1,43258.026,43258.026,43258.026,43258.026,43258.026,43258.026,43258.026,43258.026,0,0
family_class,family_spellsteal:assassin,median,1,heal_pct,1,0,0,0,0,0,0,0,0,0,0
family_class,family_spellsteal:assassin,median,1,skill_points_assigned,1,160,160,160,160,160,160,160,160,0,0
family,family_spellsteal,upper_quartile_proxy,2,total_hp,2,13105,13305.5,13606.25,14107.5,14608.75,14909.5,15110,14107.5,1417.7491,1002.5
family,family_spellsteal,upper_quartile_proxy,2,ehp,2,13105,15257.7794,18486.9485,23868.8971,29250.8456,32480.0147,34632.7941,23868.8971,15222.4492,10763.8971
family,family_spellsteal,upper_quartile_proxy,2,ehp_no_agi,2,13105,15180.3412,18293.353,23481.7061,28670.0591,31783.0709,33858.4121,23481.7061,14674.8784,10376.7061
family,family_spellsteal,upper_quartile_proxy,2,hpr,2,0,149.7,374.25,748.5,1122.75,1347.3,1497,748.5,1058.5389,748.5
family,family_spellsteal,upper_quartile_proxy,2,ehpr,2,0,343.1191,857.7977,1715.5954,2573.3931,3088.0717,3431.1908,1715.5954,2426.2183,1715.5954
family,family_spellsteal,upper_quartile_proxy,2,ls,2,-212,-190.8,-159,-106,-53,-21.2,0,-106,149.9066,106
family,family_spellsteal,upper_quartile_proxy,2,effective_ls,2,-485.9135,-437.3221,-364.4351,-242.9567,-121.4784,-48.5913,0,-242.9567,343.5927,242.9568
family,family_spellsteal,upper_quartile_proxy,2,mr,2,-25,-14.4,1.5,28,54.5,70.4,81,28,74.9533,53
family,family_spellsteal,upper_quartile_proxy,2,total_mr,2,0,10.6,26.5,53,79.5,95.4,106,53,74.9533,53
family,family_spellsteal,upper_quartile_proxy,2,ms,2,0,5.7,14.25,28.5,42.75,51.3,57,28.5,40.3051,28.5
family,family_spellsteal,upper_quartile_proxy,2,mana_per_hit,2,0,3.7255,9.3137,18.6275,27.9412,33.5294,37.2549,18.6275,26.3432,18.6275
family,family_spellsteal,upper_quartile_proxy,2,total_mana,2,153,163.7,179.75,206.5,233.25,249.3,260,206.5,75.6604,53.5
family,family_spellsteal,upper_quartile_proxy,2,walk_speed,2,8,8.4,9,10,11,11.6,12,10,2.8284,2
family,family_spellsteal,upper_quartile_proxy,2,attack_tier,2,0,0,0,0,0,0,0,0,0,0
family,family_spellsteal,upper_quartile_proxy,2,attacks_per_second,2,0.51,0.664,0.895,1.28,1.665,1.896,2.05,1.28,1.0889,0.77
family,family_spellsteal,upper_quartile_proxy,2,poison,2,0,850,2125,4250,6375,7650,8500,4250,6010.4076,4250
family,family_spellsteal,upper_quartile_proxy,2,main_attack_range_pct,2,0,0,0,0,0,0,0,0,0,0
family,family_spellsteal,upper_quartile_proxy,2,main_attack_range_blocks,2,1,1,1,1,1,1,1,1,0,0
family,family_spellsteal,upper_quartile_proxy,2,main_attack_dps,2,1122.8628,2051.362,3444.1109,5765.359,8086.607,9479.3559,10407.8551,5765.359,6565.481,4642.4962
family,family_spellsteal,upper_quartile_proxy,2,spell_display_avg_max,2,18015.0325,18461.8437,19132.0604,20249.0883,21366.1161,22036.3329,22483.144,20249.0883,3159.4319,2234.0557
family,family_spellsteal,upper_quartile_proxy,2,spell_display_avg_sum,2,48599.021,49019.1473,49649.3366,50699.6523,51749.9679,52380.1572,52800.2835,50699.6523,2970.7412,2100.6312
family,family_spellsteal,upper_quartile_proxy,2,heal_pct,2,-25,-22.5,-18.75,-12.5,-6.25,-2.5,0,-12.5,17.6777,12.5
family,family_spellsteal,upper_quartile_proxy,2,skill_points_assigned,2,160,162.1,165.25,170.5,175.75,178.9,181,170.5,14.8492,10.5
family_class,family_spellsteal:assassin,upper_quartile_proxy,1,total_hp,1,13105,13105,13105,13105,13105,13105,13105,13105,0,0
family_class,family_spellsteal:assassin,upper_quartile_proxy,1,ehp,1,13105,13105,13105,13105,13105,13105,13105,13105,0,0
family_class,family_spellsteal:assassin,upper_quartile_proxy,1,ehp_no_agi,1,13105,13105,13105,13105,13105,13105,13105,13105,0,0
family_class,family_spellsteal:assassin,upper_quartile_proxy,1,hpr,1,0,0,0,0,0,0,0,0,0,0
family_class,family_spellsteal:assassin,upper_quartile_proxy,1,ehpr,1,0,0,0,0,0,0,0,0,0,0
family_class,family_spellsteal:assassin,upper_quartile_proxy,1,ls,1,0,0,0,0,0,0,0,0,0,0
family_class,family_spellsteal:assassin,upper_quartile_proxy,1,effective_ls,1,0,0,0,0,0,0,0,0,0,0
family_class,family_spellsteal:assassin,upper_quartile_proxy,1,mr,1,-25,-25,-25,-25,-25,-25,-25,-25,0,0
family_class,family_spellsteal:assassin,upper_quartile_proxy,1,total_mr,1,0,0,0,0,0,0,0,0,0,0
family_class,family_spellsteal:assassin,upper_quartile_proxy,1,ms,1,57,57,57,57,57,57,57,57,0,0
family_class,family_spellsteal:assassin,upper_quartile_proxy,1,mana_per_hit,1,37.2549,37.2549,37.2549,37.2549,37.2549,37.2549,37.2549,37.2549,0,0
family_class,family_spellsteal:assassin,upper_quartile_proxy,1,total_mana,1,153,153,153,153,153,153,153,153,0,0
family_class,family_spellsteal:assassin,upper_quartile_proxy,1,walk_speed,1,12,12,12,12,12,12,12,12,0,0
family_class,family_spellsteal:assassin,upper_quartile_proxy,1,attack_tier,1,0,0,0,0,0,0,0,0,0,0
family_class,family_spellsteal:assassin,upper_quartile_proxy,1,attacks_per_second,1,0.51,0.51,0.51,0.51,0.51,0.51,0.51,0.51,0,0
family_class,family_spellsteal:assassin,upper_quartile_proxy,1,poison,1,8500,8500,8500,8500,8500,8500,8500,8500,0,0
family_class,family_spellsteal:assassin,upper_quartile_proxy,1,main_attack_range_pct,1,0,0,0,0,0,0,0,0,0,0
family_class,family_spellsteal:assassin,upper_quartile_proxy,1,main_attack_range_blocks,1,1,1,1,1,1,1,1,1,0,0
family_class,family_spellsteal:assassin,upper_quartile_proxy,1,main_attack_dps,1,10407.8551,10407.8551,10407.8551,10407.8551,10407.8551,10407.8551,10407.8551,10407.8551,0,0
family_class,family_spellsteal:assassin,upper_quartile_proxy,1,spell_display_avg_max,1,22483.144,22483.144,22483.144,22483.144,22483.144,22483.144,22483.144,22483.144,0,0
family_class,family_spellsteal:assassin,upper_quartile_proxy,1,spell_display_avg_sum,1,48599.021,48599.021,48599.021,48599.021,48599.021,48599.021,48599.021,48599.021,0,0
family_class,family_spellsteal:assassin,upper_quartile_proxy,1,heal_pct,1,0,0,0,0,0,0,0,0,0,0
family_class,family_spellsteal:assassin,upper_quartile_proxy,1,skill_points_assigned,1,160,160,160,160,160,160,160,160,0,0
family,family_spellsteal,solver_default,2,total_hp,2,13105,13305.5,13606.25,14107.5,14608.75,14909.5,15110,14107.5,1417.7491,1002.5
family,family_spellsteal,solver_default,2,ehp,2,13105,15257.7794,18486.9485,23868.8971,29250.8456,32480.0147,34632.7941,23868.8971,15222.4492,10763.8971
family,family_spellsteal,solver_default,2,ehp_no_agi,2,13105,15180.3412,18293.353,23481.7061,28670.0591,31783.0709,33858.4121,23481.7061,14674.8784,10376.7061
family,family_spellsteal,solver_default,2,hpr,2,0,164,410,820,1230,1476,1640,820,1159.6551,820
family,family_spellsteal,solver_default,2,ehpr,2,0,375.8953,939.7383,1879.4766,2819.2149,3383.0579,3758.9532,1879.4766,2657.9813,1879.4766
family,family_spellsteal,solver_default,2,ls,2,-197,-177.3,-147.75,-98.5,-49.25,-19.7,0,-98.5,139.3,98.5
family,family_spellsteal,solver_default,2,effective_ls,2,-451.5328,-406.3795,-338.6496,-225.7664,-112.8832,-45.1533,0,-225.7664,319.2819,225.7664
family,family_spellsteal,solver_default,2,mr,2,-15,-3.9,12.75,40.5,68.25,84.9,96,40.5,78.4889,55.5
family,family_spellsteal,solver_default,2,total_mr,2,10,21.1,37.75,65.5,93.25,109.9,121,65.5,78.4889,55.5
family,family_spellsteal,solver_default,2,ms,2,0,6.9,17.25,34.5,51.75,62.1,69,34.5,48.7904,34.5
family,family_spellsteal,solver_default,2,mana_per_hit,2,0,4.5098,11.2745,22.549,33.8235,40.5882,45.098,22.549,31.8891,22.549
family,family_spellsteal,solver_default,2,total_mana,2,153,165.6,184.5,216,247.5,266.4,279,216,89.0955,63
family,family_spellsteal,solver_default,2,walk_speed,2,9,9.3,9.75,10.5,11.25,11.7,12,10.5,2.1213,1.5
family,family_spellsteal,solver_default,2,attack_tier,2,0,0,0,0,0,0,0,0,0,0
family,family_spellsteal,solver_default,2,attacks_per_second,2,0.51,0.664,0.895,1.28,1.665,1.896,2.05,1.28,1.0889,0.77
family,family_spellsteal,solver_default,2,poison,2,0,850,2125,4250,6375,7650,8500,4250,6010.4076,4250
family,family_spellsteal,solver_default,2,main_attack_range_pct,2,0,0,0,0,0,0,0,0,0,0
family,family_spellsteal,solver_default,2,main_attack_range_blocks,2,1,1,1,1,1,1,1,1,0,0
family,family_spellsteal,solver_default,2,main_attack_dps,2,1173.2855,2131.6659,3569.2364,5965.1874,8361.1383,9798.7088,10757.0892,5965.1874,6776.7726,4791.9019
family,family_spellsteal,solver_default,2,spell_display_avg_max,2,19089.5194,19531.4223,20194.2767,21299.0341,22403.7914,23066.6458,23508.5487,21299.0341,3124.7256,2209.5146
family,family_spellsteal,solver_default,2,spell_display_avg_sum,2,50850.1613,51349.2568,52097.9001,53345.6389,54593.3776,55342.0209,55841.1164,53345.6389,3529.1382,2495.4775
family,family_spellsteal,solver_default,2,heal_pct,2,-24,-21.6,-18,-12,-6,-2.4,0,-12,16.9706,12
family,family_spellsteal,solver_default,2,skill_points_assigned,2,160,162.1,165.25,170.5,175.75,178.9,181,170.5,14.8492,10.5
family_class,family_spellsteal:assassin,solver_default,1,total_hp,1,13105,13105,13105,13105,13105,13105,13105,13105,0,0
family_class,family_spellsteal:assassin,solver_default,1,ehp,1,13105,13105,13105,13105,13105,13105,13105,13105,0,0
family_class,family_spellsteal:assassin,solver_default,1,ehp_no_agi,1,13105,13105,13105,13105,13105,13105,13105,13105,0,0
family_class,family_spellsteal:assassin,solver_default,1,hpr,1,0,0,0,0,0,0,0,0,0,0
family_class,family_spellsteal:assassin,solver_default,1,ehpr,1,0,0,0,0,0,0,0,0,0,0
family_class,family_spellsteal:assassin,solver_default,1,ls,1,0,0,0,0,0,0,0,0,0,0
family_class,family_spellsteal:assassin,solver_default,1,effective_ls,1,0,0,0,0,0,0,0,0,0,0
family_class,family_spellsteal:assassin,solver_default,1,mr,1,-15,-15,-15,-15,-15,-15,-15,-15,0,0
family_class,family_spellsteal:assassin,solver_default,1,total_mr,1,10,10,10,10,10,10,10,10,0,0
family_class,family_spellsteal:assassin,solver_default,1,ms,1,69,69,69,69,69,69,69,69,0,0
family_class,family_spellsteal:assassin,solver_default,1,mana_per_hit,1,45.098,45.098,45.098,45.098,45.098,45.098,45.098,45.098,0,0
family_class,family_spellsteal:assassin,solver_default,1,total_mana,1,153,153,153,153,153,153,153,153,0,0
family_class,family_spellsteal:assassin,solver_default,1,walk_speed,1,12,12,12,12,12,12,12,12,0,0
family_class,family_spellsteal:assassin,solver_default,1,attack_tier,1,0,0,0,0,0,0,0,0,0,0
family_class,family_spellsteal:assassin,solver_default,1,attacks_per_second,1,0.51,0.51,0.51,0.51,0.51,0.51,0.51,0.51,0,0
family_class,family_spellsteal:assassin,solver_default,1,poison,1,8500,8500,8500,8500,8500,8500,8500,8500,0,0
family_class,family_spellsteal:assassin,solver_default,1,main_attack_range_pct,1,0,0,0,0,0,0,0,0,0,0
family_class,family_spellsteal:assassin,solver_default,1,main_attack_range_blocks,1,1,1,1,1,1,1,1,1,0,0
family_class,family_spellsteal:assassin,solver_default,1,main_attack_dps,1,10757.0892,10757.0892,10757.0892,10757.0892,10757.0892,10757.0892,10757.0892,10757.0892,0,0
family_class,family_spellsteal:assassin,solver_default,1,spell_display_avg_max,1,23508.5487,23508.5487,23508.5487,23508.5487,23508.5487,23508.5487,23508.5487,23508.5487,0,0
family_class,family_spellsteal:assassin,solver_default,1,spell_display_avg_sum,1,50850.1613,50850.1613,50850.1613,50850.1613,50850.1613,50850.1613,50850.1613,50850.1613,0,0
family_class,family_spellsteal:assassin,solver_default,1,heal_pct,1,0,0,0,0,0,0,0,0,0,0
family_class,family_spellsteal:assassin,solver_default,1,skill_points_assigned,1,160,160,160,160,160,160,160,160,0,0
family,family_spellsteal,maximum,2,total_hp,2,13105,13305.5,13606.25,14107.5,14608.75,14909.5,15110,14107.5,1417.7491,1002.5
family,family_spellsteal,maximum,2,ehp,2,13105,15257.7794,18486.9485,23868.8971,29250.8456,32480.0147,34632.7941,23868.8971,15222.4492,10763.8971
family,family_spellsteal,maximum,2,ehp_no_agi,2,13105,15180.3412,18293.353,23481.7061,28670.0591,31783.0709,33858.4121,23481.7061,14674.8784,10376.7061
family,family_spellsteal,maximum,2,hpr,2,0,185.3,463.25,926.5,1389.75,1667.7,1853,926.5,1310.2689,926.5
family,family_spellsteal,maximum,2,ehpr,2,0,424.7159,1061.7897,2123.5794,3185.369,3822.4428,4247.1587,2123.5794,3003.1947,2123.5794
family,family_spellsteal,maximum,2,ls,2,-175,-157.5,-131.25,-87.5,-43.75,-17.5,0,-87.5,123.7437,87.5
family,family_spellsteal,maximum,2,effective_ls,2,-401.1078,-360.997,-300.8308,-200.5539,-100.2769,-40.1108,0,-200.5539,283.626,200.5539
family,family_spellsteal,maximum,2,mr,2,-15,-3.9,12.75,40.5,68.25,84.9,96,40.5,78.4889,55.5
family,family_spellsteal,maximum,2,total_mr,2,10,21.1,37.75,65.5,93.25,109.9,121,65.5,78.4889,55.5
family,family_spellsteal,maximum,2,ms,2,0,6.9,17.25,34.5,51.75,62.1,69,34.5,48.7904,34.5
family,family_spellsteal,maximum,2,mana_per_hit,2,0,4.5098,11.2745,22.549,33.8235,40.5882,45.098,22.549,31.8891,22.549
family,family_spellsteal,maximum,2,total_mana,2,153,165.6,184.5,216,247.5,266.4,279,216,89.0955,63
family,family_spellsteal,maximum,2,walk_speed,2,10,10.3,10.75,11.5,12.25,12.7,13,11.5,2.1213,1.5
family,family_spellsteal,maximum,2,attack_tier,2,0,0,0,0,0,0,0,0,0,0
family,family_spellsteal,maximum,2,attacks_per_second,2,0.51,0.664,0.895,1.28,1.665,1.896,2.05,1.28,1.0889,0.77
family,family_spellsteal,maximum,2,poison,2,0,850,2125,4250,6375,7650,8500,4250,6010.4076,4250
family,family_spellsteal,maximum,2,main_attack_range_pct,2,0,0,0,0,0,0,0,0,0,0
family,family_spellsteal,maximum,2,main_attack_range_blocks,2,1,1,1,1,1,1,1,1,0,0
family,family_spellsteal,maximum,2,main_attack_dps,2,1244.2208,2249.6744,3757.8549,6271.489,8785.123,10293.3035,11298.7571,6271.489,7109.6308,5027.2682
family,family_spellsteal,maximum,2,spell_display_avg_max,2,20636.9473,21070.2251,21720.1419,22803.3364,23886.531,24536.4477,24969.7255,22803.3364,3063.7368,2166.3891
family,family_spellsteal,maximum,2,spell_display_avg_sum,2,54050.4688,54672.6262,55605.8622,57161.2556,58716.6489,59649.885,60272.0423,57161.2556,4399.3168,3110.7867
family,family_spellsteal,maximum,2,heal_pct,2,-21,-18.9,-15.75,-10.5,-5.25,-2.1,0,-10.5,14.8492,10.5
family,family_spellsteal,maximum,2,skill_points_assigned,2,160,162.1,165.25,170.5,175.75,178.9,181,170.5,14.8492,10.5
family_class,family_spellsteal:assassin,maximum,1,total_hp,1,13105,13105,13105,13105,13105,13105,13105,13105,0,0
family_class,family_spellsteal:assassin,maximum,1,ehp,1,13105,13105,13105,13105,13105,13105,13105,13105,0,0
family_class,family_spellsteal:assassin,maximum,1,ehp_no_agi,1,13105,13105,13105,13105,13105,13105,13105,13105,0,0
family_class,family_spellsteal:assassin,maximum,1,hpr,1,0,0,0,0,0,0,0,0,0,0
family_class,family_spellsteal:assassin,maximum,1,ehpr,1,0,0,0,0,0,0,0,0,0,0
family_class,family_spellsteal:assassin,maximum,1,ls,1,0,0,0,0,0,0,0,0,0,0
family_class,family_spellsteal:assassin,maximum,1,effective_ls,1,0,0,0,0,0,0,0,0,0,0
family_class,family_spellsteal:assassin,maximum,1,mr,1,-15,-15,-15,-15,-15,-15,-15,-15,0,0
family_class,family_spellsteal:assassin,maximum,1,total_mr,1,10,10,10,10,10,10,10,10,0,0
family_class,family_spellsteal:assassin,maximum,1,ms,1,69,69,69,69,69,69,69,69,0,0
family_class,family_spellsteal:assassin,maximum,1,mana_per_hit,1,45.098,45.098,45.098,45.098,45.098,45.098,45.098,45.098,0,0
family_class,family_spellsteal:assassin,maximum,1,total_mana,1,153,153,153,153,153,153,153,153,0,0
family_class,family_spellsteal:assassin,maximum,1,walk_speed,1,13,13,13,13,13,13,13,13,0,0
family_class,family_spellsteal:assassin,maximum,1,attack_tier,1,0,0,0,0,0,0,0,0,0,0
family_class,family_spellsteal:assassin,maximum,1,attacks_per_second,1,0.51,0.51,0.51,0.51,0.51,0.51,0.51,0.51,0,0
family_class,family_spellsteal:assassin,maximum,1,poison,1,8500,8500,8500,8500,8500,8500,8500,8500,0,0
family_class,family_spellsteal:assassin,maximum,1,main_attack_range_pct,1,0,0,0,0,0,0,0,0,0,0
family_class,family_spellsteal:assassin,maximum,1,main_attack_range_blocks,1,1,1,1,1,1,1,1,1,0,0
family_class,family_spellsteal:assassin,maximum,1,main_attack_dps,1,11298.7571,11298.7571,11298.7571,11298.7571,11298.7571,11298.7571,11298.7571,11298.7571,0,0
family_class,family_spellsteal:assassin,maximum,1,spell_display_avg_max,1,24969.7255,24969.7255,24969.7255,24969.7255,24969.7255,24969.7255,24969.7255,24969.7255,0,0
family_class,family_spellsteal:assassin,maximum,1,spell_display_avg_sum,1,54050.4688,54050.4688,54050.4688,54050.4688,54050.4688,54050.4688,54050.4688,54050.4688,0,0
family_class,family_spellsteal:assassin,maximum,1,heal_pct,1,0,0,0,0,0,0,0,0,0,0
family_class,family_spellsteal:assassin,maximum,1,skill_points_assigned,1,160,160,160,160,160,160,160,160,0,0
family,family_heavy_melee,median,2,total_hp,2,14565,14914.5,15438.75,16312.5,17186.25,17710.5,18060,16312.5,2471.3382,1747.5
family,family_heavy_melee,median,2,ehp,2,22254.7149,25841.42,31221.4778,40188.2406,49155.0035,54535.0612,58121.7663,40188.2406,25361.8353,17933.5257
family,family_heavy_melee,median,2,ehp_no_agi,2,22254.7149,25841.42,31221.4778,40188.2406,49155.0035,54535.0612,58121.7663,40188.2406,25361.8353,17933.5257
family,family_heavy_melee,median,2,hpr,2,0,0,0,0,0,0,0,0,0,0
family,family_heavy_melee,median,2,ehpr,2,0,0,0,0,0,0,0,0,0,0
family,family_heavy_melee,median,2,ls,2,300,402,555,810,1065,1218,1320,810,721.2489,510
family,family_heavy_melee,median,2,effective_ls,2,458.3875,837.359,1405.8163,2353.245,3300.6738,3869.131,4248.1025,2353.245,2679.7332,1894.8575
family,family_heavy_melee,median,2,mr,2,-16,-13.8,-10.5,-5,0.5,3.8,6,-5,15.5563,11
family,family_heavy_melee,median,2,total_mr,2,9,11.2,14.5,20,25.5,28.8,31,20,15.5563,11
family,family_heavy_melee,median,2,ms,2,10,10.4,11,12,13,13.6,14,12,2.8284,2
family,family_heavy_melee,median,2,mana_per_hit,2,6.5359,6.7973,7.1895,7.8431,8.4967,8.8889,9.1503,7.8431,1.8487,1.3072
family,family_heavy_melee,median,2,total_mana,2,122,123.9,126.75,131.5,136.25,139.1,141,131.5,13.435,9.5
family,family_heavy_melee,median,2,walk_speed,2,-15,-13.3,-10.75,-6.5,-2.25,0.3,2,-6.5,12.0208,8.5
family,family_heavy_melee,median,2,attack_tier,2,-70,-67.9,-64.75,-59.5,-54.25,-51.1,-49,-59.5,14.8492,10.5
family,family_heavy_melee,median,2,attacks_per_second,2,0.51,0.51,0.51,0.51,0.51,0.51,0.51,0.51,0,0
family,family_heavy_melee,median,2,poison,2,50,981,2377.5,4705,7032.5,8429,9360,4705,6583.1641,4655
family,family_heavy_melee,median,2,main_attack_range_pct,2,24,27.2,32,40,48,52.8,56,40,22.6274,16
family,family_heavy_melee,median,2,main_attack_range_blocks,2,1.56,1.652,1.79,2.02,2.25,2.388,2.48,2.02,0.6505,0.46
family,family_heavy_melee,median,2,main_attack_dps,2,22262.8222,22541.7858,22960.2312,23657.6402,24355.0492,24773.4946,25052.4582,23657.6402,1972.5705,1394.818
family,family_heavy_melee,median,2,spell_display_avg_max,2,12604.8374,15798.4757,20588.9333,28573.0291,36557.125,41347.5825,44541.2208,28573.0291,22582.4333,15968.1917
family,family_heavy_melee,median,2,spell_display_avg_sum,2,28298.1054,32661.9634,39207.7505,50117.3956,61027.0407,67572.8278,71936.6858,50117.3956,30857.1361,21819.2902
family,family_heavy_melee,median,2,heal_pct,2,-6,-5.4,-4.5,-3,-1.5,-0.6,0,-3,4.2426,3
family,family_heavy_melee,median,2,skill_points_assigned,2,197,197.3,197.75,198.5,199.25,199.7,200,198.5,2.1213,1.5
family_class,family_heavy_melee:assassin,median,1,total_hp,1,14565,14565,14565,14565,14565,14565,14565,14565,0,0
family_class,family_heavy_melee:assassin,median,1,ehp,1,22254.7149,22254.7149,22254.7149,22254.7149,22254.7149,22254.7149,22254.7149,22254.7149,0,0
family_class,family_heavy_melee:assassin,median,1,ehp_no_agi,1,22254.7149,22254.7149,22254.7149,22254.7149,22254.7149,22254.7149,22254.7149,22254.7149,0,0
family_class,family_heavy_melee:assassin,median,1,hpr,1,0,0,0,0,0,0,0,0,0,0
family_class,family_heavy_melee:assassin,median,1,ehpr,1,0,0,0,0,0,0,0,0,0,0
family_class,family_heavy_melee:assassin,median,1,ls,1,300,300,300,300,300,300,300,300,0,0
family_class,family_heavy_melee:assassin,median,1,effective_ls,1,458.3875,458.3875,458.3875,458.3875,458.3875,458.3875,458.3875,458.3875,0,0
family_class,family_heavy_melee:assassin,median,1,mr,1,6,6,6,6,6,6,6,6,0,0
family_class,family_heavy_melee:assassin,median,1,total_mr,1,31,31,31,31,31,31,31,31,0,0
family_class,family_heavy_melee:assassin,median,1,ms,1,14,14,14,14,14,14,14,14,0,0
family_class,family_heavy_melee:assassin,median,1,mana_per_hit,1,9.1503,9.1503,9.1503,9.1503,9.1503,9.1503,9.1503,9.1503,0,0
family_class,family_heavy_melee:assassin,median,1,total_mana,1,141,141,141,141,141,141,141,141,0,0
family_class,family_heavy_melee:assassin,median,1,walk_speed,1,-15,-15,-15,-15,-15,-15,-15,-15,0,0
family_class,family_heavy_melee:assassin,median,1,attack_tier,1,-70,-70,-70,-70,-70,-70,-70,-70,0,0
family_class,family_heavy_melee:assassin,median,1,attacks_per_second,1,0.51,0.51,0.51,0.51,0.51,0.51,0.51,0.51,0,0
family_class,family_heavy_melee:assassin,median,1,poison,1,50,50,50,50,50,50,50,50,0,0
family_class,family_heavy_melee:assassin,median,1,main_attack_range_pct,1,56,56,56,56,56,56,56,56,0,0
family_class,family_heavy_melee:assassin,median,1,main_attack_range_blocks,1,1.56,1.56,1.56,1.56,1.56,1.56,1.56,1.56,0,0
family_class,family_heavy_melee:assassin,median,1,main_attack_dps,1,25052.4582,25052.4582,25052.4582,25052.4582,25052.4582,25052.4582,25052.4582,25052.4582,0,0
family_class,family_heavy_melee:assassin,median,1,spell_display_avg_max,1,12604.8374,12604.8374,12604.8374,12604.8374,12604.8374,12604.8374,12604.8374,12604.8374,0,0
family_class,family_heavy_melee:assassin,median,1,spell_display_avg_sum,1,28298.1054,28298.1054,28298.1054,28298.1054,28298.1054,28298.1054,28298.1054,28298.1054,0,0
family_class,family_heavy_melee:assassin,median,1,heal_pct,1,-6,-6,-6,-6,-6,-6,-6,-6,0,0
family_class,family_heavy_melee:assassin,median,1,skill_points_assigned,1,197,197,197,197,197,197,197,197,0,0
family,family_heavy_melee,upper_quartile_proxy,2,total_hp,2,14565,14914.5,15438.75,16312.5,17186.25,17710.5,18060,16312.5,2471.3382,1747.5
family,family_heavy_melee,upper_quartile_proxy,2,ehp,2,22254.7149,25841.42,31221.4778,40188.2406,49155.0035,54535.0612,58121.7663,40188.2406,25361.8353,17933.5257
family,family_heavy_melee,upper_quartile_proxy,2,ehp_no_agi,2,22254.7149,25841.42,31221.4778,40188.2406,49155.0035,54535.0612,58121.7663,40188.2406,25361.8353,17933.5257
family,family_heavy_melee,upper_quartile_proxy,2,hpr,2,0,0,0,0,0,0,0,0,0,0
family,family_heavy_melee,upper_quartile_proxy,2,ehpr,2,0,0,0,0,0,0,0,0,0,0
family,family_heavy_melee,upper_quartile_proxy,2,ls,2,330,470.3,680.75,1031.5,1382.25,1592.7,1733,1031.5,992.0708,701.5
family,family_heavy_melee,upper_quartile_proxy,2,effective_ls,2,504.2263,1011.528,1772.4807,3040.735,4308.9894,5069.942,5577.2437,3040.735,3587.165,2536.5087
family,family_heavy_melee,upper_quartile_proxy,2,mr,2,-14,-11.8,-8.5,-3,2.5,5.8,8,-3,15.5563,11
family,family_heavy_melee,upper_quartile_proxy,2,total_mr,2,11,13.2,16.5,22,27.5,30.8,33,22,15.5563,11
family,family_heavy_melee,upper_quartile_proxy,2,ms,2,13,13.5,14.25,15.5,16.75,17.5,18,15.5,3.5355,2.5
family,family_heavy_melee,upper_quartile_proxy,2,mana_per_hit,2,8.4967,8.8235,9.3137,10.1307,10.9477,11.4379,11.7647,10.1307,2.3108,1.634
family,family_heavy_melee,upper_quartile_proxy,2,total_mana,2,130,131.5,133.75,137.5,141.25,143.5,145,137.5,10.6066,7.5
family,family_heavy_melee,upper_quartile_proxy,2,walk_speed,2,-15,-13,-10,-5,0,3,5,-5,14.1421,10
family,family_heavy_melee,upper_quartile_proxy,2,attack_tier,2,-70,-67.9,-64.75,-59.5,-54.25,-51.1,-49,-59.5,14.8492,10.5
family,family_heavy_melee,upper_quartile_proxy,2,attacks_per_second,2,0.51,0.51,0.51,0.51,0.51,0.51,0.51,0.51,0,0
family,family_heavy_melee,upper_quartile_proxy,2,poison,2,50,1273.5,3108.75,6167.5,9226.25,11061.5,12285,6167.5,8651.4515,6117.5
family,family_heavy_melee,upper_quartile_proxy,2,main_attack_range_pct,2,32,35,39.5,47,54.5,59,62,47,21.2132,15
family,family_heavy_melee,upper_quartile_proxy,2,main_attack_range_blocks,2,1.62,1.722,1.875,2.13,2.385,2.538,2.64,2.13,0.7212,0.51
family,family_heavy_melee,upper_quartile_proxy,2,main_attack_dps,2,27382.202,27472.9085,27608.9682,27835.7344,28062.5006,28198.5603,28289.2668,27835.7344,641.3917,453.5324
family,family_heavy_melee,upper_quartile_proxy,2,spell_display_avg_max,2,13708.6904,17207.7162,22456.2548,31203.8192,39951.3836,45199.9222,48698.948,31203.8192,24741.8484,17495.1288
family,family_heavy_melee,upper_quartile_proxy,2,spell_display_avg_sum,2,30716.7742,35507.8196,42694.3876,54672.001,66649.6144,73836.1824,78627.2278,54672.001,33877.8066,23955.2268
family,family_heavy_melee,upper_quartile_proxy,2,heal_pct,2,-5,-4.5,-3.75,-2.5,-1.25,-0.5,0,-2.5,3.5355,2.5
family,family_heavy_melee,upper_quartile_proxy,2,skill_points_assigned,2,197,197.3,197.75,198.5,199.25,199.7,200,198.5,2.1213,1.5
family_class,family_heavy_melee:assassin,upper_quartile_proxy,1,total_hp,1,14565,14565,14565,14565,14565,14565,14565,14565,0,0
family_class,family_heavy_melee:assassin,upper_quartile_proxy,1,ehp,1,22254.7149,22254.7149,22254.7149,22254.7149,22254.7149,22254.7149,22254.7149,22254.7149,0,0
family_class,family_heavy_melee:assassin,upper_quartile_proxy,1,ehp_no_agi,1,22254.7149,22254.7149,22254.7149,22254.7149,22254.7149,22254.7149,22254.7149,22254.7149,0,0
family_class,family_heavy_melee:assassin,upper_quartile_proxy,1,hpr,1,0,0,0,0,0,0,0,0,0,0
family_class,family_heavy_melee:assassin,upper_quartile_proxy,1,ehpr,1,0,0,0,0,0,0,0,0,0,0
family_class,family_heavy_melee:assassin,upper_quartile_proxy,1,ls,1,330,330,330,330,330,330,330,330,0,0
family_class,family_heavy_melee:assassin,upper_quartile_proxy,1,effective_ls,1,504.2263,504.2263,504.2263,504.2263,504.2263,504.2263,504.2263,504.2263,0,0
family_class,family_heavy_melee:assassin,upper_quartile_proxy,1,mr,1,8,8,8,8,8,8,8,8,0,0
family_class,family_heavy_melee:assassin,upper_quartile_proxy,1,total_mr,1,33,33,33,33,33,33,33,33,0,0
family_class,family_heavy_melee:assassin,upper_quartile_proxy,1,ms,1,18,18,18,18,18,18,18,18,0,0
family_class,family_heavy_melee:assassin,upper_quartile_proxy,1,mana_per_hit,1,11.7647,11.7647,11.7647,11.7647,11.7647,11.7647,11.7647,11.7647,0,0
family_class,family_heavy_melee:assassin,upper_quartile_proxy,1,total_mana,1,145,145,145,145,145,145,145,145,0,0
family_class,family_heavy_melee:assassin,upper_quartile_proxy,1,walk_speed,1,-15,-15,-15,-15,-15,-15,-15,-15,0,0
family_class,family_heavy_melee:assassin,upper_quartile_proxy,1,attack_tier,1,-70,-70,-70,-70,-70,-70,-70,-70,0,0
family_class,family_heavy_melee:assassin,upper_quartile_proxy,1,attacks_per_second,1,0.51,0.51,0.51,0.51,0.51,0.51,0.51,0.51,0,0
family_class,family_heavy_melee:assassin,upper_quartile_proxy,1,poison,1,50,50,50,50,50,50,50,50,0,0
family_class,family_heavy_melee:assassin,upper_quartile_proxy,1,main_attack_range_pct,1,62,62,62,62,62,62,62,62,0,0
family_class,family_heavy_melee:assassin,upper_quartile_proxy,1,main_attack_range_blocks,1,1.62,1.62,1.62,1.62,1.62,1.62,1.62,1.62,0,0
family_class,family_heavy_melee:assassin,upper_quartile_proxy,1,main_attack_dps,1,28289.2668,28289.2668,28289.2668,28289.2668,28289.2668,28289.2668,28289.2668,28289.2668,0,0
family_class,family_heavy_melee:assassin,upper_quartile_proxy,1,spell_display_avg_max,1,13708.6904,13708.6904,13708.6904,13708.6904,13708.6904,13708.6904,13708.6904,13708.6904,0,0
family_class,family_heavy_melee:assassin,upper_quartile_proxy,1,spell_display_avg_sum,1,30716.7742,30716.7742,30716.7742,30716.7742,30716.7742,30716.7742,30716.7742,30716.7742,0,0
family_class,family_heavy_melee:assassin,upper_quartile_proxy,1,heal_pct,1,-5,-5,-5,-5,-5,-5,-5,-5,0,0
family_class,family_heavy_melee:assassin,upper_quartile_proxy,1,skill_points_assigned,1,197,197,197,197,197,197,197,197,0,0
family,family_heavy_melee,solver_default,2,total_hp,2,14565,14914.5,15438.75,16312.5,17186.25,17710.5,18060,16312.5,2471.3382,1747.5
family,family_heavy_melee,solver_default,2,ehp,2,22254.7149,25841.42,31221.4778,40188.2406,49155.0035,54535.0612,58121.7663,40188.2406,25361.8353,17933.5257
family,family_heavy_melee,solver_default,2,ehp_no_agi,2,22254.7149,25841.42,31221.4778,40188.2406,49155.0035,54535.0612,58121.7663,40188.2406,25361.8353,17933.5257
family,family_heavy_melee,solver_default,2,hpr,2,0,0,0,0,0,0,0,0,0,0
family,family_heavy_melee,solver_default,2,ehpr,2,0,0,0,0,0,0,0,0,0,0
family,family_heavy_melee,solver_default,2,ls,2,342,497.6,731,1120,1509,1742.4,1898,1120,1100.2582,778
family,family_heavy_melee,solver_default,2,effective_ls,2,522.5618,1081.1313,1918.9855,3315.4092,4711.8328,5549.687,6108.2565,3315.4092,3949.6826,2792.8474
family,family_heavy_melee,solver_default,2,mr,2,-12,-9.8,-6.5,-1,4.5,7.8,10,-1,15.5563,11
family,family_heavy_melee,solver_default,2,total_mr,2,13,15.2,18.5,24,29.5,32.8,35,24,15.5563,11
family,family_heavy_melee,solver_default,2,ms,2,16,16.6,17.5,19,20.5,21.4,22,19,4.2426,3
family,family_heavy_melee,solver_default,2,mana_per_hit,2,10.4575,10.8497,11.4379,12.4183,13.3987,13.9869,14.3791,12.4183,2.773,1.9608
family,family_heavy_melee,solver_default,2,total_mana,2,136,137.2,139,142,145,146.8,148,142,8.4853,6
family,family_heavy_melee,solver_default,2,walk_speed,2,-15,-12.9,-9.75,-4.5,0.75,3.9,6,-4.5,14.8492,10.5
family,family_heavy_melee,solver_default,2,attack_tier,2,-70,-67.9,-64.75,-59.5,-54.25,-51.1,-49,-59.5,14.8492,10.5
family,family_heavy_melee,solver_default,2,attacks_per_second,2,0.51,0.51,0.51,0.51,0.51,0.51,0.51,0.51,0,0
family,family_heavy_melee,solver_default,2,poison,2,50,1390.5,3401.25,6752.5,10103.75,12114.5,13455,6752.5,9478.7664,6702.5
family,family_heavy_melee,solver_default,2,main_attack_range_pct,2,35,37.9,42.25,49.5,56.75,61.1,64,49.5,20.5061,14.5
family,family_heavy_melee,solver_default,2,main_attack_range_blocks,2,1.64,1.746,1.905,2.17,2.435,2.594,2.7,2.17,0.7495,0.53
family,family_heavy_melee,solver_default,2,main_attack_dps,2,29486.6806,29495.3013,29508.2324,29529.7841,29551.3359,29564.2669,29572.8876,29529.7841,60.9576,43.1035
family,family_heavy_melee,solver_default,2,spell_display_avg_max,2,14111.4565,17766.6355,23249.4039,32387.3513,41525.2986,47008.0671,50663.246,32387.3513,25846.0182,18275.8948
family,family_heavy_melee,solver_default,2,spell_display_avg_sum,2,31602.0495,36620.0402,44147.0261,56692.0028,69236.9794,76763.9654,81781.956,56692.0028,35482.5522,25089.9533
family,family_heavy_melee,solver_default,2,heal_pct,2,-5,-4.5,-3.75,-2.5,-1.25,-0.5,0,-2.5,3.5355,2.5
family,family_heavy_melee,solver_default,2,skill_points_assigned,2,197,197.3,197.75,198.5,199.25,199.7,200,198.5,2.1213,1.5
family_class,family_heavy_melee:assassin,solver_default,1,total_hp,1,14565,14565,14565,14565,14565,14565,14565,14565,0,0
family_class,family_heavy_melee:assassin,solver_default,1,ehp,1,22254.7149,22254.7149,22254.7149,22254.7149,22254.7149,22254.7149,22254.7149,22254.7149,0,0
family_class,family_heavy_melee:assassin,solver_default,1,ehp_no_agi,1,22254.7149,22254.7149,22254.7149,22254.7149,22254.7149,22254.7149,22254.7149,22254.7149,0,0
family_class,family_heavy_melee:assassin,solver_default,1,hpr,1,0,0,0,0,0,0,0,0,0,0
family_class,family_heavy_melee:assassin,solver_default,1,ehpr,1,0,0,0,0,0,0,0,0,0,0
family_class,family_heavy_melee:assassin,solver_default,1,ls,1,342,342,342,342,342,342,342,342,0,0
family_class,family_heavy_melee:assassin,solver_default,1,effective_ls,1,522.5618,522.5618,522.5618,522.5618,522.5618,522.5618,522.5618,522.5618,0,0
family_class,family_heavy_melee:assassin,solver_default,1,mr,1,10,10,10,10,10,10,10,10,0,0
family_class,family_heavy_melee:assassin,solver_default,1,total_mr,1,35,35,35,35,35,35,35,35,0,0
family_class,family_heavy_melee:assassin,solver_default,1,ms,1,22,22,22,22,22,22,22,22,0,0
family_class,family_heavy_melee:assassin,solver_default,1,mana_per_hit,1,14.3791,14.3791,14.3791,14.3791,14.3791,14.3791,14.3791,14.3791,0,0
family_class,family_heavy_melee:assassin,solver_default,1,total_mana,1,148,148,148,148,148,148,148,148,0,0
family_class,family_heavy_melee:assassin,solver_default,1,walk_speed,1,-15,-15,-15,-15,-15,-15,-15,-15,0,0
family_class,family_heavy_melee:assassin,solver_default,1,attack_tier,1,-70,-70,-70,-70,-70,-70,-70,-70,0,0
family_class,family_heavy_melee:assassin,solver_default,1,attacks_per_second,1,0.51,0.51,0.51,0.51,0.51,0.51,0.51,0.51,0,0
family_class,family_heavy_melee:assassin,solver_default,1,poison,1,50,50,50,50,50,50,50,50,0,0
family_class,family_heavy_melee:assassin,solver_default,1,main_attack_range_pct,1,64,64,64,64,64,64,64,64,0,0
family_class,family_heavy_melee:assassin,solver_default,1,main_attack_range_blocks,1,1.64,1.64,1.64,1.64,1.64,1.64,1.64,1.64,0,0
family_class,family_heavy_melee:assassin,solver_default,1,main_attack_dps,1,29572.8876,29572.8876,29572.8876,29572.8876,29572.8876,29572.8876,29572.8876,29572.8876,0,0
family_class,family_heavy_melee:assassin,solver_default,1,spell_display_avg_max,1,14111.4565,14111.4565,14111.4565,14111.4565,14111.4565,14111.4565,14111.4565,14111.4565,0,0
family_class,family_heavy_melee:assassin,solver_default,1,spell_display_avg_sum,1,31602.0495,31602.0495,31602.0495,31602.0495,31602.0495,31602.0495,31602.0495,31602.0495,0,0
family_class,family_heavy_melee:assassin,solver_default,1,heal_pct,1,-5,-5,-5,-5,-5,-5,-5,-5,0,0
family_class,family_heavy_melee:assassin,solver_default,1,skill_points_assigned,1,197,197,197,197,197,197,197,197,0,0
family,family_heavy_melee,maximum,2,total_hp,2,14565,14914.5,15438.75,16312.5,17186.25,17710.5,18060,16312.5,2471.3382,1747.5
family,family_heavy_melee,maximum,2,ehp,2,22254.7149,25841.42,31221.4778,40188.2406,49155.0035,54535.0612,58121.7663,40188.2406,25361.8353,17933.5257
family,family_heavy_melee,maximum,2,ehp_no_agi,2,22254.7149,25841.42,31221.4778,40188.2406,49155.0035,54535.0612,58121.7663,40188.2406,25361.8353,17933.5257
family,family_heavy_melee,maximum,2,hpr,2,0,0,0,0,0,0,0,0,0,0
family,family_heavy_melee,maximum,2,ehpr,2,0,0,0,0,0,0,0,0,0,0
family,family_heavy_melee,maximum,2,ls,2,360,538.5,806.25,1252.5,1698.75,1966.5,2145,1252.5,1262.1856,892.5
family,family_heavy_melee,maximum,2,effective_ls,2,550.065,1185.3752,2138.3404,3726.6158,5314.8912,6267.8564,6903.1666,3726.6158,4492.3212,3176.5508
family,family_heavy_melee,maximum,2,mr,2,-12,-9.8,-6.5,-1,4.5,7.8,10,-1,15.5563,11
family,family_heavy_melee,maximum,2,total_mr,2,13,15.2,18.5,24,29.5,32.8,35,24,15.5563,11
family,family_heavy_melee,maximum,2,ms,2,16,16.6,17.5,19,20.5,21.4,22,19,4.2426,3
family,family_heavy_melee,maximum,2,mana_per_hit,2,10.4575,10.8497,11.4379,12.4183,13.3987,13.9869,14.3791,12.4183,2.773,1.9608
family,family_heavy_melee,maximum,2,total_mana,2,136,137.2,139,142,145,146.8,148,142,8.4853,6
family,family_heavy_melee,maximum,2,walk_speed,2,-15,-12.8,-9.5,-4,1.5,4.8,7,-4,15.5563,11
family,family_heavy_melee,maximum,2,attack_tier,2,-70,-67.9,-64.75,-59.5,-54.25,-51.1,-49,-59.5,14.8492,10.5
family,family_heavy_melee,maximum,2,attacks_per_second,2,0.51,0.51,0.51,0.51,0.51,0.51,0.51,0.51,0,0
family,family_heavy_melee,maximum,2,poison,2,50,1566,3840,7630,11420,13694,15210,7630,10719.7388,7580
family,family_heavy_melee,maximum,2,main_attack_range_pct,2,39,41.7,45.75,52.5,59.25,63.3,66,52.5,19.0919,13.5
family,family_heavy_melee,maximum,2,main_attack_range_blocks,2,1.66,1.772,1.94,2.22,2.5,2.668,2.78,2.22,0.792,0.56
family,family_heavy_melee,maximum,2,main_attack_dps,2,31535.0126,31639.0013,31794.9845,32054.9563,32314.9282,32470.9113,32574.9,32054.9563,735.3114,519.9437
family,family_heavy_melee,maximum,2,spell_display_avg_max,2,14780.3674,18629.072,24402.1288,34023.8902,43645.6516,49418.7084,53267.413,34023.8902,27214.4509,19243.5228
family,family_heavy_melee,maximum,2,spell_display_avg_sum,2,33072.9244,38362.0601,46295.7636,59518.6027,72741.4419,80675.1453,85964.281,59518.6027,37399.8369,26445.6783
family,family_heavy_melee,maximum,2,heal_pct,2,-4,-3.6,-3,-2,-1,-0.4,0,-2,2.8284,2
family,family_heavy_melee,maximum,2,skill_points_assigned,2,197,197.3,197.75,198.5,199.25,199.7,200,198.5,2.1213,1.5
family_class,family_heavy_melee:assassin,maximum,1,total_hp,1,14565,14565,14565,14565,14565,14565,14565,14565,0,0
family_class,family_heavy_melee:assassin,maximum,1,ehp,1,22254.7149,22254.7149,22254.7149,22254.7149,22254.7149,22254.7149,22254.7149,22254.7149,0,0
family_class,family_heavy_melee:assassin,maximum,1,ehp_no_agi,1,22254.7149,22254.7149,22254.7149,22254.7149,22254.7149,22254.7149,22254.7149,22254.7149,0,0
family_class,family_heavy_melee:assassin,maximum,1,hpr,1,0,0,0,0,0,0,0,0,0,0
family_class,family_heavy_melee:assassin,maximum,1,ehpr,1,0,0,0,0,0,0,0,0,0,0
family_class,family_heavy_melee:assassin,maximum,1,ls,1,360,360,360,360,360,360,360,360,0,0
family_class,family_heavy_melee:assassin,maximum,1,effective_ls,1,550.065,550.065,550.065,550.065,550.065,550.065,550.065,550.065,0,0
family_class,family_heavy_melee:assassin,maximum,1,mr,1,10,10,10,10,10,10,10,10,0,0
family_class,family_heavy_melee:assassin,maximum,1,total_mr,1,35,35,35,35,35,35,35,35,0,0
family_class,family_heavy_melee:assassin,maximum,1,ms,1,22,22,22,22,22,22,22,22,0,0
family_class,family_heavy_melee:assassin,maximum,1,mana_per_hit,1,14.3791,14.3791,14.3791,14.3791,14.3791,14.3791,14.3791,14.3791,0,0
family_class,family_heavy_melee:assassin,maximum,1,total_mana,1,148,148,148,148,148,148,148,148,0,0
family_class,family_heavy_melee:assassin,maximum,1,walk_speed,1,-15,-15,-15,-15,-15,-15,-15,-15,0,0
family_class,family_heavy_melee:assassin,maximum,1,attack_tier,1,-70,-70,-70,-70,-70,-70,-70,-70,0,0
family_class,family_heavy_melee:assassin,maximum,1,attacks_per_second,1,0.51,0.51,0.51,0.51,0.51,0.51,0.51,0.51,0,0
family_class,family_heavy_melee:assassin,maximum,1,poison,1,50,50,50,50,50,50,50,50,0,0
family_class,family_heavy_melee:assassin,maximum,1,main_attack_range_pct,1,66,66,66,66,66,66,66,66,0,0
family_class,family_heavy_melee:assassin,maximum,1,main_attack_range_blocks,1,1.66,1.66,1.66,1.66,1.66,1.66,1.66,1.66,0,0
family_class,family_heavy_melee:assassin,maximum,1,main_attack_dps,1,31535.0126,31535.0126,31535.0126,31535.0126,31535.0126,31535.0126,31535.0126,31535.0126,0,0
family_class,family_heavy_melee:assassin,maximum,1,spell_display_avg_max,1,14780.3674,14780.3674,14780.3674,14780.3674,14780.3674,14780.3674,14780.3674,14780.3674,0,0
family_class,family_heavy_melee:assassin,maximum,1,spell_display_avg_sum,1,33072.9244,33072.9244,33072.9244,33072.9244,33072.9244,33072.9244,33072.9244,33072.9244,0,0
family_class,family_heavy_melee:assassin,maximum,1,heal_pct,1,-4,-4,-4,-4,-4,-4,-4,-4,0,0
family_class,family_heavy_melee:assassin,maximum,1,skill_points_assigned,1,197,197,197,197,197,197,197,197,0,0
class,mage,median,16,total_hp,16,12510,12797.5,13686.75,14353,16685,19685,21985,15482.5,2858.9189,1487.5
class,mage,median,16,ehp,16,11210.2136,16526.9828,23415.5924,26792.0627,39281.1007,54737.6012,61133.1553,31753.6528,14887.472,5723.1766
class,mage,median,16,ehp_no_agi,16,11210.2136,11721.25,12623.6445,17316.6733,22639.7103,54737.6012,61133.1553,24059.3038,16873.798,4843.9778
class,mage,median,16,hpr,16,-1305,-959.21,-502.5375,-270.76,0,0,385.7,-338.3106,444.2031,270.76
class,mage,median,16,ehpr,16,-3523.3708,-2910.8291,-1043.2453,-419.5602,0,0,729.4125,-845.4232,1229.805,419.5602
class,mage,median,16,ls,16,-900,-437,0,217,436,816.5,1000,205.5625,507.7952,217
class,mage,median,16,effective_ls,16,-1527.6486,-752.1955,0,480.9771,1068.4502,1564.6349,1952.0343,464.3403,937.1312,496.7818
class,mage,median,16,mr,16,-33,-25,-14.25,1.5,11.25,18,27,-1.3125,17.3387,12.5
class,mage,median,16,total_mr,16,-8,0,10.75,26.5,36.25,43,52,23.6875,17.3387,12.5
class,mage,median,16,ms,16,-12,-5.5,4.5,13,24.5,40.5,61,16.4375,19.9699,12
class,mage,median,16,mana_per_hit,16,-7.8431,-3.3428,0.4839,2.6846,12.2222,16.0131,18.3007,5.0711,7.9545,4.3232
class,mage,median,16,total_mana,16,92,100,100,142.5,168.25,205,222,144.0625,42.955,37
class,mage,median,16,walk_speed,16,-86,-42,-33.25,-5,30,123.5,179,13.625,72.6681,29
class,mage,median,16,attack_tier,16,-8,-7.5,-1,0,0,0,0,-1.6875,3.0049,0
class,mage,median,16,attacks_per_second,16,0.51,0.51,0.51,1.165,2.65,3.1,4.3,1.5825,1.2434,0.655
class,mage,median,16,poison,16,0,0,0,0,0,2020,8472,782,2284.907,0
class,mage,median,16,main_attack_range_pct,16,-50,-15,0,0,0,4,9,-3.9375,14.8255,0
class,mage,median,16,main_attack_range_blocks,16,1,1.7,2,2.09,4,4,4.32,2.8063,1.1655,0.89
class,mage,median,16,main_attack_dps,16,378.1397,1030.3644,1525.0897,3269.0801,5288.1434,7367.0602,34862.1496,5357.4767,8174.1835,1748.5672
class,mage,median,16,spell_display_avg_max,16,11399.3696,14428.7814,26818.4759,36666.2874,74532.7915,112571.1984,148248.7998,53400.9805,40861.2989,20148.6163
class,mage,median,16,spell_display_avg_sum,16,25111.8952,32532.4832,39114.235,46127.9337,91496.1033,156846.1277,233023.693,75753.8094,59321.9556,15267.5778
class,mage,median,16,heal_pct,16,-49,-30,-16.5,0,0,31,51,-2.875,25.2847,16
class,mage,median,16,skill_points_assigned,16,131,149,169,181,190.5,196.5,198,176.375,19.9194,10.5
family_class,family_unclassified:mage,median,14,total_hp,14,12510,12762.5,13250,14685,17185,19975,21985,15690,3009.6262,1775
family_class,family_unclassified:mage,median,14,ehp,14,11210.2136,14701.506,24243.3383,26792.0627,40121.0404,55543.9972,61133.1553,32033.2747,15627.3743,5517.0939
family_class,family_unclassified:mage,median,14,ehp_no_agi,14,11210.2136,11809.156,13111.6093,17316.6733,24295.2022,55543.9972,61133.1553,25125.7664,17753.2302,4843.9778
family_class,family_unclassified:mage,median,14,hpr,14,-992.5,-842.382,-437.6925,-221.3,0,0,385.7,-280.4264,387.6871,221.3
family_class,family_unclassified:mage,median,14,ehpr,14,-3246.9749,-2154.435,-964.603,-395.111,0,0,729.4125,-694.5346,1069.7361,395.111
family_class,family_unclassified:mage,median,14,ls,14,-900,-502.2,0,153.5,364,683.4,1000,142.1429,500.683,206.5
family_class,family_unclassified:mage,median,14,effective_ls,14,-1527.6486,-769.837,0,406.7237,733.6132,1576.1041,1952.0343,357.4284,952.6072,406.7237
family_class,family_unclassified:mage,median,14,mr,14,-33,-26.2,-13,4,11.75,18.8,27,-0.5,18.2662,11.5
family_class,family_unclassified:mage,median,14,total_mr,14,-8,-1.2,12,29,36.75,43.8,52,24.5,18.2662,11.5
family_class,family_unclassified:mage,median,14,ms,14,-12,-6.9,6.5,13,25.25,45.5,61,17.0714,20.8455,11.5
family_class,family_unclassified:mage,median,14,mana_per_hit,14,-7.8431,-4.3586,0.7527,3.162,13.1112,16.4053,18.3007,5.6627,8.3582,6.6485
family_class,family_unclassified:mage,median,14,total_mana,14,92,100,102.75,142.5,170.75,207.4,222,145.6429,44.0447,37
family_class,family_unclassified:mage,median,14,walk_speed,14,-86,-45.2,-33.75,-5,21.75,69.1,179,5.0714,64.6118,29
family_class,family_unclassified:mage,median,14,attack_tier,14,-8,-7.7,-1,0,0,0,0,-1.8571,3.1831,0
family_class,family_unclassified:mage,median,14,attacks_per_second,14,0.51,0.51,0.51,0.83,1.5,3.1,3.1,1.3229,1.0385,0.32
family_class,family_unclassified:mage,median,14,poison,14,0,0,0,0,0,0,4040,288.5714,1079.7354,0
family_class,family_unclassified:mage,median,14,main_attack_range_pct,14,-50,-21,0,0,0,5.6,9,-4.5,15.8393,0
family_class,family_unclassified:mage,median,14,main_attack_range_blocks,14,1,1.58,2,2.09,4,4,4.32,2.7786,1.1861,0.89
family_class,family_unclassified:mage,median,14,main_attack_dps,14,378.1397,1016.2391,1515.9361,2677.8216,4623.0601,6648.2265,8005.78,3354.7363,2376.6457,1389.3031
family_class,family_unclassified:mage,median,14,spell_display_avg_max,14,11399.3696,14276.5382,21090.1272,36666.2874,75585.2737,114133.9737,148248.7998,54773.1124,43500.2497,22237.506
family_class,family_unclassified:mage,median,14,spell_display_avg_sum,14,25111.8952,32220.3097,38925.5486,46127.9337,93206.3928,166189.729,233023.693,78319.5027,62943.6956,15267.5778
family_class,family_unclassified:mage,median,14,heal_pct,14,-49,-26.4,-16,0,0,34.6,51,-1.1429,26.0232,16
family_class,family_unclassified:mage,median,14,skill_points_assigned,14,131,147.8,165.25,181,190,194.8,197,175.2143,20.4495,10
archetype,Light Bender,median,5,total_hp,5,12710,13550,14810,16435,17435,18350,18960,16070,2409.6551,1625
archetype,Light Bender,median,5,ehp,5,21811.9643,23136.3578,25122.9481,25138.3062,32846.1521,44771.4276,52721.6113,31528.1964,12521.5905,3326.3419
archetype,Light Bender,median,5,ehp_no_agi,5,12774.5934,14696.0913,17578.3381,21811.9643,25122.9481,41682.146,52721.6113,26001.891,15638.0076,4233.6262
archetype,Light Bender,median,5,hpr,5,-925.92,-814.536,-647.46,-454.23,-388.08,-383.712,-380.8,-559.298,231.5171,73.43
archetype,Light Bender,median,5,ehpr,5,-2574.6832,-2014.3522,-1173.8558,-859.2865,-646.3651,-594.0681,-559.2035,-1162.6788,824.1193,300.083
archetype,Light Bender,median,5,ls,5,-900,-780,-600,-274,352,562,702,-144,662.9676,626
archetype,Light Bender,median,5,effective_ls,5,-1527.6486,-1235.1089,-796.2993,-708.0917,507.2141,1374.1062,1952.0343,-114.5582,1366.6824,819.5569
archetype,Light Bender,median,5,mr,5,-22,-19.2,-15,5,16,18.4,20,0.8,18.6199,15
archetype,Light Bender,median,5,total_mr,5,3,5.8,10,30,41,43.4,45,25.8,18.6199,15
archetype,Light Bender,median,5,ms,5,12,12.8,14,21,53,57.8,61,32.2,23.0586,9
archetype,Light Bender,median,5,mana_per_hit,5,2.2581,2.5993,3.1111,7.8431,11.7778,12.8445,13.5556,7.7091,5.0401,4.732
archetype,Light Bender,median,5,total_mana,5,100,100,100,167,199,206.2,211,155.4,53.0688,44
archetype,Light Bender,median,5,walk_speed,5,-34,-33.6,-33,-7,27,60,82,7,48.7391,27
archetype,Light Bender,median,5,attack_tier,5,-8,-4.8,0,0,0,0,0,-1.6,3.5777,0
archetype,Light Bender,median,5,attacks_per_second,5,0.51,0.906,1.5,1.5,1.5,2.46,3.1,1.622,0.9308,0
archetype,Light Bender,median,5,poison,5,0,0,0,0,0,2424,4040,808,1806.7429,0
archetype,Light Bender,median,5,main_attack_range_pct,5,0,0,0,0,0,4.8,8,1.6,3.5777,0
archetype,Light Bender,median,5,main_attack_range_blocks,5,4,4,4,4,4,4.192,4.32,4.064,0.1431,0
archetype,Light Bender,median,5,main_attack_dps,5,995.0511,1023.3017,1065.6777,1529.6665,2818.0466,3359.2867,3720.1135,2025.7111,1196.7434,534.6154
archetype,Light Bender,median,5,spell_display_avg_max,5,11399.3696,12458.8911,14048.1734,14809.3894,18225.9528,51694.3114,74006.5504,26497.8871,26669.6436,3410.0198
archetype,Light Bender,median,5,spell_display_avg_sum,5,25111.8952,27767.9569,31752.0494,33312.917,44383.2343,74190.2162,94061.5375,45724.3267,27894.5534,8201.0218
archetype,Light Bender,median,5,heal_pct,5,-18,-17.2,-16,22,40,46.6,51,15.8,31.6891,29
archetype,Light Bender,median,5,skill_points_assigned,5,163,166.6,172,174,192,194.4,196,179.4,14.0285,11
archetype_class,Light Bender:mage,median,5,total_hp,5,12710,13550,14810,16435,17435,18350,18960,16070,2409.6551,1625
archetype_class,Light Bender:mage,median,5,ehp,5,21811.9643,23136.3578,25122.9481,25138.3062,32846.1521,44771.4276,52721.6113,31528.1964,12521.5905,3326.3419
archetype_class,Light Bender:mage,median,5,ehp_no_agi,5,12774.5934,14696.0913,17578.3381,21811.9643,25122.9481,41682.146,52721.6113,26001.891,15638.0076,4233.6262
archetype_class,Light Bender:mage,median,5,hpr,5,-925.92,-814.536,-647.46,-454.23,-388.08,-383.712,-380.8,-559.298,231.5171,73.43
archetype_class,Light Bender:mage,median,5,ehpr,5,-2574.6832,-2014.3522,-1173.8558,-859.2865,-646.3651,-594.0681,-559.2035,-1162.6788,824.1193,300.083
archetype_class,Light Bender:mage,median,5,ls,5,-900,-780,-600,-274,352,562,702,-144,662.9676,626
archetype_class,Light Bender:mage,median,5,effective_ls,5,-1527.6486,-1235.1089,-796.2993,-708.0917,507.2141,1374.1062,1952.0343,-114.5582,1366.6824,819.5569
archetype_class,Light Bender:mage,median,5,mr,5,-22,-19.2,-15,5,16,18.4,20,0.8,18.6199,15
archetype_class,Light Bender:mage,median,5,total_mr,5,3,5.8,10,30,41,43.4,45,25.8,18.6199,15
archetype_class,Light Bender:mage,median,5,ms,5,12,12.8,14,21,53,57.8,61,32.2,23.0586,9
archetype_class,Light Bender:mage,median,5,mana_per_hit,5,2.2581,2.5993,3.1111,7.8431,11.7778,12.8445,13.5556,7.7091,5.0401,4.732
archetype_class,Light Bender:mage,median,5,total_mana,5,100,100,100,167,199,206.2,211,155.4,53.0688,44
archetype_class,Light Bender:mage,median,5,walk_speed,5,-34,-33.6,-33,-7,27,60,82,7,48.7391,27
archetype_class,Light Bender:mage,median,5,attack_tier,5,-8,-4.8,0,0,0,0,0,-1.6,3.5777,0
archetype_class,Light Bender:mage,median,5,attacks_per_second,5,0.51,0.906,1.5,1.5,1.5,2.46,3.1,1.622,0.9308,0
archetype_class,Light Bender:mage,median,5,poison,5,0,0,0,0,0,2424,4040,808,1806.7429,0
archetype_class,Light Bender:mage,median,5,main_attack_range_pct,5,0,0,0,0,0,4.8,8,1.6,3.5777,0
archetype_class,Light Bender:mage,median,5,main_attack_range_blocks,5,4,4,4,4,4,4.192,4.32,4.064,0.1431,0
archetype_class,Light Bender:mage,median,5,main_attack_dps,5,995.0511,1023.3017,1065.6777,1529.6665,2818.0466,3359.2867,3720.1135,2025.7111,1196.7434,534.6154
archetype_class,Light Bender:mage,median,5,spell_display_avg_max,5,11399.3696,12458.8911,14048.1734,14809.3894,18225.9528,51694.3114,74006.5504,26497.8871,26669.6436,3410.0198
archetype_class,Light Bender:mage,median,5,spell_display_avg_sum,5,25111.8952,27767.9569,31752.0494,33312.917,44383.2343,74190.2162,94061.5375,45724.3267,27894.5534,8201.0218
archetype_class,Light Bender:mage,median,5,heal_pct,5,-18,-17.2,-16,22,40,46.6,51,15.8,31.6891,29
archetype_class,Light Bender:mage,median,5,skill_points_assigned,5,163,166.6,172,174,192,194.4,196,179.4,14.0285,11
class,mage,upper_quartile_proxy,16,total_hp,16,12510,12945,13736.75,14375.5,16997.5,20435,22735,15735,3156.5345,1427.5
class,mage,upper_quartile_proxy,16,ehp,16,11210.2136,16526.9828,23415.5924,27616.0015,39372.2223,56823.108,63218.6621,32344.804,15559.8906,6362.7851
class,mage,upper_quartile_proxy,16,ehp_no_agi,16,11210.2136,11740,12623.6445,17658.9737,23090.0068,56823.108,63218.6621,24608.0418,17677.505,5186.2782
class,mage,upper_quartile_proxy,16,hpr,16,-726.4,-633.435,-366.87,-165.265,0,14.415,598.5,-196.4856,337.1817,165.265
class,mage,upper_quartile_proxy,16,ehpr,16,-1988.9061,-1882.9032,-741.7489,-337.2921,0,30.0261,1131.847,-484.6462,836.6827,340.5872
class,mage,upper_quartile_proxy,16,ls,16,-765,-371.5,0,375.5,572.5,1176,1405,354.5,601.4924,375.5
class,mage,upper_quartile_proxy,16,effective_ls,16,-1298.5013,-639.4954,0,743.0089,1402.846,2196.7318,2908.5868,777.1412,1147.4129,743.0089
class,mage,upper_quartile_proxy,16,mr,16,-19,-18,-5.5,5,15.25,24,35,4.3125,16.0072,10.5
class,mage,upper_quartile_proxy,16,total_mr,16,6,7,19.5,30,40.25,49,60,29.3125,16.0072,10.5
class,mage,upper_quartile_proxy,16,ms,16,-10,1.5,9,19,31.25,53,80,23.3125,23.9213,12.5
class,mage,upper_quartile_proxy,16,mana_per_hit,16,-6.5359,0.5914,1.3496,3.6165,15.9118,19.0196,24.183,7.5602,8.9501,3.0251
class,mage,upper_quartile_proxy,16,total_mana,16,100,100,103.75,149,180.5,218,245,151.3125,47.8145,39
class,mage,upper_quartile_proxy,16,walk_speed,16,-66,-31.5,-24.25,1,41.75,160.5,224,28.4375,84.5088,29.5
class,mage,upper_quartile_proxy,16,attack_tier,16,-8,-7.5,-1,0,0,0,0,-1.6875,3.0049,0
class,mage,upper_quartile_proxy,16,attacks_per_second,16,0.51,0.51,0.51,1.165,2.65,3.1,4.3,1.5825,1.2434,0.655
class,mage,upper_quartile_proxy,16,poison,16,0,0,0,0,0,2651.5,8472,860.9375,2422.6319,0
class,mage,upper_quartile_proxy,16,main_attack_range_pct,16,-42,-12.5,0,0,0,5.5,11,-2.8125,12.9214,0
class,mage,upper_quartile_proxy,16,main_attack_range_blocks,16,1.16,1.75,2,2.11,4,4,4.44,2.8325,1.1509,0.78
class,mage,upper_quartile_proxy,16,main_attack_dps,16,391.7698,1303.8405,1797.3399,3798.6447,5940.7408,7880.256,39659.127,6089.2355,9254.4058,2039.1505
class,mage,upper_quartile_proxy,16,spell_display_avg_max,16,13593.9878,17152.8893,31564.2678,40375.6453,86159.3955,131545.4066,171519.8356,61285.6502,47665.5145,21062.3103
class,mage,upper_quartile_proxy,16,spell_display_avg_sum,16,29952.9323,38638.141,44815.5547,52143.2416,106974.5971,184583.4303,265000.5016,86973.2762,68476.0238,17783.2959
class,mage,upper_quartile_proxy,16,heal_pct,16,-36,-25,-9,0,0,41,68,2.1875,27.1618,7
class,mage,upper_quartile_proxy,16,skill_points_assigned,16,131,149,169,181,190.5,196.5,198,176.375,19.9194,10.5
family_class,family_unclassified:mage,upper_quartile_proxy,14,total_hp,14,12510,12921,13400,14685,18122.5,20725,22735,15975.3571,3316.0086,1715
family_class,family_unclassified:mage,upper_quartile_proxy,14,ehp,14,11210.2136,14701.506,24247.1779,27616.0015,40440.8446,57629.504,63218.6621,32700.1978,16348.269,6156.7023
family_class,family_unclassified:mage,upper_quartile_proxy,14,ehp_no_agi,14,11210.2136,11809.156,13111.6093,17658.9737,25646.092,57629.504,63218.6621,25750.2169,18595.8456,5186.2782
family_class,family_unclassified:mage,upper_quartile_proxy,14,hpr,14,-715.26,-547.911,-307.995,-88.265,0,19.233,598.5,-161.6693,328.8427,160.65
family_class,family_unclassified:mage,upper_quartile_proxy,14,ehpr,14,-1988.9061,-1509.1751,-668.0782,-218.8657,0,39.4005,1131.847,-396.8771,791.8374,254.8322
family_class,family_unclassified:mage,upper_quartile_proxy,14,ls,14,-765,-426.9,0,258,477.75,984.5,1405,277.3571,583.2084,258
family_class,family_unclassified:mage,upper_quartile_proxy,14,effective_ls,14,-1298.5013,-654.439,0,630.5668,1185.7559,2179.1486,2908.5868,651.5409,1167.9463,633.9941
family_class,family_unclassified:mage,upper_quartile_proxy,14,mr,14,-19,-18,-6.5,6.5,15.75,24.4,35,5.2143,16.9714,12.5
family_class,family_unclassified:mage,upper_quartile_proxy,14,total_mr,14,6,7,18.5,31.5,40.75,49.4,60,30.2143,16.9714,12.5
family_class,family_unclassified:mage,upper_quartile_proxy,14,ms,14,-10,3,11,19,30.25,59.4,80,24.3571,24.7281,10.5
family_class,family_unclassified:mage,upper_quartile_proxy,14,mana_per_hit,14,-6.5359,1.1894,1.5385,4.32,17.0686,19.5163,24.183,8.463,9.2287,5.6178
family_class,family_unclassified:mage,upper_quartile_proxy,14,total_mana,14,100,100,107.5,149,181.5,219.2,245,153.9286,49.1066,39
family_class,family_unclassified:mage,upper_quartile_proxy,14,walk_speed,14,-66,-32.5,-26.75,1,30.5,89.4,224,18,72.6975,29.5
family_class,family_unclassified:mage,upper_quartile_proxy,14,attack_tier,14,-8,-7.7,-1,0,0,0,0,-1.8571,3.1831,0
family_class,family_unclassified:mage,upper_quartile_proxy,14,attacks_per_second,14,0.51,0.51,0.51,0.83,1.5,3.1,3.1,1.3229,1.0385,0.32
family_class,family_unclassified:mage,upper_quartile_proxy,14,poison,14,0,0,0,0,0,0,5303,378.7857,1417.2864,0
family_class,family_unclassified:mage,upper_quartile_proxy,14,main_attack_range_pct,14,-42,-17.5,0,0,0,7.7,11,-3.2143,13.8296,0
family_class,family_unclassified:mage,upper_quartile_proxy,14,main_attack_range_blocks,14,1.16,1.65,2,2.11,4,4,4.44,2.8086,1.1703,0.78
family_class,family_unclassified:mage,upper_quartile_proxy,14,main_attack_dps,14,391.7698,1282.2536,1721.6485,3192.2245,5321.3939,7268.7678,8380.4592,3791.8214,2509.2464,1671.4193
family_class,family_unclassified:mage,upper_quartile_proxy,14,spell_display_avg_max,14,13593.9878,16933.8544,24472.2182,40375.6453,88312.5221,131935.8552,171519.8356,63477.4143,50651.6128,23222.756
family_class,family_unclassified:mage,upper_quartile_proxy,14,spell_display_avg_sum,14,29952.9323,38364.1161,43943.6897,52143.2416,107929.2482,194258.1726,265000.5016,90745.7555,72471.2692,17783.2959
family_class,family_unclassified:mage,upper_quartile_proxy,14,heal_pct,14,-36,-22,-7,0,0,45.8,68,4.2857,28.0944,7
family_class,family_unclassified:mage,upper_quartile_proxy,14,skill_points_assigned,14,131,147.8,165.25,181,190,194.8,197,175.2143,20.4495,10
archetype,Light Bender,upper_quartile_proxy,5,total_hp,5,13205,13847,14810,16435,18685,19300,19710,16569,2681.9708,2250
archetype,Light Bender,upper_quartile_proxy,5,ehp,5,21811.9643,23142.5011,25138.3062,26924.1345,34125.3689,46534.4184,54807.1181,32561.3784,13226.3886,5112.1702
archetype,Light Bender,upper_quartile_proxy,5,ehp_no_agi,5,12774.5934,14969.9316,18262.939,21811.9643,26924.1345,43653.9247,54807.1181,26916.1499,16422.702,5112.1702
archetype,Light Bender,upper_quartile_proxy,5,hpr,5,-715.26,-644.868,-539.28,-309.4,-303.78,-227.43,-176.53,-408.85,215.5236,132.87
archetype,Light Bender,upper_quartile_proxy,5,ehpr,5,-1988.9061,-1479.6292,-715.7138,-525.1716,-456.2023,-445.1198,-437.7315,-824.7451,660.0201,87.4401
archetype,Light Bender,upper_quartile_proxy,5,ls,5,-765,-663,-510,-233,462,812.4,1046,0,742.828,532
archetype,Light Bender,upper_quartile_proxy,5,effective_ls,5,-1298.5013,-1049.8425,-676.8544,-602.1364,665.7185,2011.4395,2908.5868,199.3626,1674.1518,696.3649
archetype,Light Bender,upper_quartile_proxy,5,mr,5,-18,-13.6,-7,7,23,24.2,25,6,18.6815,16
archetype,Light Bender,upper_quartile_proxy,5,total_mr,5,7,11.4,18,32,48,49.2,50,31,18.6815,16
archetype,Light Bender,upper_quartile_proxy,5,ms,5,19,19,19,28,69,75.6,80,43,29.2489,9
archetype,Light Bender,upper_quartile_proxy,5,mana_per_hit,5,3.0108,3.4954,4.2222,12.4183,15.3333,16.8,17.7778,10.5525,6.6237,5.3595
archetype,Light Bender,upper_quartile_proxy,5,total_mana,5,100,100,100,180,215,218.6,221,163.2,59.7804,41
archetype,Light Bender,upper_quartile_proxy,5,walk_speed,5,-28,-26,-23,2,38,78.2,105,18.8,54.8151,30
archetype,Light Bender,upper_quartile_proxy,5,attack_tier,5,-8,-4.8,0,0,0,0,0,-1.6,3.5777,0
archetype,Light Bender,upper_quartile_proxy,5,attacks_per_second,5,0.51,0.906,1.5,1.5,1.5,2.46,3.1,1.622,0.9308,0
archetype,Light Bender,upper_quartile_proxy,5,poison,5,0,0,0,0,0,3181.8,5303,1060.6,2371.5737,0
archetype,Light Bender,upper_quartile_proxy,5,main_attack_range_pct,5,0,0,0,0,0,6.6,11,2.2,4.9193,0
archetype,Light Bender,upper_quartile_proxy,5,main_attack_range_blocks,5,4,4,4,4,4,4.264,4.44,4.088,0.1968,0
archetype,Light Bender,upper_quartile_proxy,5,main_attack_dps,5,1249.8733,1293.047,1357.8076,1835.1856,3316.9416,4045.806,4531.7156,2458.3047,1422.6707,585.3123
archetype,Light Bender,upper_quartile_proxy,5,spell_display_avg_max,5,13593.9878,14798.5135,16605.302,17700.4767,20926.1934,59420.1767,85082.8322,30781.7584,30468.2215,3225.7167
archetype,Light Bender,upper_quartile_proxy,5,spell_display_avg_sum,5,29952.9323,33152.9909,37953.0787,39323.2033,50953.6695,85425.412,108406.5737,53317.8915,31694.6468,9370.271
archetype,Light Bender,upper_quartile_proxy,5,heal_pct,5,-15,-11.8,-7,29,53,62,68,25.6,36.3015,36
archetype,Light Bender,upper_quartile_proxy,5,skill_points_assigned,5,163,166.6,172,174,192,194.4,196,179.4,14.0285,11
archetype_class,Light Bender:mage,upper_quartile_proxy,5,total_hp,5,13205,13847,14810,16435,18685,19300,19710,16569,2681.9708,2250
archetype_class,Light Bender:mage,upper_quartile_proxy,5,ehp,5,21811.9643,23142.5011,25138.3062,26924.1345,34125.3689,46534.4184,54807.1181,32561.3784,13226.3886,5112.1702
archetype_class,Light Bender:mage,upper_quartile_proxy,5,ehp_no_agi,5,12774.5934,14969.9316,18262.939,21811.9643,26924.1345,43653.9247,54807.1181,26916.1499,16422.702,5112.1702
archetype_class,Light Bender:mage,upper_quartile_proxy,5,hpr,5,-715.26,-644.868,-539.28,-309.4,-303.78,-227.43,-176.53,-408.85,215.5236,132.87
archetype_class,Light Bender:mage,upper_quartile_proxy,5,ehpr,5,-1988.9061,-1479.6292,-715.7138,-525.1716,-456.2023,-445.1198,-437.7315,-824.7451,660.0201,87.4401
archetype_class,Light Bender:mage,upper_quartile_proxy,5,ls,5,-765,-663,-510,-233,462,812.4,1046,0,742.828,532
archetype_class,Light Bender:mage,upper_quartile_proxy,5,effective_ls,5,-1298.5013,-1049.8425,-676.8544,-602.1364,665.7185,2011.4395,2908.5868,199.3626,1674.1518,696.3649
archetype_class,Light Bender:mage,upper_quartile_proxy,5,mr,5,-18,-13.6,-7,7,23,24.2,25,6,18.6815,16
archetype_class,Light Bender:mage,upper_quartile_proxy,5,total_mr,5,7,11.4,18,32,48,49.2,50,31,18.6815,16
archetype_class,Light Bender:mage,upper_quartile_proxy,5,ms,5,19,19,19,28,69,75.6,80,43,29.2489,9
archetype_class,Light Bender:mage,upper_quartile_proxy,5,mana_per_hit,5,3.0108,3.4954,4.2222,12.4183,15.3333,16.8,17.7778,10.5525,6.6237,5.3595
archetype_class,Light Bender:mage,upper_quartile_proxy,5,total_mana,5,100,100,100,180,215,218.6,221,163.2,59.7804,41
archetype_class,Light Bender:mage,upper_quartile_proxy,5,walk_speed,5,-28,-26,-23,2,38,78.2,105,18.8,54.8151,30
archetype_class,Light Bender:mage,upper_quartile_proxy,5,attack_tier,5,-8,-4.8,0,0,0,0,0,-1.6,3.5777,0
archetype_class,Light Bender:mage,upper_quartile_proxy,5,attacks_per_second,5,0.51,0.906,1.5,1.5,1.5,2.46,3.1,1.622,0.9308,0
archetype_class,Light Bender:mage,upper_quartile_proxy,5,poison,5,0,0,0,0,0,3181.8,5303,1060.6,2371.5737,0
archetype_class,Light Bender:mage,upper_quartile_proxy,5,main_attack_range_pct,5,0,0,0,0,0,6.6,11,2.2,4.9193,0
archetype_class,Light Bender:mage,upper_quartile_proxy,5,main_attack_range_blocks,5,4,4,4,4,4,4.264,4.44,4.088,0.1968,0
archetype_class,Light Bender:mage,upper_quartile_proxy,5,main_attack_dps,5,1249.8733,1293.047,1357.8076,1835.1856,3316.9416,4045.806,4531.7156,2458.3047,1422.6707,585.3123
archetype_class,Light Bender:mage,upper_quartile_proxy,5,spell_display_avg_max,5,13593.9878,14798.5135,16605.302,17700.4767,20926.1934,59420.1767,85082.8322,30781.7584,30468.2215,3225.7167
archetype_class,Light Bender:mage,upper_quartile_proxy,5,spell_display_avg_sum,5,29952.9323,33152.9909,37953.0787,39323.2033,50953.6695,85425.412,108406.5737,53317.8915,31694.6468,9370.271
archetype_class,Light Bender:mage,upper_quartile_proxy,5,heal_pct,5,-15,-11.8,-7,29,53,62,68,25.6,36.3015,36
archetype_class,Light Bender:mage,upper_quartile_proxy,5,skill_points_assigned,5,163,166.6,172,174,192,194.4,196,179.4,14.0285,11
class,mage,solver_default,16,total_hp,16,12510,12945,13786.25,14384.5,17122.5,20735,23035,15836,3282.1182,1427.5
class,mage,solver_default,16,ehp,16,11210.2136,16526.9828,23415.5924,27976.2388,39408.6709,57657.3107,64052.8648,32581.2645,15835.4251,6618.6284
class,mage,solver_default,16,ehp_no_agi,16,11210.2136,11747.5,12623.6445,17795.8939,23270.1255,57657.3107,64052.8648,24827.537,18001.3267,5323.1984
class,mage,solver_default,16,hpr,16,-645.16,-512.515,-310.805,-109.4,0,37.515,683.24,-147.0825,313.7205,159.985
class,mage,solver_default,16,ehpr,16,-1793.9807,-1351.7305,-686.6758,-207.3883,0,85.0348,1292.1022,-358.9026,729.5132,273.8637
class,mage,solver_default,16,ls,16,-711,-345.5,0,433.5,629.25,1319.5,1567,413.9375,642.1639,433.5
class,mage,solver_default,16,effective_ls,16,-1206.8424,-594.9322,0,866.4721,1574.7061,2448.8015,3292.32,901.9858,1238.0785,866.4721
class,mage,solver_default,16,mr,16,-15,-7.5,-0.75,8.5,18.5,29.5,41,9.4375,15.2795,10.5
class,mage,solver_default,16,total_mr,16,10,17.5,24.25,33.5,43.5,54.5,66,34.4375,15.2795,10.5
class,mage,solver_default,16,ms,16,-8,3,13.75,24.5,36.75,66,98,29.75,28.276,11.5
class,mage,solver_default,16,mana_per_hit,16,-5.2288,0.8602,2.2373,5.166,19.232,22.6536,30.719,9.9346,10.4792,4.5752
class,mage,solver_default,16,total_mana,16,100,100,111.25,156,192.25,230.5,268,158.1875,53.3707,39.5
class,mage,solver_default,16,walk_speed,16,-60,-26.5,-20,3.5,46.75,175.5,242,34.5,89.4464,29.5
class,mage,solver_default,16,attack_tier,16,-8,-7.5,-1,0,0,0,0,-1.6875,3.0049,0
class,mage,solver_default,16,attacks_per_second,16,0.51,0.51,0.51,1.165,2.65,3.1,4.3,1.5825,1.2434,0.655
class,mage,solver_default,16,poison,16,0,0,0,0,0,2904,8472,892.5,2486.8018,0
class,mage,solver_default,16,main_attack_range_pct,16,-39,-12,0,0,0,6,12,-2.4375,12.3557,0
class,mage,solver_default,16,main_attack_range_blocks,16,1.22,1.76,2,2.12,4,4,4.48,2.8413,1.1467,0.75
class,mage,solver_default,16,main_attack_dps,16,397.2603,1411.5742,1905.2391,4006.5823,6179.9906,8166.7754,41555.1392,6387.5008,9683.4008,2149.0275
class,mage,solver_default,16,spell_display_avg_max,16,14456.8109,18259.2164,32906.6482,41963.5535,90504.8167,139477.6971,180848.6244,64418.5682,50421.6591,21991.6266
class,mage,solver_default,16,spell_display_avg_sum,16,31852.3871,41113.9422,46500.7519,54702.1414,111838.8149,195757.4837,278903.7499,91467.3241,72332.9731,17993.3963
class,mage,solver_default,16,heal_pct,16,-31,-24,-7.25,0,0,45,74,3.8125,28.273,5
class,mage,solver_default,16,skill_points_assigned,16,131,149,169,181,190.5,196.5,198,176.375,19.9194,10.5
family_class,family_unclassified:mage,solver_default,14,total_hp,14,12510,12921,13548.5,14685,18497.5,21025,23035,16089.5,3445.6619,1715
family_class,family_unclassified:mage,solver_default,14,ehp,14,11210.2136,14701.506,24247.1779,27976.2388,40568.7663,58463.7067,64052.8648,32966.9671,16643.0285,6412.5457
family_class,family_unclassified:mage,solver_default,14,ehp_no_agi,14,11210.2136,11809.156,13111.6093,17795.8939,26186.4479,58463.7067,64052.8648,25999.9971,18935.2485,5323.1984
family_class,family_unclassified:mage,solver_default,14,hpr,14,-645.16,-469.655,-281.135,-37.4,0,42.801,683.24,-120.4371,319.2413,159.985
family_class,family_unclassified:mage,solver_default,14,ehpr,14,-1793.9807,-1128.2118,-619.5478,-96.6519,0,92.0206,1292.1022,-293.4558,722.9074,250.0286
family_class,family_unclassified:mage,solver_default,14,ls,14,-711,-396.9,0,301.5,531.25,1105.1,1567,331.3571,619.7452,301.5
family_class,family_unclassified:mage,solver_default,14,effective_ls,14,-1206.8424,-608.5899,0,690.0755,1366.613,2420.1239,3292.32,768.9806,1261.3657,739.6598
family_class,family_unclassified:mage,solver_default,14,mr,14,-15,-7.7,-2.25,9,19.5,29.7,41,10.2143,16.1778,11.5
family_class,family_unclassified:mage,solver_default,14,total_mr,14,10,17.3,22.75,34,44.5,54.7,66,35.2143,16.1778,11.5
family_class,family_unclassified:mage,solver_default,14,ms,14,-8,8.1,14.5,24.5,35.5,73.6,98,31.2143,29.0786,11
family_class,family_unclassified:mage,solver_default,14,mana_per_hit,14,-5.2288,1.7204,2.7212,7.1856,19.9183,23.0039,30.719,11.1378,10.6716,7.6366
family_class,family_unclassified:mage,solver_default,14,total_mana,14,100,100,115.75,156,192.75,230.7,268,161.7857,54.8413,39.5
family_class,family_unclassified:mage,solver_default,14,walk_speed,14,-60,-26.7,-24,3.5,34.75,97.9,242,23.3571,76.2583,29.5
family_class,family_unclassified:mage,solver_default,14,attack_tier,14,-8,-7.7,-1,0,0,0,0,-1.8571,3.1831,0
family_class,family_unclassified:mage,solver_default,14,attacks_per_second,14,0.51,0.51,0.51,0.83,1.5,3.1,3.1,1.3229,1.0385,0.32
family_class,family_unclassified:mage,solver_default,14,poison,14,0,0,0,0,0,0,5808,414.8571,1552.2533,0
family_class,family_unclassified:mage,solver_default,14,main_attack_range_pct,14,-39,-16.8,0,0,0,8.4,12,-2.7857,13.2327,0
family_class,family_unclassified:mage,solver_default,14,main_attack_range_blocks,14,1.22,1.664,2,2.12,4,4,4.48,2.8186,1.1657,0.75
family_class,family_unclassified:mage,solver_default,14,main_attack_dps,14,397.2603,1387.0114,1809.8705,3409.4801,5607.8641,7573.853,8577.5106,3974.7688,2577.0096,1791.8964
family_class,family_unclassified:mage,solver_default,14,spell_display_avg_max,14,14456.8109,18001.6349,25667.6589,41963.5535,92297.8754,139485.1005,180848.6244,66925.8676,53534.478,23704.3372
family_class,family_unclassified:mage,solver_default,14,spell_display_avg_sum,14,31852.3871,40880.7286,45653.2705,54702.1414,113452.3134,205533.4448,278903.7499,95711.0945,76474.3731,18510.4937
family_class,family_unclassified:mage,solver_default,14,heal_pct,14,-31,-21,-5,0,0,50.2,74,6.0714,29.2613,5
family_class,family_unclassified:mage,solver_default,14,skill_points_assigned,14,131,147.8,165.25,181,190,194.8,197,175.2143,20.4495,10
archetype,Light Bender,solver_default,5,total_hp,5,13403,13965.8,14810,16435,19185,19680,20010,16768.6,2811.5978,2750
archetype,Light Bender,solver_default,5,ehp,5,21811.9643,23142.5011,25138.3062,27644.6091,34637.0556,47239.6147,55641.3208,32974.6512,13518.1797,5832.6448
archetype,Light Bender,solver_default,5,ehp_no_agi,5,12774.5934,15079.4678,18536.7794,21811.9643,27644.6091,44442.6361,55641.3208,27281.8534,16742.5176,5832.6448
archetype,Light Bender,solver_default,5,hpr,5,-645.16,-587.828,-501.83,-282.88,-275.9,-155.24,-74.8,-356.114,221.1989,208.08
archetype,Light Bender,solver_default,5,ehpr,5,-1793.9807,-1342.793,-666.0114,-480.1569,-397.5579,-275.0055,-193.3039,-706.2022,631.3279,185.8545
archetype,Light Bender,solver_default,5,ls,5,-711,-616.2,-474,-217,506,912.8,1184,57.6,777.5907,494
archetype,Light Bender,solver_default,5,effective_ls,5,-1206.8424,-975.736,-629.0764,-560.788,729.1203,2267.0401,3292.32,324.9467,1803.4498,646.0544
archetype,Light Bender,solver_default,5,mr,5,-15,-9,0,8,29,29.6,30,10.4,19.2951,21
archetype,Light Bender,solver_default,5,total_mr,5,10,16,25,33,54,54.6,55,35.4,19.2951,21
archetype,Light Bender,solver_default,5,ms,5,23,24.2,26,34,85,92.8,98,53.2,35.4923,11
archetype,Light Bender,solver_default,5,mana_per_hit,5,3.6559,4.238,5.1111,16.9935,18.8889,20.6222,21.7778,13.2854,8.3189,4.7843
archetype,Light Bender,solver_default,5,total_mana,5,100,100,100,193,230,230.6,231,170.8,66.4206,38
archetype,Light Bender,solver_default,5,walk_speed,5,-26,-22.8,-18,7,43,86.2,115,24.2,57.4343,33
archetype,Light Bender,solver_default,5,attack_tier,5,-8,-4.8,0,0,0,0,0,-1.6,3.5777,0
archetype,Light Bender,solver_default,5,attacks_per_second,5,0.51,0.906,1.5,1.5,1.5,2.46,3.1,1.622,0.9308,0
archetype,Light Bender,solver_default,5,poison,5,0,0,0,0,0,3484.8,5808,1161.6,2597.4166,0
archetype,Light Bender,solver_default,5,main_attack_range_pct,5,0,0,0,0,0,7.2,12,2.4,5.3666,0
archetype,Light Bender,solver_default,5,main_attack_range_blocks,5,4,4,4,4,4,4.288,4.48,4.096,0.2147,0
archetype,Light Bender,solver_default,5,main_attack_dps,5,1350.1672,1399.2928,1472.9812,1952.9234,3526.857,4326.8887,4860.2431,2632.6344,1517.6791,602.7562
archetype,Light Bender,solver_default,5,spell_display_avg_max,5,14456.8109,15720.1917,17615.2628,18903.1699,22048.1642,62584.2381,89608.2873,32526.339,32025.6918,3144.9943
archetype,Light Bender,solver_default,5,spell_display_avg_sum,5,31852.3871,35323.7956,40530.9083,41696.9761,53687.928,90030.6088,114259.0626,56405.4524,33262.6615,9844.589
archetype,Light Bender,solver_default,5,heal_pct,5,-14,-10.4,-5,32,58,67.6,74,29,38.3406,37
archetype,Light Bender,solver_default,5,skill_points_assigned,5,163,166.6,172,174,192,194.4,196,179.4,14.0285,11
archetype_class,Light Bender:mage,solver_default,5,total_hp,5,13403,13965.8,14810,16435,19185,19680,20010,16768.6,2811.5978,2750
archetype_class,Light Bender:mage,solver_default,5,ehp,5,21811.9643,23142.5011,25138.3062,27644.6091,34637.0556,47239.6147,55641.3208,32974.6512,13518.1797,5832.6448
archetype_class,Light Bender:mage,solver_default,5,ehp_no_agi,5,12774.5934,15079.4678,18536.7794,21811.9643,27644.6091,44442.6361,55641.3208,27281.8534,16742.5176,5832.6448
archetype_class,Light Bender:mage,solver_default,5,hpr,5,-645.16,-587.828,-501.83,-282.88,-275.9,-155.24,-74.8,-356.114,221.1989,208.08
archetype_class,Light Bender:mage,solver_default,5,ehpr,5,-1793.9807,-1342.793,-666.0114,-480.1569,-397.5579,-275.0055,-193.3039,-706.2022,631.3279,185.8545
archetype_class,Light Bender:mage,solver_default,5,ls,5,-711,-616.2,-474,-217,506,912.8,1184,57.6,777.5907,494
archetype_class,Light Bender:mage,solver_default,5,effective_ls,5,-1206.8424,-975.736,-629.0764,-560.788,729.1203,2267.0401,3292.32,324.9467,1803.4498,646.0544
archetype_class,Light Bender:mage,solver_default,5,mr,5,-15,-9,0,8,29,29.6,30,10.4,19.2951,21
archetype_class,Light Bender:mage,solver_default,5,total_mr,5,10,16,25,33,54,54.6,55,35.4,19.2951,21
archetype_class,Light Bender:mage,solver_default,5,ms,5,23,24.2,26,34,85,92.8,98,53.2,35.4923,11
archetype_class,Light Bender:mage,solver_default,5,mana_per_hit,5,3.6559,4.238,5.1111,16.9935,18.8889,20.6222,21.7778,13.2854,8.3189,4.7843
archetype_class,Light Bender:mage,solver_default,5,total_mana,5,100,100,100,193,230,230.6,231,170.8,66.4206,38
archetype_class,Light Bender:mage,solver_default,5,walk_speed,5,-26,-22.8,-18,7,43,86.2,115,24.2,57.4343,33
archetype_class,Light Bender:mage,solver_default,5,attack_tier,5,-8,-4.8,0,0,0,0,0,-1.6,3.5777,0
archetype_class,Light Bender:mage,solver_default,5,attacks_per_second,5,0.51,0.906,1.5,1.5,1.5,2.46,3.1,1.622,0.9308,0
archetype_class,Light Bender:mage,solver_default,5,poison,5,0,0,0,0,0,3484.8,5808,1161.6,2597.4166,0
archetype_class,Light Bender:mage,solver_default,5,main_attack_range_pct,5,0,0,0,0,0,7.2,12,2.4,5.3666,0
archetype_class,Light Bender:mage,solver_default,5,main_attack_range_blocks,5,4,4,4,4,4,4.288,4.48,4.096,0.2147,0
archetype_class,Light Bender:mage,solver_default,5,main_attack_dps,5,1350.1672,1399.2928,1472.9812,1952.9234,3526.857,4326.8887,4860.2431,2632.6344,1517.6791,602.7562
archetype_class,Light Bender:mage,solver_default,5,spell_display_avg_max,5,14456.8109,15720.1917,17615.2628,18903.1699,22048.1642,62584.2381,89608.2873,32526.339,32025.6918,3144.9943
archetype_class,Light Bender:mage,solver_default,5,spell_display_avg_sum,5,31852.3871,35323.7956,40530.9083,41696.9761,53687.928,90030.6088,114259.0626,56405.4524,33262.6615,9844.589
archetype_class,Light Bender:mage,solver_default,5,heal_pct,5,-14,-10.4,-5,32,58,67.6,74,29,38.3406,37
archetype_class,Light Bender:mage,solver_default,5,skill_points_assigned,5,163,166.6,172,174,192,194.4,196,179.4,14.0285,11
class,mage,maximum,16,total_hp,16,12510,12945,13860.5,14398,17310,21185,23485,15987.5,3476.2426,1427.5
class,mage,maximum,16,ehp,16,11210.2136,16526.9828,23415.5924,28516.5947,39463.344,58908.6148,65304.1689,32935.9552,16255.1688,7002.3935
class,mage,maximum,16,ehp_no_agi,16,11210.2136,11758.75,12623.6445,18001.2742,23540.3035,58908.6148,65304.1689,25156.7798,18489.346,5528.5787
class,mage,maximum,16,hpr,16,-535.5,-342.98,-236.4875,-64,9.18,76.07,827.13,-76.4594,301.3408,140.07
class,mage,maximum,16,ehpr,16,-1489.0518,-654.6595,-586.4653,-98.4323,23.7237,176.4128,1564.2183,-181.7617,636.5484,274.8451
class,mage,maximum,16,ls,16,-630,-306,0,516,744.5,1534.5,1810,503.0625,705.5172,516
class,mage,maximum,16,effective_ls,16,-1069.354,-526.7953,0,993.4338,1872.5633,2827.2906,3865.1392,1089.2054,1378.1523,993.4338
class,mage,maximum,16,mr,16,-15,-7.5,-0.75,8.5,18.5,29.5,41,9.4375,15.2795,10.5
class,mage,maximum,16,total_mr,16,10,17.5,24.25,33.5,43.5,54.5,66,34.4375,15.2795,10.5
class,mage,maximum,16,ms,16,-8,3,13.75,24.5,36.75,66,98,29.75,28.276,11.5
class,mage,maximum,16,mana_per_hit,16,-5.2288,0.8602,2.2373,5.166,19.232,22.6536,30.719,9.9346,10.4792,4.5752
class,mage,maximum,16,total_mana,16,100,100,111.25,156,192.25,230.5,268,158.1875,53.3707,39.5
class,mage,maximum,16,walk_speed,16,-47,-23.5,-13.25,8.5,54,198.5,269,43.5,97.1219,28.5
class,mage,maximum,16,attack_tier,16,-8,-7.5,-1,0,0,0,0,-1.6875,3.0049,0
class,mage,maximum,16,attacks_per_second,16,0.51,0.51,0.51,1.165,2.65,3.1,4.3,1.5825,1.2434,0.655
class,mage,maximum,16,poison,16,0,0,0,0,0,3282.5,8472,939.8125,2591.551,0
class,mage,maximum,16,main_attack_range_pct,16,-35,-10.5,0,0,0,6.5,14,-1.8125,11.4846,0
class,mage,maximum,16,main_attack_range_blocks,16,1.3,1.79,2,2.14,4,4,4.52,2.855,1.1372,0.7
class,mage,maximum,16,main_attack_dps,16,402.7508,1578.7372,2070.3234,4308.1928,6530.3154,8549.4738,44443.5386,6827.847,10338.0143,2306.6157
class,mage,maximum,16,spell_display_avg_max,16,15780.9102,19916.1497,34909.8926,44611.1079,96789.2406,150159.3568,194434.4644,68879.5115,54272.6079,23787.0793
class,mage,maximum,16,spell_display_avg_sum,16,34763.6778,44827.949,49015.9042,58371.4534,118864.0968,211256.9046,298240.7499,97879.465,77687.7414,16626.7284
class,mage,maximum,16,heal_pct,16,-24,-21,-3.25,0,1,50.5,83,6.6875,29.8032,1
class,mage,maximum,16,skill_points_assigned,16,131,149,169,181,190.5,196.5,198,176.375,19.9194,10.5
family_class,family_unclassified:mage,maximum,14,total_hp,14,12510,12921,13771.25,14685,19060,21475,23485,16260.7143,3646.4075,1715
family_class,family_unclassified:mage,maximum,14,ehp,14,11210.2136,14701.506,24247.1779,28516.5947,40760.6488,59715.0108,65304.1689,33367.1209,17091.4372,6796.3107
family_class,family_unclassified:mage,maximum,14,ehp_no_agi,14,11210.2136,11809.156,13111.6093,18001.2742,26996.9818,59715.0108,65304.1689,26374.6675,19446.658,5528.5787
family_class,family_unclassified:mage,maximum,14,hpr,14,-535.5,-382.172,-233.3825,0,27.54,82.594,827.13,-60.8143,319.6101,136.39
family_class,family_unclassified:mage,maximum,14,ehpr,14,-1489.0518,-632.5288,-542.8851,0,71.171,180.5086,1564.2183,-146.6201,669.8436,260.1377
family_class,family_unclassified:mage,maximum,14,ls,14,-630,-351.6,0,366.5,634,1285,1810,412.2857,677.0473,366.5
family_class,family_unclassified:mage,maximum,14,effective_ls,14,-1069.354,-539.041,0,780.1564,1667.0151,2780.9808,3865.1392,945.0311,1405.8453,898.1583
family_class,family_unclassified:mage,maximum,14,mr,14,-15,-7.7,-2.25,9,19.5,29.7,41,10.2143,16.1778,11.5
family_class,family_unclassified:mage,maximum,14,total_mr,14,10,17.3,22.75,34,44.5,54.7,66,35.2143,16.1778,11.5
family_class,family_unclassified:mage,maximum,14,ms,14,-8,8.1,14.5,24.5,35.5,73.6,98,31.2143,29.0786,11
family_class,family_unclassified:mage,maximum,14,mana_per_hit,14,-5.2288,1.7204,2.7212,7.1856,19.9183,23.0039,30.719,11.1378,10.6716,7.6366
family_class,family_unclassified:mage,maximum,14,total_mana,14,100,100,115.75,156,192.75,230.7,268,161.7857,54.8413,39.5
family_class,family_unclassified:mage,maximum,14,walk_speed,14,-47,-23.7,-15.75,8.5,41.5,110.8,269,31.2143,81.6994,28.5
family_class,family_unclassified:mage,maximum,14,attack_tier,14,-8,-7.7,-1,0,0,0,0,-1.8571,3.1831,0
family_class,family_unclassified:mage,maximum,14,attacks_per_second,14,0.51,0.51,0.51,0.83,1.5,3.1,3.1,1.3229,1.0385,0.32
family_class,family_unclassified:mage,maximum,14,poison,14,0,0,0,0,0,0,6565,468.9286,1754.5701,0
family_class,family_unclassified:mage,maximum,14,main_attack_range_pct,14,-35,-14.7,0,0,0,9.1,14,-2.0714,12.313,0
family_class,family_unclassified:mage,maximum,14,main_attack_range_blocks,14,1.3,1.706,2,2.14,4,4,4.52,2.8343,1.1553,0.7
family_class,family_unclassified:mage,maximum,14,main_attack_dps,14,402.7508,1551.1919,1932.8308,3724.4438,6041.6284,7999.0869,8802.3181,4237.126,2666.0474,1968.6013
family_class,family_unclassified:mage,maximum,14,spell_display_avg_max,14,15780.9102,19619.453,27421.5556,44611.1079,98049.494,150544.1266,194434.4644,71830.9781,57549.8827,24694.9583
family_class,family_unclassified:mage,maximum,14,spell_display_avg_sum,14,34763.6778,44614.474,48165.7416,58371.4534,121446.9721,221502.4276,298240.7499,102789.0447,82011.7968,18842.4838
family_class,family_unclassified:mage,maximum,14,heal_pct,14,-24,-18.6,0,0,1,56.3,83,9.1429,30.9189,1
family_class,family_unclassified:mage,maximum,14,skill_points_assigned,14,131,147.8,165.25,181,190,194.8,197,175.2143,20.4495,10
archetype,Light Bender,maximum,5,total_hp,5,13700,14144,14810,16435,19935,20250,20460,17068,3023.5753,2735
archetype,Light Bender,maximum,5,ehp,5,21811.9643,23142.5011,25138.3062,28725.321,35404.5857,48297.4092,56892.6249,33594.5604,13965.3437,6679.2647
archetype,Light Bender,maximum,5,ehp_no_agi,5,12774.5934,15243.772,18947.5399,21811.9643,28725.321,45625.7033,56892.6249,27830.4087,17228.0141,6913.3567
archetype,Light Bender,maximum,5,hpr,5,-535.5,-497.684,-440.96,-245,-231.53,-70.58,36.72,-283.254,220.8061,195.96
archetype,Light Bender,maximum,5,ehpr,5,-1489.0518,-1127.5218,-585.2269,-415.8599,-333.623,-76.5124,94.8946,-545.7734,583.8817,169.367
archetype,Light Bender,maximum,5,ls,5,-630,-546,-420,-192,572,1062.8,1390,144,831.5299,438
archetype,Light Bender,maximum,5,effective_ls,5,-1069.354,-864.5762,-557.4095,-496.1811,824.2229,2648.7727,3865.1392,513.2835,2000.1102,573.1729
archetype,Light Bender,maximum,5,mr,5,-15,-9,0,8,29,29.6,30,10.4,19.2951,21
archetype,Light Bender,maximum,5,total_mr,5,10,16,25,33,54,54.6,55,35.4,19.2951,21
archetype,Light Bender,maximum,5,ms,5,23,24.2,26,34,85,92.8,98,53.2,35.4923,11
archetype,Light Bender,maximum,5,mana_per_hit,5,3.6559,4.238,5.1111,16.9935,18.8889,20.6222,21.7778,13.2854,8.3189,4.7843
archetype,Light Bender,maximum,5,total_mana,5,100,100,100,193,230,230.6,231,170.8,66.4206,38
archetype,Light Bender,maximum,5,walk_speed,5,-23,-18.6,-12,12,50,98,130,31.4,61.8207,35
archetype,Light Bender,maximum,5,attack_tier,5,-8,-4.8,0,0,0,0,0,-1.6,3.5777,0
archetype,Light Bender,maximum,5,attacks_per_second,5,0.51,0.906,1.5,1.5,1.5,2.46,3.1,1.622,0.9308,0
archetype,Light Bender,maximum,5,poison,5,0,0,0,0,0,3939,6565,1313,2935.9573,0
archetype,Light Bender,maximum,5,main_attack_range_pct,5,0,0,0,0,0,7.8,13,2.6,5.8138,0
archetype,Light Bender,maximum,5,main_attack_range_blocks,5,4,4,4,4,4,4.312,4.52,4.104,0.2326,0
archetype,Light Bender,maximum,5,main_attack_dps,5,1509.874,1564.9646,1647.6004,2139.0697,3825.01,4740.0477,5350.0729,2894.3254,1653.6558,629.1957
archetype,Light Bender,maximum,5,spell_display_avg_max,5,15780.9102,17138.3094,19174.4081,20657.8912,23677.3871,67166.4232,96159.1139,35089.9421,34256.8139,3019.4959
archetype,Light Bender,maximum,5,spell_display_avg_sum,5,34763.6778,38575.9113,44294.2615,45361.6366,57654.6443,96704.9036,122738.4098,60962.526,35478.1635,10597.9588
archetype,Light Bender,maximum,5,heal_pct,5,-13,-7.4,1,36,65,75.8,83,34.4,40.8142,35
archetype,Light Bender,maximum,5,skill_points_assigned,5,163,166.6,172,174,192,194.4,196,179.4,14.0285,11
archetype_class,Light Bender:mage,maximum,5,total_hp,5,13700,14144,14810,16435,19935,20250,20460,17068,3023.5753,2735
archetype_class,Light Bender:mage,maximum,5,ehp,5,21811.9643,23142.5011,25138.3062,28725.321,35404.5857,48297.4092,56892.6249,33594.5604,13965.3437,6679.2647
archetype_class,Light Bender:mage,maximum,5,ehp_no_agi,5,12774.5934,15243.772,18947.5399,21811.9643,28725.321,45625.7033,56892.6249,27830.4087,17228.0141,6913.3567
archetype_class,Light Bender:mage,maximum,5,hpr,5,-535.5,-497.684,-440.96,-245,-231.53,-70.58,36.72,-283.254,220.8061,195.96
archetype_class,Light Bender:mage,maximum,5,ehpr,5,-1489.0518,-1127.5218,-585.2269,-415.8599,-333.623,-76.5124,94.8946,-545.7734,583.8817,169.367
archetype_class,Light Bender:mage,maximum,5,ls,5,-630,-546,-420,-192,572,1062.8,1390,144,831.5299,438
archetype_class,Light Bender:mage,maximum,5,effective_ls,5,-1069.354,-864.5762,-557.4095,-496.1811,824.2229,2648.7727,3865.1392,513.2835,2000.1102,573.1729
archetype_class,Light Bender:mage,maximum,5,mr,5,-15,-9,0,8,29,29.6,30,10.4,19.2951,21
archetype_class,Light Bender:mage,maximum,5,total_mr,5,10,16,25,33,54,54.6,55,35.4,19.2951,21
archetype_class,Light Bender:mage,maximum,5,ms,5,23,24.2,26,34,85,92.8,98,53.2,35.4923,11
archetype_class,Light Bender:mage,maximum,5,mana_per_hit,5,3.6559,4.238,5.1111,16.9935,18.8889,20.6222,21.7778,13.2854,8.3189,4.7843
archetype_class,Light Bender:mage,maximum,5,total_mana,5,100,100,100,193,230,230.6,231,170.8,66.4206,38
archetype_class,Light Bender:mage,maximum,5,walk_speed,5,-23,-18.6,-12,12,50,98,130,31.4,61.8207,35
archetype_class,Light Bender:mage,maximum,5,attack_tier,5,-8,-4.8,0,0,0,0,0,-1.6,3.5777,0
archetype_class,Light Bender:mage,maximum,5,attacks_per_second,5,0.51,0.906,1.5,1.5,1.5,2.46,3.1,1.622,0.9308,0
archetype_class,Light Bender:mage,maximum,5,poison,5,0,0,0,0,0,3939,6565,1313,2935.9573,0
archetype_class,Light Bender:mage,maximum,5,main_attack_range_pct,5,0,0,0,0,0,7.8,13,2.6,5.8138,0
archetype_class,Light Bender:mage,maximum,5,main_attack_range_blocks,5,4,4,4,4,4,4.312,4.52,4.104,0.2326,0
archetype_class,Light Bender:mage,maximum,5,main_attack_dps,5,1509.874,1564.9646,1647.6004,2139.0697,3825.01,4740.0477,5350.0729,2894.3254,1653.6558,629.1957
archetype_class,Light Bender:mage,maximum,5,spell_display_avg_max,5,15780.9102,17138.3094,19174.4081,20657.8912,23677.3871,67166.4232,96159.1139,35089.9421,34256.8139,3019.4959
archetype_class,Light Bender:mage,maximum,5,spell_display_avg_sum,5,34763.6778,38575.9113,44294.2615,45361.6366,57654.6443,96704.9036,122738.4098,60962.526,35478.1635,10597.9588
archetype_class,Light Bender:mage,maximum,5,heal_pct,5,-13,-7.4,1,36,65,75.8,83,34.4,40.8142,35
archetype_class,Light Bender:mage,maximum,5,skill_points_assigned,5,163,166.6,172,174,192,194.4,196,179.4,14.0285,11
archetype,Riftwalker,median,5,total_hp,5,12885,13296.6,13914,14110,15860,19535,21985,15750.8,3645.4095,1225
archetype,Riftwalker,median,5,ehp,5,11210.2136,15286.0477,21399.7988,23950.1351,29993.4735,48677.2826,61133.1553,29537.3553,18919.7225,6043.3384
archetype,Riftwalker,median,5,ehp_no_agi,5,11210.2136,11594.4472,12170.7976,21048.8441,21399.7988,45239.8127,61133.1553,25392.5619,20543.5763,8878.0465
archetype,Riftwalker,median,5,hpr,5,-359.52,-288.512,-182,0,0,231.42,385.7,-31.164,276.7161,182
archetype,Riftwalker,median,5,ehpr,5,-999.7085,-711.7919,-279.9169,0,0,437.6475,729.4125,-110.0426,622.3476,279.9169
archetype,Riftwalker,median,5,ls,5,0,51.6,129,168,931,972.4,1000,445.6,479.2779,168
archetype,Riftwalker,median,5,effective_ls,5,0,127.0846,317.7114,358.7072,1431.8825,1591.1854,1697.3873,761.1377,752.3911,358.7072
archetype,Riftwalker,median,5,mr,5,0,1.2,3,11,12,21,27,10.6,10.5024,8
archetype,Riftwalker,median,5,total_mr,5,25,26.2,28,36,37,46,52,35.6,10.5024,8
archetype,Riftwalker,median,5,ms,5,-12,-4,8,10,24,26.4,28,11.6,15.7734,14
archetype,Riftwalker,median,5,mana_per_hit,5,-7.8431,-4.2757,1.0753,1.8605,3.2129,12.2656,18.3007,3.3213,9.4368,1.3524
archetype,Riftwalker,median,5,total_mana,5,92,95.2,100,100,158,166.4,172,124.4,37.534,8
archetype,Riftwalker,median,5,walk_speed,5,-86,-65.2,-34,-18,-15,17.4,39,-22.8,44.785,16
archetype,Riftwalker,median,5,attack_tier,5,-8,-5.2,-1,0,0,0,0,-1.8,3.4928,0
archetype,Riftwalker,median,5,attacks_per_second,5,0.51,0.51,0.51,0.83,3.1,3.82,4.3,1.85,1.7462,0.32
archetype,Riftwalker,median,5,poison,5,0,0,0,0,0,5083.2,8472,1694.4,3788.7936,0
archetype,Riftwalker,median,5,main_attack_range_pct,5,-50,-30,0,0,0,0,0,-10,22.3607,0
archetype,Riftwalker,median,5,main_attack_range_blocks,5,1,1.4,2,2,4,4,4,2.6,1.3416,1
archetype,Riftwalker,median,5,main_attack_dps,5,2517.1892,2525.3522,2537.5966,3800.9609,6461.2942,23501.8074,34862.1496,10035.8381,13970.9565,1283.7717
archetype,Riftwalker,median,5,spell_display_avg_max,5,54619.3239,63216.2003,76111.5148,108664.2599,116478.1368,135540.5346,148248.7998,100824.407,36404.7124,32552.7451
archetype,Riftwalker,median,5,spell_display_avg_sum,5,74291.3811,80831.2121,90640.9585,133487.1244,180205.131,211896.2682,233023.693,142329.6576,65266.9109,46718.0066
archetype,Riftwalker,median,5,heal_pct,5,-49,-35.8,-16,0,0,0,0,-13,21.2838,0
archetype,Riftwalker,median,5,skill_points_assigned,5,131,137,146,152,171,173.4,175,155,18.1797,19
archetype_class,Riftwalker:mage,median,5,total_hp,5,12885,13296.6,13914,14110,15860,19535,21985,15750.8,3645.4095,1225
archetype_class,Riftwalker:mage,median,5,ehp,5,11210.2136,15286.0477,21399.7988,23950.1351,29993.4735,48677.2826,61133.1553,29537.3553,18919.7225,6043.3384
archetype_class,Riftwalker:mage,median,5,ehp_no_agi,5,11210.2136,11594.4472,12170.7976,21048.8441,21399.7988,45239.8127,61133.1553,25392.5619,20543.5763,8878.0465
archetype_class,Riftwalker:mage,median,5,hpr,5,-359.52,-288.512,-182,0,0,231.42,385.7,-31.164,276.7161,182
archetype_class,Riftwalker:mage,median,5,ehpr,5,-999.7085,-711.7919,-279.9169,0,0,437.6475,729.4125,-110.0426,622.3476,279.9169
archetype_class,Riftwalker:mage,median,5,ls,5,0,51.6,129,168,931,972.4,1000,445.6,479.2779,168
archetype_class,Riftwalker:mage,median,5,effective_ls,5,0,127.0846,317.7114,358.7072,1431.8825,1591.1854,1697.3873,761.1377,752.3911,358.7072
archetype_class,Riftwalker:mage,median,5,mr,5,0,1.2,3,11,12,21,27,10.6,10.5024,8
archetype_class,Riftwalker:mage,median,5,total_mr,5,25,26.2,28,36,37,46,52,35.6,10.5024,8
archetype_class,Riftwalker:mage,median,5,ms,5,-12,-4,8,10,24,26.4,28,11.6,15.7734,14
archetype_class,Riftwalker:mage,median,5,mana_per_hit,5,-7.8431,-4.2757,1.0753,1.8605,3.2129,12.2656,18.3007,3.3213,9.4368,1.3524
archetype_class,Riftwalker:mage,median,5,total_mana,5,92,95.2,100,100,158,166.4,172,124.4,37.534,8
archetype_class,Riftwalker:mage,median,5,walk_speed,5,-86,-65.2,-34,-18,-15,17.4,39,-22.8,44.785,16
archetype_class,Riftwalker:mage,median,5,attack_tier,5,-8,-5.2,-1,0,0,0,0,-1.8,3.4928,0
archetype_class,Riftwalker:mage,median,5,attacks_per_second,5,0.51,0.51,0.51,0.83,3.1,3.82,4.3,1.85,1.7462,0.32
archetype_class,Riftwalker:mage,median,5,poison,5,0,0,0,0,0,5083.2,8472,1694.4,3788.7936,0
archetype_class,Riftwalker:mage,median,5,main_attack_range_pct,5,-50,-30,0,0,0,0,0,-10,22.3607,0
archetype_class,Riftwalker:mage,median,5,main_attack_range_blocks,5,1,1.4,2,2,4,4,4,2.6,1.3416,1
archetype_class,Riftwalker:mage,median,5,main_attack_dps,5,2517.1892,2525.3522,2537.5966,3800.9609,6461.2942,23501.8074,34862.1496,10035.8381,13970.9565,1283.7717
archetype_class,Riftwalker:mage,median,5,spell_display_avg_max,5,54619.3239,63216.2003,76111.5148,108664.2599,116478.1368,135540.5346,148248.7998,100824.407,36404.7124,32552.7451
archetype_class,Riftwalker:mage,median,5,spell_display_avg_sum,5,74291.3811,80831.2121,90640.9585,133487.1244,180205.131,211896.2682,233023.693,142329.6576,65266.9109,46718.0066
archetype_class,Riftwalker:mage,median,5,heal_pct,5,-49,-35.8,-16,0,0,0,0,-13,21.2838,0
archetype_class,Riftwalker:mage,median,5,skill_points_assigned,5,131,137,146,152,171,173.4,175,155,18.1797,19
archetype,Riftwalker,upper_quartile_proxy,5,total_hp,5,12885,13296.6,13914,14110,15860,19985,22735,15900.8,3967.2832,1225
archetype,Riftwalker,upper_quartile_proxy,5,ehp,5,11210.2136,15286.0477,21399.7988,23950.1351,29993.4735,49928.5867,63218.6621,29954.4566,19793.2412,6043.3384
archetype,Riftwalker,upper_quartile_proxy,5,ehp_no_agi,5,11210.2136,11594.4472,12170.7976,21048.8441,21399.7988,46491.1168,63218.6621,25809.6632,21451.737,8878.0465
archetype,Riftwalker,upper_quartile_proxy,5,hpr,5,-294.84,-238.504,-154,0,0,359.1,598.5,29.932,340.7232,154
archetype,Riftwalker,upper_quartile_proxy,5,ehpr,5,-819.8544,-586.6537,-236.8527,0,0,679.1082,1131.847,15.028,708.5564,236.8527
archetype,Riftwalker,upper_quartile_proxy,5,ls,5,0,88.4,221,295,1306,1365.4,1405,645.4,658.1833,295
archetype,Riftwalker,upper_quartile_proxy,5,effective_ls,5,0,167.1767,417.9418,820.2993,2008.6343,2234.3512,2384.8292,1126.3409,1027.9067,820.2993
archetype,Riftwalker,upper_quartile_proxy,5,mr,5,0,2.4,6,15,16,27.4,35,14.4,13.2778,9
archetype,Riftwalker,upper_quartile_proxy,5,total_mr,5,25,27.4,31,40,41,52.4,60,39.4,13.2778,9
archetype,Riftwalker,upper_quartile_proxy,5,ms,5,-10,-1.6,11,13,32,35,37,16.6,18.743,19
archetype,Riftwalker,upper_quartile_proxy,5,mana_per_hit,5,-6.5359,-3.3624,1.3978,2.4806,4.4177,16.2769,24.183,5.1886,11.4078,1.9371
archetype,Riftwalker,upper_quartile_proxy,5,total_mana,5,100,100,100,105,164,174.8,182,130.2,39.6384,5
archetype,Riftwalker,upper_quartile_proxy,5,walk_speed,5,-66,-51.2,-29,-13,-4,30.2,53,-11.8,43.2863,16
archetype,Riftwalker,upper_quartile_proxy,5,attack_tier,5,-8,-5.2,-1,0,0,0,0,-1.8,3.4928,0
archetype,Riftwalker,upper_quartile_proxy,5,attacks_per_second,5,0.51,0.51,0.51,0.83,3.1,3.82,4.3,1.85,1.7462,0.32
archetype,Riftwalker,upper_quartile_proxy,5,poison,5,0,0,0,0,0,5083.2,8472,1694.4,3788.7936,0
archetype,Riftwalker,upper_quartile_proxy,5,main_attack_range_pct,5,-42,-25.2,0,0,0,0,0,-8.4,18.783,0
archetype,Riftwalker,upper_quartile_proxy,5,main_attack_range_blocks,5,1.16,1.496,2,2,4,4,4,2.632,1.295,0.84
archetype,Riftwalker,upper_quartile_proxy,5,main_attack_dps,5,3016.3133,3036.7909,3067.5073,4280.3478,7380.0527,26747.4973,39659.127,11480.6696,15851.749,1264.0345
archetype,Riftwalker,upper_quartile_proxy,5,spell_display_avg_max,5,55674.0182,69160.0451,89389.0854,130569.285,132521.5281,155920.5126,171519.8356,115934.7505,44483.201,40950.5506
archetype,Riftwalker,upper_quartile_proxy,5,spell_display_avg_sum,5,75788.3593,88071.9242,106497.2716,160396.5743,208770.2862,242508.4154,265000.5016,163290.5986,76327.9202,53899.3027
archetype,Riftwalker,upper_quartile_proxy,5,heal_pct,5,-36,-24.4,-7,0,0,0,0,-8.6,15.6141,0
archetype,Riftwalker,upper_quartile_proxy,5,skill_points_assigned,5,131,137,146,152,171,173.4,175,155,18.1797,19
archetype_class,Riftwalker:mage,upper_quartile_proxy,5,total_hp,5,12885,13296.6,13914,14110,15860,19985,22735,15900.8,3967.2832,1225
archetype_class,Riftwalker:mage,upper_quartile_proxy,5,ehp,5,11210.2136,15286.0477,21399.7988,23950.1351,29993.4735,49928.5867,63218.6621,29954.4566,19793.2412,6043.3384
archetype_class,Riftwalker:mage,upper_quartile_proxy,5,ehp_no_agi,5,11210.2136,11594.4472,12170.7976,21048.8441,21399.7988,46491.1168,63218.6621,25809.6632,21451.737,8878.0465
archetype_class,Riftwalker:mage,upper_quartile_proxy,5,hpr,5,-294.84,-238.504,-154,0,0,359.1,598.5,29.932,340.7232,154
archetype_class,Riftwalker:mage,upper_quartile_proxy,5,ehpr,5,-819.8544,-586.6537,-236.8527,0,0,679.1082,1131.847,15.028,708.5564,236.8527
archetype_class,Riftwalker:mage,upper_quartile_proxy,5,ls,5,0,88.4,221,295,1306,1365.4,1405,645.4,658.1833,295
archetype_class,Riftwalker:mage,upper_quartile_proxy,5,effective_ls,5,0,167.1767,417.9418,820.2993,2008.6343,2234.3512,2384.8292,1126.3409,1027.9067,820.2993
archetype_class,Riftwalker:mage,upper_quartile_proxy,5,mr,5,0,2.4,6,15,16,27.4,35,14.4,13.2778,9
archetype_class,Riftwalker:mage,upper_quartile_proxy,5,total_mr,5,25,27.4,31,40,41,52.4,60,39.4,13.2778,9
archetype_class,Riftwalker:mage,upper_quartile_proxy,5,ms,5,-10,-1.6,11,13,32,35,37,16.6,18.743,19
archetype_class,Riftwalker:mage,upper_quartile_proxy,5,mana_per_hit,5,-6.5359,-3.3624,1.3978,2.4806,4.4177,16.2769,24.183,5.1886,11.4078,1.9371
archetype_class,Riftwalker:mage,upper_quartile_proxy,5,total_mana,5,100,100,100,105,164,174.8,182,130.2,39.6384,5
archetype_class,Riftwalker:mage,upper_quartile_proxy,5,walk_speed,5,-66,-51.2,-29,-13,-4,30.2,53,-11.8,43.2863,16
archetype_class,Riftwalker:mage,upper_quartile_proxy,5,attack_tier,5,-8,-5.2,-1,0,0,0,0,-1.8,3.4928,0
archetype_class,Riftwalker:mage,upper_quartile_proxy,5,attacks_per_second,5,0.51,0.51,0.51,0.83,3.1,3.82,4.3,1.85,1.7462,0.32
archetype_class,Riftwalker:mage,upper_quartile_proxy,5,poison,5,0,0,0,0,0,5083.2,8472,1694.4,3788.7936,0
archetype_class,Riftwalker:mage,upper_quartile_proxy,5,main_attack_range_pct,5,-42,-25.2,0,0,0,0,0,-8.4,18.783,0
archetype_class,Riftwalker:mage,upper_quartile_proxy,5,main_attack_range_blocks,5,1.16,1.496,2,2,4,4,4,2.632,1.295,0.84
archetype_class,Riftwalker:mage,upper_quartile_proxy,5,main_attack_dps,5,3016.3133,3036.7909,3067.5073,4280.3478,7380.0527,26747.4973,39659.127,11480.6696,15851.749,1264.0345
archetype_class,Riftwalker:mage,upper_quartile_proxy,5,spell_display_avg_max,5,55674.0182,69160.0451,89389.0854,130569.285,132521.5281,155920.5126,171519.8356,115934.7505,44483.201,40950.5506
archetype_class,Riftwalker:mage,upper_quartile_proxy,5,spell_display_avg_sum,5,75788.3593,88071.9242,106497.2716,160396.5743,208770.2862,242508.4154,265000.5016,163290.5986,76327.9202,53899.3027
archetype_class,Riftwalker:mage,upper_quartile_proxy,5,heal_pct,5,-36,-24.4,-7,0,0,0,0,-8.6,15.6141,0
archetype_class,Riftwalker:mage,upper_quartile_proxy,5,skill_points_assigned,5,131,137,146,152,171,173.4,175,155,18.1797,19
archetype,Riftwalker,solver_default,5,total_hp,5,12885,13296.6,13914,14110,15860,20165,23035,15960.8,4096.6408,1225
archetype,Riftwalker,solver_default,5,ehp,5,11210.2136,15286.0477,21399.7988,23950.1351,29993.4735,50429.1083,64052.8648,30121.2972,20144.1336,6043.3384
archetype,Riftwalker,solver_default,5,ehp_no_agi,5,11210.2136,11594.4472,12170.7976,21048.8441,21399.7988,46991.6384,64052.8648,25976.5038,21815.5803,8878.0465
archetype,Riftwalker,solver_default,5,hpr,5,-269.24,-219.144,-144,0,0,409.944,683.24,54,369.2774,144
archetype,Riftwalker,solver_default,5,ehpr,5,-748.6691,-537.7905,-221.4727,0,0,775.2613,1292.1022,64.3921,751.3907,221.4727
archetype,Riftwalker,solver_default,5,ls,5,0,96.8,242,361,1455,1522.2,1567,725,730.2866,361
archetype,Riftwalker,solver_default,5,effective_ls,5,0,183.0623,457.6558,1003.8239,2237.797,2491.0023,2659.8059,1271.8165,1141.4714,1003.8239
archetype,Riftwalker,solver_default,5,mr,5,0,3.6,9,18,20,32.6,41,17.6,15.3069,9
archetype,Riftwalker,solver_default,5,total_mr,5,25,28.6,34,43,45,57.6,66,42.6,15.3069,9
archetype,Riftwalker,solver_default,5,ms,5,-8,0.4,13,16,39,43.8,47,21.4,21.9613,23
archetype,Riftwalker,solver_default,5,mana_per_hit,5,-5.2288,-2.4491,1.7204,3.0233,5.2209,20.5198,30.719,7.091,13.7745,2.1976
archetype,Riftwalker,solver_default,5,total_mana,5,100,100,100,115,170,183.2,192,135.4,42.7878,15
archetype,Riftwalker,solver_default,5,walk_speed,5,-60,-46.8,-27,-11,0,34.8,58,-8,43.2839,16
archetype,Riftwalker,solver_default,5,attack_tier,5,-8,-5.2,-1,0,0,0,0,-1.8,3.4928,0
archetype,Riftwalker,solver_default,5,attacks_per_second,5,0.51,0.51,0.51,0.83,3.1,3.82,4.3,1.85,1.7462,0.32
archetype,Riftwalker,solver_default,5,poison,5,0,0,0,0,0,5083.2,8472,1694.4,3788.7936,0
archetype,Riftwalker,solver_default,5,main_attack_range_pct,5,-39,-23.4,0,0,0,0,0,-7.8,17.4413,0
archetype,Riftwalker,solver_default,5,main_attack_range_blocks,5,1.22,1.532,2,2,4,4,4,2.644,1.2782,0.78
archetype,Riftwalker,solver_default,5,main_attack_dps,5,3206.3631,3240.6591,3292.1032,4486.3076,7756.0403,28035.4996,41555.1392,12059.1907,16591.4965,1279.9445
archetype,Riftwalker,solver_default,5,spell_display_avg_max,5,56190.5003,70992.0621,93194.4048,139459.1885,139496.2057,164307.6569,180848.6244,121837.7847,48048.4705,41389.4359
archetype,Riftwalker,solver_default,5,spell_display_avg_sum,5,76517.7008,90323.4467,111032.0656,171317.581,220197.3864,255421.2045,278903.7499,171593.6967,81524.534,60285.5154
archetype,Riftwalker,solver_default,5,heal_pct,5,-31,-20.6,-5,0,0,0,0,-7.2,13.4796,0
archetype,Riftwalker,solver_default,5,skill_points_assigned,5,131,137,146,152,171,173.4,175,155,18.1797,19
archetype_class,Riftwalker:mage,solver_default,5,total_hp,5,12885,13296.6,13914,14110,15860,20165,23035,15960.8,4096.6408,1225
archetype_class,Riftwalker:mage,solver_default,5,ehp,5,11210.2136,15286.0477,21399.7988,23950.1351,29993.4735,50429.1083,64052.8648,30121.2972,20144.1336,6043.3384
archetype_class,Riftwalker:mage,solver_default,5,ehp_no_agi,5,11210.2136,11594.4472,12170.7976,21048.8441,21399.7988,46991.6384,64052.8648,25976.5038,21815.5803,8878.0465
archetype_class,Riftwalker:mage,solver_default,5,hpr,5,-269.24,-219.144,-144,0,0,409.944,683.24,54,369.2774,144
archetype_class,Riftwalker:mage,solver_default,5,ehpr,5,-748.6691,-537.7905,-221.4727,0,0,775.2613,1292.1022,64.3921,751.3907,221.4727
archetype_class,Riftwalker:mage,solver_default,5,ls,5,0,96.8,242,361,1455,1522.2,1567,725,730.2866,361
archetype_class,Riftwalker:mage,solver_default,5,effective_ls,5,0,183.0623,457.6558,1003.8239,2237.797,2491.0023,2659.8059,1271.8165,1141.4714,1003.8239
archetype_class,Riftwalker:mage,solver_default,5,mr,5,0,3.6,9,18,20,32.6,41,17.6,15.3069,9
archetype_class,Riftwalker:mage,solver_default,5,total_mr,5,25,28.6,34,43,45,57.6,66,42.6,15.3069,9
archetype_class,Riftwalker:mage,solver_default,5,ms,5,-8,0.4,13,16,39,43.8,47,21.4,21.9613,23
archetype_class,Riftwalker:mage,solver_default,5,mana_per_hit,5,-5.2288,-2.4491,1.7204,3.0233,5.2209,20.5198,30.719,7.091,13.7745,2.1976
archetype_class,Riftwalker:mage,solver_default,5,total_mana,5,100,100,100,115,170,183.2,192,135.4,42.7878,15
archetype_class,Riftwalker:mage,solver_default,5,walk_speed,5,-60,-46.8,-27,-11,0,34.8,58,-8,43.2839,16
archetype_class,Riftwalker:mage,solver_default,5,attack_tier,5,-8,-5.2,-1,0,0,0,0,-1.8,3.4928,0
archetype_class,Riftwalker:mage,solver_default,5,attacks_per_second,5,0.51,0.51,0.51,0.83,3.1,3.82,4.3,1.85,1.7462,0.32
archetype_class,Riftwalker:mage,solver_default,5,poison,5,0,0,0,0,0,5083.2,8472,1694.4,3788.7936,0
archetype_class,Riftwalker:mage,solver_default,5,main_attack_range_pct,5,-39,-23.4,0,0,0,0,0,-7.8,17.4413,0
archetype_class,Riftwalker:mage,solver_default,5,main_attack_range_blocks,5,1.22,1.532,2,2,4,4,4,2.644,1.2782,0.78
archetype_class,Riftwalker:mage,solver_default,5,main_attack_dps,5,3206.3631,3240.6591,3292.1032,4486.3076,7756.0403,28035.4996,41555.1392,12059.1907,16591.4965,1279.9445
archetype_class,Riftwalker:mage,solver_default,5,spell_display_avg_max,5,56190.5003,70992.0621,93194.4048,139459.1885,139496.2057,164307.6569,180848.6244,121837.7847,48048.4705,41389.4359
archetype_class,Riftwalker:mage,solver_default,5,spell_display_avg_sum,5,76517.7008,90323.4467,111032.0656,171317.581,220197.3864,255421.2045,278903.7499,171593.6967,81524.534,60285.5154
archetype_class,Riftwalker:mage,solver_default,5,heal_pct,5,-31,-20.6,-5,0,0,0,0,-7.2,13.4796,0
archetype_class,Riftwalker:mage,solver_default,5,skill_points_assigned,5,131,137,146,152,171,173.4,175,155,18.1797,19
archetype,Riftwalker,maximum,5,total_hp,5,12885,13296.6,13914,14110,15860,20435,23485,16050.8,4291.2307,1225
archetype,Riftwalker,maximum,5,ehp,5,11210.2136,15286.0477,21399.7988,23950.1351,29993.4735,51179.8907,65304.1689,30371.558,20671.9285,6043.3384
archetype,Riftwalker,maximum,5,ehp_no_agi,5,11210.2136,11594.4472,12170.7976,21048.8441,21399.7988,47742.4209,65304.1689,26226.7646,22361.9152,8878.0465
archetype,Riftwalker,maximum,5,hpr,5,-234,-191.6,-128,0,0,496.278,827.13,93.026,421.9049,128
archetype,Riftwalker,maximum,5,ehpr,5,-650.6781,-469.1527,-196.8646,0,0,938.531,1564.2183,143.3351,837.5846,196.8646
archetype,Riftwalker,maximum,5,ls,5,0,109.2,273,460,1679,1757.6,1810,844.4,839.0788,460
archetype,Riftwalker,maximum,5,effective_ls,5,0,206.5124,516.2811,1279.1108,2582.3101,2876.2866,3072.271,1489.9946,1314.2893,1279.1108
archetype,Riftwalker,maximum,5,mr,5,0,3.6,9,18,20,32.6,41,17.6,15.3069,9
archetype,Riftwalker,maximum,5,total_mr,5,25,28.6,34,43,45,57.6,66,42.6,15.3069,9
archetype,Riftwalker,maximum,5,ms,5,-8,0.4,13,16,39,43.8,47,21.4,21.9613,23
archetype,Riftwalker,maximum,5,mana_per_hit,5,-5.2288,-2.4491,1.7204,3.0233,5.2209,20.5198,30.719,7.091,13.7745,2.1976
archetype,Riftwalker,maximum,5,total_mana,5,100,100,100,115,170,183.2,192,135.4,42.7878,15
archetype,Riftwalker,maximum,5,walk_speed,5,-47,-37.8,-24,-8,7,42.4,66,-1.2,42.5641,16
archetype,Riftwalker,maximum,5,attack_tier,5,-8,-5.2,-1,0,0,0,0,-1.8,3.4928,0
archetype,Riftwalker,maximum,5,attacks_per_second,5,0.51,0.51,0.51,0.83,3.1,3.82,4.3,1.85,1.7462,0.32
archetype,Riftwalker,maximum,5,poison,5,0,0,0,0,0,5083.2,8472,1694.4,3788.7936,0
archetype,Riftwalker,maximum,5,main_attack_range_pct,5,-35,-21,0,0,0,0,0,-7,15.6525,0
archetype,Riftwalker,maximum,5,main_attack_range_blocks,5,1.3,1.58,2,2,4,4,4,2.66,1.2562,0.7
archetype,Riftwalker,maximum,5,main_attack_dps,5,3490.1326,3543.6306,3623.8775,4791.3755,8296.6294,29984.7749,44443.5386,12929.1107,17723.7373,1301.2429
archetype,Riftwalker,maximum,5,spell_display_avg_max,5,56915.0256,73620.8636,98679.6207,149197.4324,151121.2812,177109.1911,194434.4644,130069.5649,53124.3955,45237.032
archetype,Riftwalker,maximum,5,spell_display_avg_sum,5,77547.7183,93557.6946,117572.6591,185643.097,236870.7122,273692.7348,298240.7499,183174.9873,88868.2136,68070.4379
archetype,Riftwalker,maximum,5,heal_pct,5,-24,-14.4,0,0,0,0.6,1,-4.6,10.8536,0
archetype,Riftwalker,maximum,5,skill_points_assigned,5,131,137,146,152,171,173.4,175,155,18.1797,19
archetype_class,Riftwalker:mage,maximum,5,total_hp,5,12885,13296.6,13914,14110,15860,20435,23485,16050.8,4291.2307,1225
archetype_class,Riftwalker:mage,maximum,5,ehp,5,11210.2136,15286.0477,21399.7988,23950.1351,29993.4735,51179.8907,65304.1689,30371.558,20671.9285,6043.3384
archetype_class,Riftwalker:mage,maximum,5,ehp_no_agi,5,11210.2136,11594.4472,12170.7976,21048.8441,21399.7988,47742.4209,65304.1689,26226.7646,22361.9152,8878.0465
archetype_class,Riftwalker:mage,maximum,5,hpr,5,-234,-191.6,-128,0,0,496.278,827.13,93.026,421.9049,128
archetype_class,Riftwalker:mage,maximum,5,ehpr,5,-650.6781,-469.1527,-196.8646,0,0,938.531,1564.2183,143.3351,837.5846,196.8646
archetype_class,Riftwalker:mage,maximum,5,ls,5,0,109.2,273,460,1679,1757.6,1810,844.4,839.0788,460
archetype_class,Riftwalker:mage,maximum,5,effective_ls,5,0,206.5124,516.2811,1279.1108,2582.3101,2876.2866,3072.271,1489.9946,1314.2893,1279.1108
archetype_class,Riftwalker:mage,maximum,5,mr,5,0,3.6,9,18,20,32.6,41,17.6,15.3069,9
archetype_class,Riftwalker:mage,maximum,5,total_mr,5,25,28.6,34,43,45,57.6,66,42.6,15.3069,9
archetype_class,Riftwalker:mage,maximum,5,ms,5,-8,0.4,13,16,39,43.8,47,21.4,21.9613,23
archetype_class,Riftwalker:mage,maximum,5,mana_per_hit,5,-5.2288,-2.4491,1.7204,3.0233,5.2209,20.5198,30.719,7.091,13.7745,2.1976
archetype_class,Riftwalker:mage,maximum,5,total_mana,5,100,100,100,115,170,183.2,192,135.4,42.7878,15
archetype_class,Riftwalker:mage,maximum,5,walk_speed,5,-47,-37.8,-24,-8,7,42.4,66,-1.2,42.5641,16
archetype_class,Riftwalker:mage,maximum,5,attack_tier,5,-8,-5.2,-1,0,0,0,0,-1.8,3.4928,0
archetype_class,Riftwalker:mage,maximum,5,attacks_per_second,5,0.51,0.51,0.51,0.83,3.1,3.82,4.3,1.85,1.7462,0.32
archetype_class,Riftwalker:mage,maximum,5,poison,5,0,0,0,0,0,5083.2,8472,1694.4,3788.7936,0
archetype_class,Riftwalker:mage,maximum,5,main_attack_range_pct,5,-35,-21,0,0,0,0,0,-7,15.6525,0
archetype_class,Riftwalker:mage,maximum,5,main_attack_range_blocks,5,1.3,1.58,2,2,4,4,4,2.66,1.2562,0.7
archetype_class,Riftwalker:mage,maximum,5,main_attack_dps,5,3490.1326,3543.6306,3623.8775,4791.3755,8296.6294,29984.7749,44443.5386,12929.1107,17723.7373,1301.2429
archetype_class,Riftwalker:mage,maximum,5,spell_display_avg_max,5,56915.0256,73620.8636,98679.6207,149197.4324,151121.2812,177109.1911,194434.4644,130069.5649,53124.3955,45237.032
archetype_class,Riftwalker:mage,maximum,5,spell_display_avg_sum,5,77547.7183,93557.6946,117572.6591,185643.097,236870.7122,273692.7348,298240.7499,183174.9873,88868.2136,68070.4379
archetype_class,Riftwalker:mage,maximum,5,heal_pct,5,-24,-14.4,0,0,0,0.6,1,-4.6,10.8536,0
archetype_class,Riftwalker:mage,maximum,5,skill_points_assigned,5,131,137,146,152,171,173.4,175,155,18.1797,19
archetype,Arcanist,median,6,total_hp,6,12510,12757.5,13250,14065.5,14456.5,17485,20410,14769.3333,2866.4306,777.5
archetype,Arcanist,median,6,ehp,6,11654.1667,18465.2119,26034.1599,33250.3341,41457.7024,49649.7972,56753.5911,33788.4477,15594.3031,8634.8731
archetype,Arcanist,median,6,ehp_no_agi,6,11654.1667,11721.25,12371.9143,15362.7485,16941.9664,36904.2998,56753.5911,21329.4328,17504.6471,2633.3376
archetype,Arcanist,median,6,hpr,6,-1305,-1148.75,-765.145,-81.58,-20.02,0,0,-410.11,581.7654,81.58
archetype,Arcanist,median,6,ehpr,6,-3523.3708,-3385.1728,-2492.9858,-196.4094,-40.4501,0,0,-1193.8608,1702.0409,196.4095
archetype,Arcanist,median,6,ls,6,0,69.5,170.75,317,368,504,640,296.8333,219.9386,114.5
archetype,Arcanist,median,6,effective_ls,6,0,227.3701,519.9235,727.5667,930.0876,1143.3368,1293.1099,699.4245,444.9543,269.4118
archetype,Arcanist,median,6,mr,6,-33,-30.5,-24.5,-10.5,-2.5,2,5,-13,15.0333,12.5
archetype,Arcanist,median,6,total_mr,6,-8,-5.5,0.5,14.5,22.5,27,30,12,15.0333,12.5
archetype,Arcanist,median,6,ms,6,-9,-5.5,-1.5,3,18.75,24.5,26,7.3333,14.1657,8.5
archetype,Arcanist,median,6,mana_per_hit,6,-5.8824,-3.3428,-0.6024,0.3226,11.4358,16.0131,16.9935,4.331,9.3582,3.6654
archetype,Arcanist,median,6,total_mana,6,111,116.5,125.75,142.5,161.5,194,222,151,39.7794,22
archetype,Arcanist,median,6,walk_speed,6,-50,-26.5,-2.25,3,125.25,172,179,49.5,97.0665,29.5
archetype,Arcanist,median,6,attack_tier,6,-7,-4,-1,-1,-0.25,0,0,-1.6667,2.6583,0.5
archetype,Arcanist,median,6,attacks_per_second,6,0.51,0.51,0.51,0.67,2.0825,2.8,3.1,1.3267,1.1635,0.16
archetype,Arcanist,median,6,poison,6,0,0,0,0,0,0,0,0,0,0
archetype,Arcanist,median,6,main_attack_range_pct,6,-30,-15,0,0,0,4.5,9,-3.5,13.4722,0
archetype,Arcanist,median,6,main_attack_range_blocks,6,1.4,1.7,2,2,2,2.09,2.18,1.93,0.2694,0
archetype,Arcanist,median,6,main_attack_dps,6,378.1397,944.7495,2106.3116,4394.1307,6270.5285,7367.0602,8005.78,4235.3135,2942.302,2608.4905
archetype,Arcanist,median,6,spell_display_avg_max,6,29682.6502,30624.5872,31918.0906,33821.9821,37663.844,44455.5391,50249.6774,36300.7028,7484.4936,3197.395
archetype,Arcanist,median,6,spell_display_avg_sum,6,38831.2055,39019.8918,39730.5667,41795.7039,46478.1937,55079.9191,62287.205,45298.5049,8935.2427,2775.8121
archetype,Arcanist,median,6,heal_pct,6,-30,-30,-22.5,0,0,0,0,-10,15.4919,0
archetype,Arcanist,median,6,skill_points_assigned,6,187,187.5,188.5,190,195.25,197.5,198,191.6667,4.6762,2.5
archetype_class,Arcanist:mage,median,6,total_hp,6,12510,12757.5,13250,14065.5,14456.5,17485,20410,14769.3333,2866.4306,777.5
archetype_class,Arcanist:mage,median,6,ehp,6,11654.1667,18465.2119,26034.1599,33250.3341,41457.7024,49649.7972,56753.5911,33788.4477,15594.3031,8634.8731
archetype_class,Arcanist:mage,median,6,ehp_no_agi,6,11654.1667,11721.25,12371.9143,15362.7485,16941.9664,36904.2998,56753.5911,21329.4328,17504.6471,2633.3376
archetype_class,Arcanist:mage,median,6,hpr,6,-1305,-1148.75,-765.145,-81.58,-20.02,0,0,-410.11,581.7654,81.58
archetype_class,Arcanist:mage,median,6,ehpr,6,-3523.3708,-3385.1728,-2492.9858,-196.4094,-40.4501,0,0,-1193.8608,1702.0409,196.4095
archetype_class,Arcanist:mage,median,6,ls,6,0,69.5,170.75,317,368,504,640,296.8333,219.9386,114.5
archetype_class,Arcanist:mage,median,6,effective_ls,6,0,227.3701,519.9235,727.5667,930.0876,1143.3368,1293.1099,699.4245,444.9543,269.4118
archetype_class,Arcanist:mage,median,6,mr,6,-33,-30.5,-24.5,-10.5,-2.5,2,5,-13,15.0333,12.5
archetype_class,Arcanist:mage,median,6,total_mr,6,-8,-5.5,0.5,14.5,22.5,27,30,12,15.0333,12.5
archetype_class,Arcanist:mage,median,6,ms,6,-9,-5.5,-1.5,3,18.75,24.5,26,7.3333,14.1657,8.5
archetype_class,Arcanist:mage,median,6,mana_per_hit,6,-5.8824,-3.3428,-0.6024,0.3226,11.4358,16.0131,16.9935,4.331,9.3582,3.6654
archetype_class,Arcanist:mage,median,6,total_mana,6,111,116.5,125.75,142.5,161.5,194,222,151,39.7794,22
archetype_class,Arcanist:mage,median,6,walk_speed,6,-50,-26.5,-2.25,3,125.25,172,179,49.5,97.0665,29.5
archetype_class,Arcanist:mage,median,6,attack_tier,6,-7,-4,-1,-1,-0.25,0,0,-1.6667,2.6583,0.5
archetype_class,Arcanist:mage,median,6,attacks_per_second,6,0.51,0.51,0.51,0.67,2.0825,2.8,3.1,1.3267,1.1635,0.16
archetype_class,Arcanist:mage,median,6,poison,6,0,0,0,0,0,0,0,0,0,0
archetype_class,Arcanist:mage,median,6,main_attack_range_pct,6,-30,-15,0,0,0,4.5,9,-3.5,13.4722,0
archetype_class,Arcanist:mage,median,6,main_attack_range_blocks,6,1.4,1.7,2,2,2,2.09,2.18,1.93,0.2694,0
archetype_class,Arcanist:mage,median,6,main_attack_dps,6,378.1397,944.7495,2106.3116,4394.1307,6270.5285,7367.0602,8005.78,4235.3135,2942.302,2608.4905
archetype_class,Arcanist:mage,median,6,spell_display_avg_max,6,29682.6502,30624.5872,31918.0906,33821.9821,37663.844,44455.5391,50249.6774,36300.7028,7484.4936,3197.395
archetype_class,Arcanist:mage,median,6,spell_display_avg_sum,6,38831.2055,39019.8918,39730.5667,41795.7039,46478.1937,55079.9191,62287.205,45298.5049,8935.2427,2775.8121
archetype_class,Arcanist:mage,median,6,heal_pct,6,-30,-30,-22.5,0,0,0,0,-10,15.4919,0
archetype_class,Arcanist:mage,median,6,skill_points_assigned,6,187,187.5,188.5,190,195.25,197.5,198,191.6667,4.6762,2.5
archetype,Arcanist,upper_quartile_proxy,6,total_hp,6,12510,12757.5,13250,14088,14467.75,17860,21160,14901.8333,3160.5762,777.5
archetype,Arcanist,upper_quartile_proxy,6,ehp,6,11654.1667,18465.2119,26034.1599,33311.0819,41488.0762,50692.5506,58839.0979,34156.2814,16225.4237,8634.8731
archetype,Arcanist,upper_quartile_proxy,6,ehp_no_agi,6,11654.1667,11740,12400.0393,15362.7485,16941.9664,37947.0532,58839.0979,21683.2672,18345.0373,2614.5876
archetype,Arcanist,upper_quartile_proxy,6,hpr,6,-726.4,-639.005,-413.7075,0,1.7775,14.415,26.46,-208.1967,338.3966,14.415
archetype,Arcanist,upper_quartile_proxy,6,ehpr,6,-1961.2081,-1882.9032,-1353.4487,0,4.9427,30.0261,53.462,-617.6257,981.534,30.0261
archetype,Arcanist,upper_quartile_proxy,6,ls,6,0,91,250.5,469.5,483,662,841,407.5,289.3377,150.5
archetype,Arcanist,upper_quartile_proxy,6,effective_ls,6,0,297.7075,681.326,1103.5236,1295.0362,1501.6397,1699.2272,967.6236,602.3782,354.3186
archetype,Arcanist,upper_quartile_proxy,6,mr,6,-19,-18.5,-14.75,-4.5,2,6.5,9,-5.5,11.327,11
archetype,Arcanist,upper_quartile_proxy,6,total_mr,6,6,6.5,10.25,20.5,27,31.5,34,19.5,11.327,11
archetype,Arcanist,upper_quartile_proxy,6,ms,6,0,1.5,3,7,23,29,31,12.5,13.3529,5.5
archetype,Arcanist,upper_quartile_proxy,6,mana_per_hit,6,0,0.5914,1.1883,1.5828,13.7255,18.9542,20.2614,7.0428,9.2847,0.9914
archetype,Arcanist,upper_quartile_proxy,6,total_mana,6,115,122.5,134.5,149,162,205.5,245,159,45.6596,18
archetype,Arcanist,upper_quartile_proxy,6,walk_speed,6,-34,-17,1.5,7,164,220,224,70,117.2075,24
archetype,Arcanist,upper_quartile_proxy,6,attack_tier,6,-7,-4,-1,-1,-0.25,0,0,-1.6667,2.6583,0.5
archetype,Arcanist,upper_quartile_proxy,6,attacks_per_second,6,0.51,0.51,0.51,0.67,2.0825,2.8,3.1,1.3267,1.1635,0.16
archetype,Arcanist,upper_quartile_proxy,6,poison,6,0,0,0,0,0,0,0,0,0,0
archetype,Arcanist,upper_quartile_proxy,6,main_attack_range_pct,6,-25,-12.5,0,0,0,5.5,11,-2.3333,11.9443,0
archetype,Arcanist,upper_quartile_proxy,6,main_attack_range_blocks,6,1.5,1.75,2,2,2,2.11,2.22,1.9533,0.2389,0
archetype,Arcanist,upper_quartile_proxy,6,main_attack_dps,6,391.7698,1037.7863,2433.6374,5133.8805,6652.9823,7694.7811,8380.4592,4622.1493,3075.1423,2560.9006
archetype,Arcanist,upper_quartile_proxy,6,spell_display_avg_max,6,35110.2926,35351.1064,35747.0864,36952.4113,41717.3493,51190.4117,59321.7702,41164.6431,9354.7949,1601.3048
archetype,Arcanist,upper_quartile_proxy,6,spell_display_avg_sum,6,43231.7669,44287.6254,45527.4774,46551.1171,51755.3043,63426.2421,73519.6705,51421.6615,11347.973,2263.4917
archetype,Arcanist,upper_quartile_proxy,6,heal_pct,6,-25,-25,-18.75,0,0,0,0,-8.3333,12.9099,0
archetype,Arcanist,upper_quartile_proxy,6,skill_points_assigned,6,187,187.5,188.5,190,195.25,197.5,198,191.6667,4.6762,2.5
archetype_class,Arcanist:mage,upper_quartile_proxy,6,total_hp,6,12510,12757.5,13250,14088,14467.75,17860,21160,14901.8333,3160.5762,777.5
archetype_class,Arcanist:mage,upper_quartile_proxy,6,ehp,6,11654.1667,18465.2119,26034.1599,33311.0819,41488.0762,50692.5506,58839.0979,34156.2814,16225.4237,8634.8731
archetype_class,Arcanist:mage,upper_quartile_proxy,6,ehp_no_agi,6,11654.1667,11740,12400.0393,15362.7485,16941.9664,37947.0532,58839.0979,21683.2672,18345.0373,2614.5876
archetype_class,Arcanist:mage,upper_quartile_proxy,6,hpr,6,-726.4,-639.005,-413.7075,0,1.7775,14.415,26.46,-208.1967,338.3966,14.415
archetype_class,Arcanist:mage,upper_quartile_proxy,6,ehpr,6,-1961.2081,-1882.9032,-1353.4487,0,4.9427,30.0261,53.462,-617.6257,981.534,30.0261
archetype_class,Arcanist:mage,upper_quartile_proxy,6,ls,6,0,91,250.5,469.5,483,662,841,407.5,289.3377,150.5
archetype_class,Arcanist:mage,upper_quartile_proxy,6,effective_ls,6,0,297.7075,681.326,1103.5236,1295.0362,1501.6397,1699.2272,967.6236,602.3782,354.3186
archetype_class,Arcanist:mage,upper_quartile_proxy,6,mr,6,-19,-18.5,-14.75,-4.5,2,6.5,9,-5.5,11.327,11
archetype_class,Arcanist:mage,upper_quartile_proxy,6,total_mr,6,6,6.5,10.25,20.5,27,31.5,34,19.5,11.327,11
archetype_class,Arcanist:mage,upper_quartile_proxy,6,ms,6,0,1.5,3,7,23,29,31,12.5,13.3529,5.5
archetype_class,Arcanist:mage,upper_quartile_proxy,6,mana_per_hit,6,0,0.5914,1.1883,1.5828,13.7255,18.9542,20.2614,7.0428,9.2847,0.9914
archetype_class,Arcanist:mage,upper_quartile_proxy,6,total_mana,6,115,122.5,134.5,149,162,205.5,245,159,45.6596,18
archetype_class,Arcanist:mage,upper_quartile_proxy,6,walk_speed,6,-34,-17,1.5,7,164,220,224,70,117.2075,24
archetype_class,Arcanist:mage,upper_quartile_proxy,6,attack_tier,6,-7,-4,-1,-1,-0.25,0,0,-1.6667,2.6583,0.5
archetype_class,Arcanist:mage,upper_quartile_proxy,6,attacks_per_second,6,0.51,0.51,0.51,0.67,2.0825,2.8,3.1,1.3267,1.1635,0.16
archetype_class,Arcanist:mage,upper_quartile_proxy,6,poison,6,0,0,0,0,0,0,0,0,0,0
archetype_class,Arcanist:mage,upper_quartile_proxy,6,main_attack_range_pct,6,-25,-12.5,0,0,0,5.5,11,-2.3333,11.9443,0
archetype_class,Arcanist:mage,upper_quartile_proxy,6,main_attack_range_blocks,6,1.5,1.75,2,2,2,2.11,2.22,1.9533,0.2389,0
archetype_class,Arcanist:mage,upper_quartile_proxy,6,main_attack_dps,6,391.7698,1037.7863,2433.6374,5133.8805,6652.9823,7694.7811,8380.4592,4622.1493,3075.1423,2560.9006
archetype_class,Arcanist:mage,upper_quartile_proxy,6,spell_display_avg_max,6,35110.2926,35351.1064,35747.0864,36952.4113,41717.3493,51190.4117,59321.7702,41164.6431,9354.7949,1601.3048
archetype_class,Arcanist:mage,upper_quartile_proxy,6,spell_display_avg_sum,6,43231.7669,44287.6254,45527.4774,46551.1171,51755.3043,63426.2421,73519.6705,51421.6615,11347.973,2263.4917
archetype_class,Arcanist:mage,upper_quartile_proxy,6,heal_pct,6,-25,-25,-18.75,0,0,0,0,-8.3333,12.9099,0
archetype_class,Arcanist:mage,upper_quartile_proxy,6,skill_points_assigned,6,187,187.5,188.5,190,195.25,197.5,198,191.6667,4.6762,2.5
archetype,Arcanist,solver_default,6,total_hp,6,12510,12757.5,13250,14097,14472.25,18010,21460,14954.8333,3278.6885,777.5
archetype,Arcanist,solver_default,6,ehp,6,11654.1667,18465.2119,26034.1599,33335.381,41500.2258,51109.6519,59673.3006,34303.4149,16483.1752,8634.8731
archetype,Arcanist,solver_default,6,ehp_no_agi,6,11654.1667,11747.5,12411.2893,15362.7485,16941.9664,38364.1546,59673.3006,21824.801,18681.398,2607.0876
archetype,Arcanist,solver_default,6,hpr,6,-523.2,-458.89,-295.935,0,18.225,37.515,50.73,-140.4583,250.6888,37.515
archetype,Arcanist,solver_default,6,ehpr,6,-1412.5882,-1351.7305,-968.1547,0,50.6778,85.0348,102.4992,-422.2319,722.1013,85.0348
archetype,Arcanist,solver_default,6,ls,6,0,99.5,281.5,529,531.25,726.5,921,451.6667,318.2865,166.5
archetype,Arcanist,solver_default,6,effective_ls,6,0,325.5154,745.3964,1228.3704,1466.5515,1670.0927,1860.8659,1074.6595,669.8329,414.1444
archetype,Arcanist,solver_default,6,mr,6,-8,-7.5,-6,2.5,8.75,10.5,12,1.8333,8.8412,8
archetype,Arcanist,solver_default,6,total_mr,6,17,17.5,19,27.5,33.75,35.5,37,26.8333,8.8412,8
archetype,Arcanist,solver_default,6,ms,6,0,3,8,15,27.25,33.5,36,17.1667,13.9774,12
archetype,Arcanist,solver_default,6,mana_per_hit,6,0,0.8602,1.8927,5.7799,17.4836,21.8954,23.5294,9.5119,10.1371,4.9197
archetype,Arcanist,solver_default,6,total_mana,6,118,127,139,156,165.5,217,268,166.6667,52.7889,15
archetype,Arcanist,solver_default,6,walk_speed,6,-26,-13,2.25,9.5,179.5,239,242,78.5,125.0148,22.5
archetype,Arcanist,solver_default,6,attack_tier,6,-7,-4,-1,-1,-0.25,0,0,-1.6667,2.6583,0.5
archetype,Arcanist,solver_default,6,attacks_per_second,6,0.51,0.51,0.51,0.67,2.0825,2.8,3.1,1.3267,1.1635,0.16
archetype,Arcanist,solver_default,6,poison,6,0,0,0,0,0,0,0,0,0,0
archetype,Arcanist,solver_default,6,main_attack_range_pct,6,-24,-12,0,0,0,6,12,-2,11.7983,0
archetype,Arcanist,solver_default,6,main_attack_range_blocks,6,1.52,1.76,2,2,2,2.12,2.24,1.96,0.236,0
archetype,Arcanist,solver_default,6,main_attack_dps,6,397.2603,1079.7233,2571.1673,5427.5907,6825.8297,7863.1299,8577.5106,4790.148,3148.1647,2435.5392
archetype,Arcanist,solver_default,6,spell_display_avg_max,6,36526.1428,37035.2937,37656.4221,38469.7788,43471.7287,53933.1636,62886.4232,43146.0787,10123.61,1434.4851
archetype,Arcanist,solver_default,6,spell_display_avg_sum,6,44990.5211,45997.3417,47163.5014,48918.6398,54336.2062,66824.7385,77933.1223,53913.5733,12334.5886,2921.2981
archetype,Arcanist,solver_default,6,heal_pct,6,-24,-24,-18,0,0,0,0,-8,12.3935,0
archetype,Arcanist,solver_default,6,skill_points_assigned,6,187,187.5,188.5,190,195.25,197.5,198,191.6667,4.6762,2.5
archetype_class,Arcanist:mage,solver_default,6,total_hp,6,12510,12757.5,13250,14097,14472.25,18010,21460,14954.8333,3278.6885,777.5
archetype_class,Arcanist:mage,solver_default,6,ehp,6,11654.1667,18465.2119,26034.1599,33335.381,41500.2258,51109.6519,59673.3006,34303.4149,16483.1752,8634.8731
archetype_class,Arcanist:mage,solver_default,6,ehp_no_agi,6,11654.1667,11747.5,12411.2893,15362.7485,16941.9664,38364.1546,59673.3006,21824.801,18681.398,2607.0876
archetype_class,Arcanist:mage,solver_default,6,hpr,6,-523.2,-458.89,-295.935,0,18.225,37.515,50.73,-140.4583,250.6888,37.515
archetype_class,Arcanist:mage,solver_default,6,ehpr,6,-1412.5882,-1351.7305,-968.1547,0,50.6778,85.0348,102.4992,-422.2319,722.1013,85.0348
archetype_class,Arcanist:mage,solver_default,6,ls,6,0,99.5,281.5,529,531.25,726.5,921,451.6667,318.2865,166.5
archetype_class,Arcanist:mage,solver_default,6,effective_ls,6,0,325.5154,745.3964,1228.3704,1466.5515,1670.0927,1860.8659,1074.6595,669.8329,414.1444
archetype_class,Arcanist:mage,solver_default,6,mr,6,-8,-7.5,-6,2.5,8.75,10.5,12,1.8333,8.8412,8
archetype_class,Arcanist:mage,solver_default,6,total_mr,6,17,17.5,19,27.5,33.75,35.5,37,26.8333,8.8412,8
archetype_class,Arcanist:mage,solver_default,6,ms,6,0,3,8,15,27.25,33.5,36,17.1667,13.9774,12
archetype_class,Arcanist:mage,solver_default,6,mana_per_hit,6,0,0.8602,1.8927,5.7799,17.4836,21.8954,23.5294,9.5119,10.1371,4.9197
archetype_class,Arcanist:mage,solver_default,6,total_mana,6,118,127,139,156,165.5,217,268,166.6667,52.7889,15
archetype_class,Arcanist:mage,solver_default,6,walk_speed,6,-26,-13,2.25,9.5,179.5,239,242,78.5,125.0148,22.5
archetype_class,Arcanist:mage,solver_default,6,attack_tier,6,-7,-4,-1,-1,-0.25,0,0,-1.6667,2.6583,0.5
archetype_class,Arcanist:mage,solver_default,6,attacks_per_second,6,0.51,0.51,0.51,0.67,2.0825,2.8,3.1,1.3267,1.1635,0.16
archetype_class,Arcanist:mage,solver_default,6,poison,6,0,0,0,0,0,0,0,0,0,0
archetype_class,Arcanist:mage,solver_default,6,main_attack_range_pct,6,-24,-12,0,0,0,6,12,-2,11.7983,0
archetype_class,Arcanist:mage,solver_default,6,main_attack_range_blocks,6,1.52,1.76,2,2,2,2.12,2.24,1.96,0.236,0
archetype_class,Arcanist:mage,solver_default,6,main_attack_dps,6,397.2603,1079.7233,2571.1673,5427.5907,6825.8297,7863.1299,8577.5106,4790.148,3148.1647,2435.5392
archetype_class,Arcanist:mage,solver_default,6,spell_display_avg_max,6,36526.1428,37035.2937,37656.4221,38469.7788,43471.7287,53933.1636,62886.4232,43146.0787,10123.61,1434.4851
archetype_class,Arcanist:mage,solver_default,6,spell_display_avg_sum,6,44990.5211,45997.3417,47163.5014,48918.6398,54336.2062,66824.7385,77933.1223,53913.5733,12334.5886,2921.2981
archetype_class,Arcanist:mage,solver_default,6,heal_pct,6,-24,-24,-18,0,0,0,0,-8,12.3935,0
archetype_class,Arcanist:mage,solver_default,6,skill_points_assigned,6,187,187.5,188.5,190,195.25,197.5,198,191.6667,4.6762,2.5
archetype,Arcanist,maximum,6,total_hp,6,12510,12757.5,13250,14110.5,14479,18235,21910,15034.3333,3456.2602,777.5
archetype,Arcanist,maximum,6,ehp,6,11654.1667,18465.2119,26034.1599,33371.8297,41518.4501,51735.304,60924.6047,34524.1152,16875.0519,8634.8731
archetype,Arcanist,maximum,6,ehp_no_agi,6,11654.1667,11758.75,12428.1643,15362.7485,16941.9664,38989.8066,60924.6047,22037.1017,19186.1392,2595.8376
archetype,Arcanist,maximum,6,hpr,6,-243.95,-212.175,-135.3,0,44.82,76.07,92.38,-45.3683,135.5075,76.07
archetype,Arcanist,maximum,6,ehpr,6,-658.6409,-624.4107,-442.6354,0,124.6299,176.4128,186.6523,-149.3327,377.0337,176.4128
archetype,Arcanist,maximum,6,ls,6,0,112.5,318.25,598,634,843,1040,517.8333,362.1715,210.5
archetype,Arcanist,maximum,6,effective_ls,6,0,368.045,842.7287,1388.5927,1750.8726,1948.81,2101.3035,1235.1492,773.1728,530.1132
archetype,Arcanist,maximum,6,mr,6,-8,-7.5,-6,2.5,8.75,10.5,12,1.8333,8.8412,8
archetype,Arcanist,maximum,6,total_mr,6,17,17.5,19,27.5,33.75,35.5,37,26.8333,8.8412,8
archetype,Arcanist,maximum,6,ms,6,0,3,8,15,27.25,33.5,36,17.1667,13.9774,12
archetype,Arcanist,maximum,6,mana_per_hit,6,0,0.8602,1.8927,5.7799,17.4836,21.8954,23.5294,9.5119,10.1371,4.9197
archetype,Arcanist,maximum,6,total_mana,6,118,127,139,156,165.5,217,268,166.6667,52.7889,15
archetype,Arcanist,maximum,6,walk_speed,6,-17,-8.5,2.5,13,204.25,268,269,90.8333,137.6887,21.5
archetype,Arcanist,maximum,6,attack_tier,6,-7,-4,-1,-1,-0.25,0,0,-1.6667,2.6583,0.5
archetype,Arcanist,maximum,6,attacks_per_second,6,0.51,0.51,0.51,0.67,2.0825,2.8,3.1,1.3267,1.1635,0.16
archetype,Arcanist,maximum,6,poison,6,0,0,0,0,0,0,0,0,0,0
archetype,Arcanist,maximum,6,main_attack_range_pct,6,-21,-10.5,0,0,0,7,14,-1.1667,11.2146,0
archetype,Arcanist,maximum,6,main_attack_range_blocks,6,1.58,1.79,2,2,2,2.14,2.28,1.9767,0.2243,0
archetype,Arcanist,maximum,6,main_attack_dps,6,402.7508,1133.4176,2768.6258,5877.1984,7046.6525,8053.5696,8802.3181,5021.3952,3243.0438,2176.3712
archetype,Arcanist,maximum,6,spell_display_avg_max,6,38654.0611,39088.7634,39803.3136,41084.4758,46153.6149,57964.0858,68232.0497,46045.775,11329.1784,1995.7123
archetype,Arcanist,maximum,6,spell_display_avg_sum,6,47632.3284,48554.7122,49549.3174,52317.1914,58033.2973,71820.0334,84551.8043,57563.979,13876.4291,3762.4791
archetype,Arcanist,maximum,6,heal_pct,6,-21,-21,-15.75,0,0,0,0,-7,10.8444,0
archetype,Arcanist,maximum,6,skill_points_assigned,6,187,187.5,188.5,190,195.25,197.5,198,191.6667,4.6762,2.5
archetype_class,Arcanist:mage,maximum,6,total_hp,6,12510,12757.5,13250,14110.5,14479,18235,21910,15034.3333,3456.2602,777.5
archetype_class,Arcanist:mage,maximum,6,ehp,6,11654.1667,18465.2119,26034.1599,33371.8297,41518.4501,51735.304,60924.6047,34524.1152,16875.0519,8634.8731
archetype_class,Arcanist:mage,maximum,6,ehp_no_agi,6,11654.1667,11758.75,12428.1643,15362.7485,16941.9664,38989.8066,60924.6047,22037.1017,19186.1392,2595.8376
archetype_class,Arcanist:mage,maximum,6,hpr,6,-243.95,-212.175,-135.3,0,44.82,76.07,92.38,-45.3683,135.5075,76.07
archetype_class,Arcanist:mage,maximum,6,ehpr,6,-658.6409,-624.4107,-442.6354,0,124.6299,176.4128,186.6523,-149.3327,377.0337,176.4128
archetype_class,Arcanist:mage,maximum,6,ls,6,0,112.5,318.25,598,634,843,1040,517.8333,362.1715,210.5
archetype_class,Arcanist:mage,maximum,6,effective_ls,6,0,368.045,842.7287,1388.5927,1750.8726,1948.81,2101.3035,1235.1492,773.1728,530.1132
archetype_class,Arcanist:mage,maximum,6,mr,6,-8,-7.5,-6,2.5,8.75,10.5,12,1.8333,8.8412,8
archetype_class,Arcanist:mage,maximum,6,total_mr,6,17,17.5,19,27.5,33.75,35.5,37,26.8333,8.8412,8
archetype_class,Arcanist:mage,maximum,6,ms,6,0,3,8,15,27.25,33.5,36,17.1667,13.9774,12
archetype_class,Arcanist:mage,maximum,6,mana_per_hit,6,0,0.8602,1.8927,5.7799,17.4836,21.8954,23.5294,9.5119,10.1371,4.9197
archetype_class,Arcanist:mage,maximum,6,total_mana,6,118,127,139,156,165.5,217,268,166.6667,52.7889,15
archetype_class,Arcanist:mage,maximum,6,walk_speed,6,-17,-8.5,2.5,13,204.25,268,269,90.8333,137.6887,21.5
archetype_class,Arcanist:mage,maximum,6,attack_tier,6,-7,-4,-1,-1,-0.25,0,0,-1.6667,2.6583,0.5
archetype_class,Arcanist:mage,maximum,6,attacks_per_second,6,0.51,0.51,0.51,0.67,2.0825,2.8,3.1,1.3267,1.1635,0.16
archetype_class,Arcanist:mage,maximum,6,poison,6,0,0,0,0,0,0,0,0,0,0
archetype_class,Arcanist:mage,maximum,6,main_attack_range_pct,6,-21,-10.5,0,0,0,7,14,-1.1667,11.2146,0
archetype_class,Arcanist:mage,maximum,6,main_attack_range_blocks,6,1.58,1.79,2,2,2,2.14,2.28,1.9767,0.2243,0
archetype_class,Arcanist:mage,maximum,6,main_attack_dps,6,402.7508,1133.4176,2768.6258,5877.1984,7046.6525,8053.5696,8802.3181,5021.3952,3243.0438,2176.3712
archetype_class,Arcanist:mage,maximum,6,spell_display_avg_max,6,38654.0611,39088.7634,39803.3136,41084.4758,46153.6149,57964.0858,68232.0497,46045.775,11329.1784,1995.7123
archetype_class,Arcanist:mage,maximum,6,spell_display_avg_sum,6,47632.3284,48554.7122,49549.3174,52317.1914,58033.2973,71820.0334,84551.8043,57563.979,13876.4291,3762.4791
archetype_class,Arcanist:mage,maximum,6,heal_pct,6,-21,-21,-15.75,0,0,0,0,-7,10.8444,0
archetype_class,Arcanist:mage,maximum,6,skill_points_assigned,6,187,187.5,188.5,190,195.25,197.5,198,191.6667,4.6762,2.5
family,family_cancelstack,median,3,total_hp,3,6016,7059.8,8625.5,11235,12574.5,13378.2,13914,10388.3333,4016.4953,2679
family,family_cancelstack,median,3,ehp,3,16369.0693,17031.0014,18023.8997,19678.73,20539.2644,21055.585,21399.7988,19149.1994,2556.8265,1721.0688
family,family_cancelstack,median,3,ehp_no_agi,3,11235,11363.6975,11556.7437,11878.4874,16639.1431,19495.5365,21399.7988,14837.7621,5691.9912,643.4874
family,family_cancelstack,median,3,hpr,3,-182,-167.44,-145.6,-109.2,653.34,1110.864,1415.88,374.8933,902.2554,72.8
family,family_cancelstack,median,3,ehpr,3,-279.9169,-255.7538,-219.509,-159.1012,2236.1675,3673.3287,4631.4362,1397.4727,2801.3459,120.8157
family,family_cancelstack,median,3,ls,3,0,14,35,70,500.5,758.8,931,333.6667,518.4885,70
family,family_cancelstack,median,3,effective_ls,3,0,20.3976,50.994,101.988,766.9353,1165.9036,1431.8825,511.2902,798.8855,101.988
family,family_cancelstack,median,3,mr,3,0,0,0,0,5,8,10,3.3333,5.7735,0
family,family_cancelstack,median,3,total_mr,3,25,25,25,25,30,33,35,28.3333,5.7735,0
family,family_cancelstack,median,3,ms,3,-8,-6.4,-4,0,12,19.2,24,5.3333,16.6533,8
family,family_cancelstack,median,3,mana_per_hit,3,-1.0667,-0.8534,-0.5333,0,0.9303,1.4884,1.8605,0.2646,1.4814,1.0667
family,family_cancelstack,median,3,total_mana,3,100,100,100,100,118,128.8,136,112,20.7846,0
family,family_cancelstack,median,3,walk_speed,3,-18,-11,-0.5,17,29,36.2,41,13.3333,29.6704,24
family,family_cancelstack,median,3,attack_tier,3,0,0,0,0,3,4.8,6,2,3.4641,0
family,family_cancelstack,median,3,attacks_per_second,3,2.5,2.86,3.4,4.3,4.3,4.3,4.3,3.7,1.0392,0
family,family_cancelstack,median,3,poison,3,0,640,1600,3200,5836,7417.6,8472,3890.6667,4278.0207,3200
family,family_cancelstack,median,3,main_attack_range_pct,3,0,0,0,0,0,0,0,0,0,0
family,family_cancelstack,median,3,main_attack_range_blocks,3,2,2,2,2,3,3.6,4,2.6667,1.1547,0
family,family_cancelstack,median,3,main_attack_dps,3,949.4602,3781.609,8029.8323,15110.2044,24986.177,30911.7606,34862.1496,16973.9381,17032.9901,14160.7442
family,family_cancelstack,median,3,spell_display_avg_max,3,8759.184,10800.4679,13862.3938,18965.6035,36792.4637,47488.5798,54619.3239,27448.0371,24078.037,10206.4195
family,family_cancelstack,median,3,spell_display_avg_sum,3,21708.3387,27220.3654,35488.4054,49268.4721,61779.9266,69286.7993,74291.3811,48422.7306,26301.7214,25022.909
family,family_cancelstack,median,3,heal_pct,3,0,0,0,0,6.5,10.4,13,4.3333,7.5056,0
family,family_cancelstack,median,3,skill_points_assigned,3,171,171.6,172.5,174,183,188.4,192,179,11.3578,3
family_class,family_cancelstack:mage,median,1,total_hp,1,13914,13914,13914,13914,13914,13914,13914,13914,0,0
family_class,family_cancelstack:mage,median,1,ehp,1,21399.7988,21399.7988,21399.7988,21399.7988,21399.7988,21399.7988,21399.7988,21399.7988,0,0
family_class,family_cancelstack:mage,median,1,ehp_no_agi,1,21399.7988,21399.7988,21399.7988,21399.7988,21399.7988,21399.7988,21399.7988,21399.7988,0,0
family_class,family_cancelstack:mage,median,1,hpr,1,-182,-182,-182,-182,-182,-182,-182,-182,0,0
family_class,family_cancelstack:mage,median,1,ehpr,1,-279.9169,-279.9169,-279.9169,-279.9169,-279.9169,-279.9169,-279.9169,-279.9169,0,0
family_class,family_cancelstack:mage,median,1,ls,1,931,931,931,931,931,931,931,931,0,0
family_class,family_cancelstack:mage,median,1,effective_ls,1,1431.8825,1431.8825,1431.8825,1431.8825,1431.8825,1431.8825,1431.8825,1431.8825,0,0
family_class,family_cancelstack:mage,median,1,mr,1,0,0,0,0,0,0,0,0,0,0
family_class,family_cancelstack:mage,median,1,total_mr,1,25,25,25,25,25,25,25,25,0,0
family_class,family_cancelstack:mage,median,1,ms,1,24,24,24,24,24,24,24,24,0,0
family_class,family_cancelstack:mage,median,1,mana_per_hit,1,1.8605,1.8605,1.8605,1.8605,1.8605,1.8605,1.8605,1.8605,0,0
family_class,family_cancelstack:mage,median,1,total_mana,1,100,100,100,100,100,100,100,100,0,0
family_class,family_cancelstack:mage,median,1,walk_speed,1,-18,-18,-18,-18,-18,-18,-18,-18,0,0
family_class,family_cancelstack:mage,median,1,attack_tier,1,0,0,0,0,0,0,0,0,0,0
family_class,family_cancelstack:mage,median,1,attacks_per_second,1,4.3,4.3,4.3,4.3,4.3,4.3,4.3,4.3,0,0
family_class,family_cancelstack:mage,median,1,poison,1,8472,8472,8472,8472,8472,8472,8472,8472,0,0
family_class,family_cancelstack:mage,median,1,main_attack_range_pct,1,0,0,0,0,0,0,0,0,0,0
family_class,family_cancelstack:mage,median,1,main_attack_range_blocks,1,4,4,4,4,4,4,4,4,0,0
family_class,family_cancelstack:mage,median,1,main_attack_dps,1,34862.1496,34862.1496,34862.1496,34862.1496,34862.1496,34862.1496,34862.1496,34862.1496,0,0
family_class,family_cancelstack:mage,median,1,spell_display_avg_max,1,54619.3239,54619.3239,54619.3239,54619.3239,54619.3239,54619.3239,54619.3239,54619.3239,0,0
family_class,family_cancelstack:mage,median,1,spell_display_avg_sum,1,74291.3811,74291.3811,74291.3811,74291.3811,74291.3811,74291.3811,74291.3811,74291.3811,0,0
family_class,family_cancelstack:mage,median,1,heal_pct,1,0,0,0,0,0,0,0,0,0,0
family_class,family_cancelstack:mage,median,1,skill_points_assigned,1,171,171,171,171,171,171,171,171,0,0
family,family_cancelstack,upper_quartile_proxy,3,total_hp,3,6184,7194.2,8709.5,11235,12574.5,13378.2,13914,10444.3333,3925.1867,2679
family,family_cancelstack,upper_quartile_proxy,3,ehp,3,16369.0693,17140.9092,18298.6692,20228.269,20814.0339,21165.4928,21399.7988,19332.379,2632.3039,1171.5298
family,family_cancelstack,upper_quartile_proxy,3,ehp_no_agi,3,11235,11430.0401,11722.6002,12210.2004,16804.9996,19561.8791,21399.7988,14948.3331,5608.3698,975.2004
family,family_cancelstack,upper_quartile_proxy,3,hpr,3,-154,-141.218,-122.045,-90.09,963.705,1595.982,2017.5,591.1367,1235.6801,63.91
family,family_cancelstack,upper_quartile_proxy,3,ehpr,3,-236.8527,-215.7339,-184.0556,-131.2585,3234.0581,5253.248,6599.3746,2077.0878,3916.7711,105.5942
family,family_cancelstack,upper_quartile_proxy,3,ls,3,0,26.8,67,134,720,1071.6,1306,480,718.4678,134
family,family_cancelstack,upper_quartile_proxy,3,effective_ls,3,0,39.0468,97.6171,195.2341,1101.9342,1645.9543,2008.6343,734.6228,1107.6363,195.2341
family,family_cancelstack,upper_quartile_proxy,3,mr,3,0,0,0,0,7.5,12,15,5,8.6603,0
family,family_cancelstack,upper_quartile_proxy,3,total_mr,3,25,25,25,25,32.5,37,40,30,8.6603,0
family,family_cancelstack,upper_quartile_proxy,3,ms,3,-7,-5.6,-3.5,0,16,25.6,32,8.3333,20.7926,7
family,family_cancelstack,upper_quartile_proxy,3,mana_per_hit,3,-0.9333,-0.7466,-0.4666,0,1.2403,1.9845,2.4806,0.5158,1.7644,0.9333
family,family_cancelstack,upper_quartile_proxy,3,total_mana,3,100,100,100,100,119.5,131.2,139,113,22.5167,0
family,family_cancelstack,upper_quartile_proxy,3,walk_speed,3,-13,-6.2,4,21,34,41.8,47,18.3333,30.0888,26
family,family_cancelstack,upper_quartile_proxy,3,attack_tier,3,0,0,0,0,3,4.8,6,2,3.4641,0
family,family_cancelstack,upper_quartile_proxy,3,attacks_per_second,3,2.5,2.86,3.4,4.3,4.3,4.3,4.3,3.7,1.0392,0
family,family_cancelstack,upper_quartile_proxy,3,poison,3,0,840,2100,4200,6336,7617.6,8472,4224,4236.051,4200
family,family_cancelstack,upper_quartile_proxy,3,main_attack_range_pct,3,0,0,0,0,0,0,0,0,0,0
family,family_cancelstack,upper_quartile_proxy,3,main_attack_range_blocks,3,2,2,2,2,3,3.6,4,2.6667,1.1547,0
family,family_cancelstack,upper_quartile_proxy,3,main_attack_dps,3,1091.1237,4380.6611,9314.9672,17538.8106,28598.9688,35235.0637,39659.127,19429.6871,19353.4049,16447.6869
family,family_cancelstack,upper_quartile_proxy,3,spell_display_avg_max,3,10395.6439,12465.5928,15570.5163,20745.3886,38209.7034,48688.2923,55674.0182,28938.3502,23725.0134,10349.7447
family,family_cancelstack,upper_quartile_proxy,3,spell_display_avg_sum,3,25639.7599,31294.2082,39775.8808,53912.0016,64850.1805,71413.0878,75788.3593,51780.0403,25142.1847,21876.3577
family,family_cancelstack,upper_quartile_proxy,3,heal_pct,3,0,0,0,0,8.5,13.6,17,5.6667,9.815,0
family,family_cancelstack,upper_quartile_proxy,3,skill_points_assigned,3,171,171.6,172.5,174,183,188.4,192,179,11.3578,3
family_class,family_cancelstack:mage,upper_quartile_proxy,1,total_hp,1,13914,13914,13914,13914,13914,13914,13914,13914,0,0
family_class,family_cancelstack:mage,upper_quartile_proxy,1,ehp,1,21399.7988,21399.7988,21399.7988,21399.7988,21399.7988,21399.7988,21399.7988,21399.7988,0,0
family_class,family_cancelstack:mage,upper_quartile_proxy,1,ehp_no_agi,1,21399.7988,21399.7988,21399.7988,21399.7988,21399.7988,21399.7988,21399.7988,21399.7988,0,0
family_class,family_cancelstack:mage,upper_quartile_proxy,1,hpr,1,-154,-154,-154,-154,-154,-154,-154,-154,0,0
family_class,family_cancelstack:mage,upper_quartile_proxy,1,ehpr,1,-236.8527,-236.8527,-236.8527,-236.8527,-236.8527,-236.8527,-236.8527,-236.8527,0,0
family_class,family_cancelstack:mage,upper_quartile_proxy,1,ls,1,1306,1306,1306,1306,1306,1306,1306,1306,0,0
family_class,family_cancelstack:mage,upper_quartile_proxy,1,effective_ls,1,2008.6343,2008.6343,2008.6343,2008.6343,2008.6343,2008.6343,2008.6343,2008.6343,0,0
family_class,family_cancelstack:mage,upper_quartile_proxy,1,mr,1,0,0,0,0,0,0,0,0,0,0
family_class,family_cancelstack:mage,upper_quartile_proxy,1,total_mr,1,25,25,25,25,25,25,25,25,0,0
family_class,family_cancelstack:mage,upper_quartile_proxy,1,ms,1,32,32,32,32,32,32,32,32,0,0
family_class,family_cancelstack:mage,upper_quartile_proxy,1,mana_per_hit,1,2.4806,2.4806,2.4806,2.4806,2.4806,2.4806,2.4806,2.4806,0,0
family_class,family_cancelstack:mage,upper_quartile_proxy,1,total_mana,1,100,100,100,100,100,100,100,100,0,0
family_class,family_cancelstack:mage,upper_quartile_proxy,1,walk_speed,1,-13,-13,-13,-13,-13,-13,-13,-13,0,0
family_class,family_cancelstack:mage,upper_quartile_proxy,1,attack_tier,1,0,0,0,0,0,0,0,0,0,0
family_class,family_cancelstack:mage,upper_quartile_proxy,1,attacks_per_second,1,4.3,4.3,4.3,4.3,4.3,4.3,4.3,4.3,0,0
family_class,family_cancelstack:mage,upper_quartile_proxy,1,poison,1,8472,8472,8472,8472,8472,8472,8472,8472,0,0
family_class,family_cancelstack:mage,upper_quartile_proxy,1,main_attack_range_pct,1,0,0,0,0,0,0,0,0,0,0
family_class,family_cancelstack:mage,upper_quartile_proxy,1,main_attack_range_blocks,1,4,4,4,4,4,4,4,4,0,0
family_class,family_cancelstack:mage,upper_quartile_proxy,1,main_attack_dps,1,39659.127,39659.127,39659.127,39659.127,39659.127,39659.127,39659.127,39659.127,0,0
family_class,family_cancelstack:mage,upper_quartile_proxy,1,spell_display_avg_max,1,55674.0182,55674.0182,55674.0182,55674.0182,55674.0182,55674.0182,55674.0182,55674.0182,0,0
family_class,family_cancelstack:mage,upper_quartile_proxy,1,spell_display_avg_sum,1,75788.3593,75788.3593,75788.3593,75788.3593,75788.3593,75788.3593,75788.3593,75788.3593,0,0
family_class,family_cancelstack:mage,upper_quartile_proxy,1,heal_pct,1,0,0,0,0,0,0,0,0,0,0
family_class,family_cancelstack:mage,upper_quartile_proxy,1,skill_points_assigned,1,171,171,171,171,171,171,171,171,0,0
family,family_cancelstack,solver_default,3,total_hp,3,6251,7247.8,8743,11235,12574.5,13378.2,13914,10466.6667,3888.8487,2679
family,family_cancelstack,solver_default,3,ehp,3,16369.0693,17184.7415,18408.2499,20447.4304,20923.6146,21209.3251,21399.7988,19405.4328,2672.3359,952.3684
family,family_cancelstack,solver_default,3,ehp_no_agi,3,11235,11456.4982,11788.7454,12342.4908,16871.1448,19588.3372,21399.7988,14992.4299,5576.5058,1107.4908
family,family_cancelstack,solver_default,3,hpr,3,-144,-131.904,-113.76,-83.52,1099.815,1809.816,2283.15,685.21,1384.187,60.48
family,family_cancelstack,solver_default,3,ehpr,3,-221.4727,-201.5154,-171.5794,-121.6862,3673.3235,5950.3293,7468.3332,2375.0581,4411.1878,99.7865
family,family_cancelstack,solver_default,3,ls,3,0,31.8,79.5,159,807,1195.8,1455,538,798.1147,159
family,family_cancelstack,solver_default,3,effective_ls,3,0,46.3317,115.8292,231.6584,1234.7277,1836.5693,2237.797,823.1518,1230.5821,231.6584
family,family_cancelstack,solver_default,3,mr,3,0,0,0,0,10,16,20,6.6667,11.547,0
family,family_cancelstack,solver_default,3,total_mr,3,25,25,25,25,35,41,45,31.6667,11.547,0
family,family_cancelstack,solver_default,3,ms,3,-6,-4.8,-3,0,19.5,31.2,39,11,24.4336,6
family,family_cancelstack,solver_default,3,mana_per_hit,3,-0.8,-0.64,-0.4,0,1.5117,2.4186,3.0233,0.7411,2.0165,0.8
family,family_cancelstack,solver_default,3,total_mana,3,100,100,100,100,121,133.6,142,114,24.2487,0
family,family_cancelstack,solver_default,3,walk_speed,3,-11,-4.2,6,23,36,43.8,49,20.3333,30.0888,26
family,family_cancelstack,solver_default,3,attack_tier,3,0,0,0,0,3,4.8,6,2,3.4641,0
family,family_cancelstack,solver_default,3,attacks_per_second,3,2.5,2.86,3.4,4.3,4.3,4.3,4.3,3.7,1.0392,0
family,family_cancelstack,solver_default,3,poison,3,0,920,2300,4600,6536,7697.6,8472,4357.3333,4241.2099,3872
family,family_cancelstack,solver_default,3,main_attack_range_pct,3,0,0,0,0,0,0,0,0,0,0
family,family_cancelstack,solver_default,3,main_attack_range_blocks,3,2,2,2,2,3,3.6,4,2.6667,1.1547,0
family,family_cancelstack,solver_default,3,main_attack_dps,3,1143.2477,4613.9681,9820.0488,18496.8499,30025.9946,36943.4813,41555.1392,20398.4123,20272.9425,17353.6022
family,family_cancelstack,solver_default,3,spell_display_avg_max,3,11007.9089,13105.4398,16251.7363,21495.5636,38843.032,49251.513,56190.5003,29564.6576,23647.3963,10487.6547
family,family_cancelstack,solver_default,3,spell_display_avg_sum,3,27111.8443,32860.9628,41484.6406,55857.4368,66187.5688,72385.648,76517.7008,53162.3273,24812.9477,20660.264
family,family_cancelstack,solver_default,3,heal_pct,3,0,0,0,0,9.5,15.2,19,6.3333,10.9697,0
family,family_cancelstack,solver_default,3,skill_points_assigned,3,171,171.6,172.5,174,183,188.4,192,179,11.3578,3
family_class,family_cancelstack:mage,solver_default,1,total_hp,1,13914,13914,13914,13914,13914,13914,13914,13914,0,0
family_class,family_cancelstack:mage,solver_default,1,ehp,1,21399.7988,21399.7988,21399.7988,21399.7988,21399.7988,21399.7988,21399.7988,21399.7988,0,0
family_class,family_cancelstack:mage,solver_default,1,ehp_no_agi,1,21399.7988,21399.7988,21399.7988,21399.7988,21399.7988,21399.7988,21399.7988,21399.7988,0,0
family_class,family_cancelstack:mage,solver_default,1,hpr,1,-144,-144,-144,-144,-144,-144,-144,-144,0,0
family_class,family_cancelstack:mage,solver_default,1,ehpr,1,-221.4727,-221.4727,-221.4727,-221.4727,-221.4727,-221.4727,-221.4727,-221.4727,0,0
family_class,family_cancelstack:mage,solver_default,1,ls,1,1455,1455,1455,1455,1455,1455,1455,1455,0,0
family_class,family_cancelstack:mage,solver_default,1,effective_ls,1,2237.797,2237.797,2237.797,2237.797,2237.797,2237.797,2237.797,2237.797,0,0
family_class,family_cancelstack:mage,solver_default,1,mr,1,0,0,0,0,0,0,0,0,0,0
family_class,family_cancelstack:mage,solver_default,1,total_mr,1,25,25,25,25,25,25,25,25,0,0
family_class,family_cancelstack:mage,solver_default,1,ms,1,39,39,39,39,39,39,39,39,0,0
family_class,family_cancelstack:mage,solver_default,1,mana_per_hit,1,3.0233,3.0233,3.0233,3.0233,3.0233,3.0233,3.0233,3.0233,0,0
family_class,family_cancelstack:mage,solver_default,1,total_mana,1,100,100,100,100,100,100,100,100,0,0
family_class,family_cancelstack:mage,solver_default,1,walk_speed,1,-11,-11,-11,-11,-11,-11,-11,-11,0,0
family_class,family_cancelstack:mage,solver_default,1,attack_tier,1,0,0,0,0,0,0,0,0,0,0
family_class,family_cancelstack:mage,solver_default,1,attacks_per_second,1,4.3,4.3,4.3,4.3,4.3,4.3,4.3,4.3,0,0
family_class,family_cancelstack:mage,solver_default,1,poison,1,8472,8472,8472,8472,8472,8472,8472,8472,0,0
family_class,family_cancelstack:mage,solver_default,1,main_attack_range_pct,1,0,0,0,0,0,0,0,0,0,0
family_class,family_cancelstack:mage,solver_default,1,main_attack_range_blocks,1,4,4,4,4,4,4,4,4,0,0
family_class,family_cancelstack:mage,solver_default,1,main_attack_dps,1,41555.1392,41555.1392,41555.1392,41555.1392,41555.1392,41555.1392,41555.1392,41555.1392,0,0
family_class,family_cancelstack:mage,solver_default,1,spell_display_avg_max,1,56190.5003,56190.5003,56190.5003,56190.5003,56190.5003,56190.5003,56190.5003,56190.5003,0,0
family_class,family_cancelstack:mage,solver_default,1,spell_display_avg_sum,1,76517.7008,76517.7008,76517.7008,76517.7008,76517.7008,76517.7008,76517.7008,76517.7008,0,0
family_class,family_cancelstack:mage,solver_default,1,heal_pct,1,0,0,0,0,0,0,0,0,0,0
family_class,family_cancelstack:mage,solver_default,1,skill_points_assigned,1,171,171,171,171,171,171,171,171,0,0
family,family_cancelstack,maximum,3,total_hp,3,6352,7328.6,8793.5,11235,12574.5,13378.2,13914,10500.3333,3834.1573,2679
family,family_cancelstack,maximum,3,ehp,3,16369.0693,17250.8171,18573.4387,20777.8081,21088.8035,21275.4007,21399.7988,19515.5587,2742.6292,621.9907
family,family_cancelstack,maximum,3,ehp_no_agi,3,11235,11496.3827,11888.4568,12541.9135,16970.8562,19628.2217,21399.7988,15058.9041,5530.1189,1306.9135
family,family_cancelstack,maximum,3,hpr,3,-128,-116.992,-100.48,-72.96,1312.17,2143.248,2697.3,832.1133,1615.5334,55.04
family,family_cancelstack,maximum,3,ehpr,3,-196.8646,-178.7518,-151.5826,-106.3006,4358.3722,7037.1759,8823.045,2839.9599,5181.7015,90.564
family,family_cancelstack,maximum,3,ls,3,0,39.4,98.5,197,938,1382.6,1679,625.3333,917.803,197
family,family_cancelstack,maximum,3,effective_ls,3,0,57.4047,143.5117,287.0233,1434.6667,2123.2527,2582.3101,956.4445,1415.3356,287.0233
family,family_cancelstack,maximum,3,mr,3,0,0,0,0,10,16,20,6.6667,11.547,0
family,family_cancelstack,maximum,3,total_mr,3,25,25,25,25,35,41,45,31.6667,11.547,0
family,family_cancelstack,maximum,3,ms,3,-6,-4.8,-3,0,19.5,31.2,39,11,24.4336,6
family,family_cancelstack,maximum,3,mana_per_hit,3,-0.8,-0.64,-0.4,0,1.5117,2.4186,3.0233,0.7411,2.0165,0.8
family,family_cancelstack,maximum,3,total_mana,3,100,100,100,100,121,133.6,142,114,24.2487,0
family,family_cancelstack,maximum,3,walk_speed,3,-8,-1.4,8.5,25,39,47.4,53,23.3333,30.5341,28
family,family_cancelstack,maximum,3,attack_tier,3,0,0,0,0,3,4.8,6,2,3.4641,0
family,family_cancelstack,maximum,3,attacks_per_second,3,2.5,2.86,3.4,4.3,4.3,4.3,4.3,3.7,1.0392,0
family,family_cancelstack,maximum,3,poison,3,0,1040,2600,5200,6836,7817.6,8472,4557.3333,4272.407,3272
family,family_cancelstack,maximum,3,main_attack_range_pct,3,0,0,0,0,0,0,0,0,0,0
family,family_cancelstack,maximum,3,main_attack_range_blocks,3,2,2,2,2,3,3.6,4,2.6667,1.1547,0
family,family_cancelstack,maximum,3,main_attack_dps,3,1226.2092,4974.4507,10596.813,19967.4167,32205.4777,39548.3142,44443.5386,21879.0548,21671.9902,18741.2075
family,family_cancelstack,maximum,3,spell_display_avg_max,3,11979.6839,14104.9645,17292.8854,22606.0869,39760.5562,50053.2379,56915.0256,30500.2655,23484.7775,10626.403
family,family_cancelstack,maximum,3,spell_display_avg_sum,3,29444.1636,35306.281,44099.4571,58754.7506,68151.2344,73789.1248,77547.7183,55248.8775,24242.6557,18792.9677
family,family_cancelstack,maximum,3,heal_pct,3,0,0,0,0,10.5,16.8,21,7,12.1244,0
family,family_cancelstack,maximum,3,skill_points_assigned,3,171,171.6,172.5,174,183,188.4,192,179,11.3578,3
family_class,family_cancelstack:mage,maximum,1,total_hp,1,13914,13914,13914,13914,13914,13914,13914,13914,0,0
family_class,family_cancelstack:mage,maximum,1,ehp,1,21399.7988,21399.7988,21399.7988,21399.7988,21399.7988,21399.7988,21399.7988,21399.7988,0,0
family_class,family_cancelstack:mage,maximum,1,ehp_no_agi,1,21399.7988,21399.7988,21399.7988,21399.7988,21399.7988,21399.7988,21399.7988,21399.7988,0,0
family_class,family_cancelstack:mage,maximum,1,hpr,1,-128,-128,-128,-128,-128,-128,-128,-128,0,0
family_class,family_cancelstack:mage,maximum,1,ehpr,1,-196.8646,-196.8646,-196.8646,-196.8646,-196.8646,-196.8646,-196.8646,-196.8646,0,0
family_class,family_cancelstack:mage,maximum,1,ls,1,1679,1679,1679,1679,1679,1679,1679,1679,0,0
family_class,family_cancelstack:mage,maximum,1,effective_ls,1,2582.3101,2582.3101,2582.3101,2582.3101,2582.3101,2582.3101,2582.3101,2582.3101,0,0
family_class,family_cancelstack:mage,maximum,1,mr,1,0,0,0,0,0,0,0,0,0,0
family_class,family_cancelstack:mage,maximum,1,total_mr,1,25,25,25,25,25,25,25,25,0,0
family_class,family_cancelstack:mage,maximum,1,ms,1,39,39,39,39,39,39,39,39,0,0
family_class,family_cancelstack:mage,maximum,1,mana_per_hit,1,3.0233,3.0233,3.0233,3.0233,3.0233,3.0233,3.0233,3.0233,0,0
family_class,family_cancelstack:mage,maximum,1,total_mana,1,100,100,100,100,100,100,100,100,0,0
family_class,family_cancelstack:mage,maximum,1,walk_speed,1,-8,-8,-8,-8,-8,-8,-8,-8,0,0
family_class,family_cancelstack:mage,maximum,1,attack_tier,1,0,0,0,0,0,0,0,0,0,0
family_class,family_cancelstack:mage,maximum,1,attacks_per_second,1,4.3,4.3,4.3,4.3,4.3,4.3,4.3,4.3,0,0
family_class,family_cancelstack:mage,maximum,1,poison,1,8472,8472,8472,8472,8472,8472,8472,8472,0,0
family_class,family_cancelstack:mage,maximum,1,main_attack_range_pct,1,0,0,0,0,0,0,0,0,0,0
family_class,family_cancelstack:mage,maximum,1,main_attack_range_blocks,1,4,4,4,4,4,4,4,4,0,0
family_class,family_cancelstack:mage,maximum,1,main_attack_dps,1,44443.5386,44443.5386,44443.5386,44443.5386,44443.5386,44443.5386,44443.5386,44443.5386,0,0
family_class,family_cancelstack:mage,maximum,1,spell_display_avg_max,1,56915.0256,56915.0256,56915.0256,56915.0256,56915.0256,56915.0256,56915.0256,56915.0256,0,0
family_class,family_cancelstack:mage,maximum,1,spell_display_avg_sum,1,77547.7183,77547.7183,77547.7183,77547.7183,77547.7183,77547.7183,77547.7183,77547.7183,0,0
family_class,family_cancelstack:mage,maximum,1,heal_pct,1,0,0,0,0,0,0,0,0,0,0
family_class,family_cancelstack:mage,maximum,1,skill_points_assigned,1,171,171,171,171,171,171,171,171,0,0
family,family_lootrun,median,1,total_hp,1,14146,14146,14146,14146,14146,14146,14146,14146,0,0
family,family_lootrun,median,1,ehp,1,38192.7998,38192.7998,38192.7998,38192.7998,38192.7998,38192.7998,38192.7998,38192.7998,0,0
family,family_lootrun,median,1,ehp_no_agi,1,11788.3333,11788.3333,11788.3333,11788.3333,11788.3333,11788.3333,11788.3333,11788.3333,0,0
family,family_lootrun,median,1,hpr,1,-1305,-1305,-1305,-1305,-1305,-1305,-1305,-1305,0,0
family,family_lootrun,median,1,ehpr,1,-3523.3708,-3523.3708,-3523.3708,-3523.3708,-3523.3708,-3523.3708,-3523.3708,-3523.3708,0,0
family,family_lootrun,median,1,ls,1,368,368,368,368,368,368,368,368,0,0
family,family_lootrun,median,1,effective_ls,1,993.5636,993.5636,993.5636,993.5636,993.5636,993.5636,993.5636,993.5636,0,0
family,family_lootrun,median,1,mr,1,-14,-14,-14,-14,-14,-14,-14,-14,0,0
family,family_lootrun,median,1,total_mr,1,11,11,11,11,11,11,11,11,0,0
family,family_lootrun,median,1,ms,1,0,0,0,0,0,0,0,0,0,0
family,family_lootrun,median,1,mana_per_hit,1,0,0,0,0,0,0,0,0,0,0
family,family_lootrun,median,1,total_mana,1,166,166,166,166,166,166,166,166,0,0
family,family_lootrun,median,1,walk_speed,1,165,165,165,165,165,165,165,165,0,0
family,family_lootrun,median,1,attack_tier,1,-1,-1,-1,-1,-1,-1,-1,-1,0,0
family,family_lootrun,median,1,attacks_per_second,1,2.5,2.5,2.5,2.5,2.5,2.5,2.5,2.5,0,0
family,family_lootrun,median,1,poison,1,0,0,0,0,0,0,0,0,0,0
family,family_lootrun,median,1,main_attack_range_pct,1,0,0,0,0,0,0,0,0,0,0
family,family_lootrun,median,1,main_attack_range_blocks,1,2,2,2,2,2,2,2,2,0,0
family,family_lootrun,median,1,main_attack_dps,1,3891.1683,3891.1683,3891.1683,3891.1683,3891.1683,3891.1683,3891.1683,3891.1683,0,0
family,family_lootrun,median,1,spell_display_avg_max,1,32972.7902,32972.7902,32972.7902,32972.7902,32972.7902,32972.7902,32972.7902,32972.7902,0,0
family,family_lootrun,median,1,spell_display_avg_sum,1,41296.5323,41296.5323,41296.5323,41296.5323,41296.5323,41296.5323,41296.5323,41296.5323,0,0
family,family_lootrun,median,1,heal_pct,1,-30,-30,-30,-30,-30,-30,-30,-30,0,0
family,family_lootrun,median,1,skill_points_assigned,1,198,198,198,198,198,198,198,198,0,0
family_class,family_lootrun:mage,median,1,total_hp,1,14146,14146,14146,14146,14146,14146,14146,14146,0,0
family_class,family_lootrun:mage,median,1,ehp,1,38192.7998,38192.7998,38192.7998,38192.7998,38192.7998,38192.7998,38192.7998,38192.7998,0,0
family_class,family_lootrun:mage,median,1,ehp_no_agi,1,11788.3333,11788.3333,11788.3333,11788.3333,11788.3333,11788.3333,11788.3333,11788.3333,0,0
family_class,family_lootrun:mage,median,1,hpr,1,-1305,-1305,-1305,-1305,-1305,-1305,-1305,-1305,0,0
family_class,family_lootrun:mage,median,1,ehpr,1,-3523.3708,-3523.3708,-3523.3708,-3523.3708,-3523.3708,-3523.3708,-3523.3708,-3523.3708,0,0
family_class,family_lootrun:mage,median,1,ls,1,368,368,368,368,368,368,368,368,0,0
family_class,family_lootrun:mage,median,1,effective_ls,1,993.5636,993.5636,993.5636,993.5636,993.5636,993.5636,993.5636,993.5636,0,0
family_class,family_lootrun:mage,median,1,mr,1,-14,-14,-14,-14,-14,-14,-14,-14,0,0
family_class,family_lootrun:mage,median,1,total_mr,1,11,11,11,11,11,11,11,11,0,0
family_class,family_lootrun:mage,median,1,ms,1,0,0,0,0,0,0,0,0,0,0
family_class,family_lootrun:mage,median,1,mana_per_hit,1,0,0,0,0,0,0,0,0,0,0
family_class,family_lootrun:mage,median,1,total_mana,1,166,166,166,166,166,166,166,166,0,0
family_class,family_lootrun:mage,median,1,walk_speed,1,165,165,165,165,165,165,165,165,0,0
family_class,family_lootrun:mage,median,1,attack_tier,1,-1,-1,-1,-1,-1,-1,-1,-1,0,0
family_class,family_lootrun:mage,median,1,attacks_per_second,1,2.5,2.5,2.5,2.5,2.5,2.5,2.5,2.5,0,0
family_class,family_lootrun:mage,median,1,poison,1,0,0,0,0,0,0,0,0,0,0
family_class,family_lootrun:mage,median,1,main_attack_range_pct,1,0,0,0,0,0,0,0,0,0,0
family_class,family_lootrun:mage,median,1,main_attack_range_blocks,1,2,2,2,2,2,2,2,2,0,0
family_class,family_lootrun:mage,median,1,main_attack_dps,1,3891.1683,3891.1683,3891.1683,3891.1683,3891.1683,3891.1683,3891.1683,3891.1683,0,0
family_class,family_lootrun:mage,median,1,spell_display_avg_max,1,32972.7902,32972.7902,32972.7902,32972.7902,32972.7902,32972.7902,32972.7902,32972.7902,0,0
family_class,family_lootrun:mage,median,1,spell_display_avg_sum,1,41296.5323,41296.5323,41296.5323,41296.5323,41296.5323,41296.5323,41296.5323,41296.5323,0,0
family_class,family_lootrun:mage,median,1,heal_pct,1,-30,-30,-30,-30,-30,-30,-30,-30,0,0
family_class,family_lootrun:mage,median,1,skill_points_assigned,1,198,198,198,198,198,198,198,198,0,0
family,family_lootrun,upper_quartile_proxy,1,total_hp,1,14191,14191,14191,14191,14191,14191,14191,14191,0,0
family,family_lootrun,upper_quartile_proxy,1,ehp,1,38314.2953,38314.2953,38314.2953,38314.2953,38314.2953,38314.2953,38314.2953,38314.2953,0,0
family,family_lootrun,upper_quartile_proxy,1,ehp_no_agi,1,11825.8333,11825.8333,11825.8333,11825.8333,11825.8333,11825.8333,11825.8333,11825.8333,0,0
family,family_lootrun,upper_quartile_proxy,1,hpr,1,-726.4,-726.4,-726.4,-726.4,-726.4,-726.4,-726.4,-726.4,0,0
family,family_lootrun,upper_quartile_proxy,1,ehpr,1,-1961.2081,-1961.2081,-1961.2081,-1961.2081,-1961.2081,-1961.2081,-1961.2081,-1961.2081,0,0
family,family_lootrun,upper_quartile_proxy,1,ls,1,483,483,483,483,483,483,483,483,0,0
family,family_lootrun,upper_quartile_proxy,1,effective_ls,1,1304.0522,1304.0522,1304.0522,1304.0522,1304.0522,1304.0522,1304.0522,1304.0522,0,0
family,family_lootrun,upper_quartile_proxy,1,mr,1,-4,-4,-4,-4,-4,-4,-4,-4,0,0
family,family_lootrun,upper_quartile_proxy,1,total_mr,1,21,21,21,21,21,21,21,21,0,0
family,family_lootrun,upper_quartile_proxy,1,ms,1,0,0,0,0,0,0,0,0,0,0
family,family_lootrun,upper_quartile_proxy,1,mana_per_hit,1,0,0,0,0,0,0,0,0,0,0
family,family_lootrun,upper_quartile_proxy,1,total_mana,1,166,166,166,166,166,166,166,166,0,0
family,family_lootrun,upper_quartile_proxy,1,walk_speed,1,216,216,216,216,216,216,216,216,0,0
family,family_lootrun,upper_quartile_proxy,1,attack_tier,1,-1,-1,-1,-1,-1,-1,-1,-1,0,0
family,family_lootrun,upper_quartile_proxy,1,attacks_per_second,1,2.5,2.5,2.5,2.5,2.5,2.5,2.5,2.5,0,0
family,family_lootrun,upper_quartile_proxy,1,poison,1,0,0,0,0,0,0,0,0,0,0
family,family_lootrun,upper_quartile_proxy,1,main_attack_range_pct,1,0,0,0,0,0,0,0,0,0,0
family,family_lootrun,upper_quartile_proxy,1,main_attack_range_blocks,1,2,2,2,2,2,2,2,2,0,0
family,family_lootrun,upper_quartile_proxy,1,main_attack_dps,1,4683.141,4683.141,4683.141,4683.141,4683.141,4683.141,4683.141,4683.141,0,0
family,family_lootrun,upper_quartile_proxy,1,spell_display_avg_max,1,36212.5851,36212.5851,36212.5851,36212.5851,36212.5851,36212.5851,36212.5851,36212.5851,0,0
family,family_lootrun,upper_quartile_proxy,1,spell_display_avg_sum,1,45343.4839,45343.4839,45343.4839,45343.4839,45343.4839,45343.4839,45343.4839,45343.4839,0,0
family,family_lootrun,upper_quartile_proxy,1,heal_pct,1,-25,-25,-25,-25,-25,-25,-25,-25,0,0
family,family_lootrun,upper_quartile_proxy,1,skill_points_assigned,1,198,198,198,198,198,198,198,198,0,0
family_class,family_lootrun:mage,upper_quartile_proxy,1,total_hp,1,14191,14191,14191,14191,14191,14191,14191,14191,0,0
family_class,family_lootrun:mage,upper_quartile_proxy,1,ehp,1,38314.2953,38314.2953,38314.2953,38314.2953,38314.2953,38314.2953,38314.2953,38314.2953,0,0
family_class,family_lootrun:mage,upper_quartile_proxy,1,ehp_no_agi,1,11825.8333,11825.8333,11825.8333,11825.8333,11825.8333,11825.8333,11825.8333,11825.8333,0,0
family_class,family_lootrun:mage,upper_quartile_proxy,1,hpr,1,-726.4,-726.4,-726.4,-726.4,-726.4,-726.4,-726.4,-726.4,0,0
family_class,family_lootrun:mage,upper_quartile_proxy,1,ehpr,1,-1961.2081,-1961.2081,-1961.2081,-1961.2081,-1961.2081,-1961.2081,-1961.2081,-1961.2081,0,0
family_class,family_lootrun:mage,upper_quartile_proxy,1,ls,1,483,483,483,483,483,483,483,483,0,0
family_class,family_lootrun:mage,upper_quartile_proxy,1,effective_ls,1,1304.0522,1304.0522,1304.0522,1304.0522,1304.0522,1304.0522,1304.0522,1304.0522,0,0
family_class,family_lootrun:mage,upper_quartile_proxy,1,mr,1,-4,-4,-4,-4,-4,-4,-4,-4,0,0
family_class,family_lootrun:mage,upper_quartile_proxy,1,total_mr,1,21,21,21,21,21,21,21,21,0,0
family_class,family_lootrun:mage,upper_quartile_proxy,1,ms,1,0,0,0,0,0,0,0,0,0,0
family_class,family_lootrun:mage,upper_quartile_proxy,1,mana_per_hit,1,0,0,0,0,0,0,0,0,0,0
family_class,family_lootrun:mage,upper_quartile_proxy,1,total_mana,1,166,166,166,166,166,166,166,166,0,0
family_class,family_lootrun:mage,upper_quartile_proxy,1,walk_speed,1,216,216,216,216,216,216,216,216,0,0
family_class,family_lootrun:mage,upper_quartile_proxy,1,attack_tier,1,-1,-1,-1,-1,-1,-1,-1,-1,0,0
family_class,family_lootrun:mage,upper_quartile_proxy,1,attacks_per_second,1,2.5,2.5,2.5,2.5,2.5,2.5,2.5,2.5,0,0
family_class,family_lootrun:mage,upper_quartile_proxy,1,poison,1,0,0,0,0,0,0,0,0,0,0
family_class,family_lootrun:mage,upper_quartile_proxy,1,main_attack_range_pct,1,0,0,0,0,0,0,0,0,0,0
family_class,family_lootrun:mage,upper_quartile_proxy,1,main_attack_range_blocks,1,2,2,2,2,2,2,2,2,0,0
family_class,family_lootrun:mage,upper_quartile_proxy,1,main_attack_dps,1,4683.141,4683.141,4683.141,4683.141,4683.141,4683.141,4683.141,4683.141,0,0
family_class,family_lootrun:mage,upper_quartile_proxy,1,spell_display_avg_max,1,36212.5851,36212.5851,36212.5851,36212.5851,36212.5851,36212.5851,36212.5851,36212.5851,0,0
family_class,family_lootrun:mage,upper_quartile_proxy,1,spell_display_avg_sum,1,45343.4839,45343.4839,45343.4839,45343.4839,45343.4839,45343.4839,45343.4839,45343.4839,0,0
family_class,family_lootrun:mage,upper_quartile_proxy,1,heal_pct,1,-25,-25,-25,-25,-25,-25,-25,-25,0,0
family_class,family_lootrun:mage,upper_quartile_proxy,1,skill_points_assigned,1,198,198,198,198,198,198,198,198,0,0
family,family_lootrun,solver_default,1,total_hp,1,14209,14209,14209,14209,14209,14209,14209,14209,0,0
family,family_lootrun,solver_default,1,ehp,1,38362.8935,38362.8935,38362.8935,38362.8935,38362.8935,38362.8935,38362.8935,38362.8935,0,0
family,family_lootrun,solver_default,1,ehp_no_agi,1,11840.8333,11840.8333,11840.8333,11840.8333,11840.8333,11840.8333,11840.8333,11840.8333,0,0
family,family_lootrun,solver_default,1,hpr,1,-523.2,-523.2,-523.2,-523.2,-523.2,-523.2,-523.2,-523.2,0,0
family,family_lootrun,solver_default,1,ehpr,1,-1412.5882,-1412.5882,-1412.5882,-1412.5882,-1412.5882,-1412.5882,-1412.5882,-1412.5882,0,0
family,family_lootrun,solver_default,1,ls,1,529,529,529,529,529,529,529,529,0,0
family,family_lootrun,solver_default,1,effective_ls,1,1428.2476,1428.2476,1428.2476,1428.2476,1428.2476,1428.2476,1428.2476,1428.2476,0,0
family,family_lootrun,solver_default,1,mr,1,8,8,8,8,8,8,8,8,0,0
family,family_lootrun,solver_default,1,total_mr,1,33,33,33,33,33,33,33,33,0,0
family,family_lootrun,solver_default,1,ms,1,0,0,0,0,0,0,0,0,0,0
family,family_lootrun,solver_default,1,mana_per_hit,1,0,0,0,0,0,0,0,0,0,0
family,family_lootrun,solver_default,1,total_mana,1,166,166,166,166,166,166,166,166,0,0
family,family_lootrun,solver_default,1,walk_speed,1,236,236,236,236,236,236,236,236,0,0
family,family_lootrun,solver_default,1,attack_tier,1,-1,-1,-1,-1,-1,-1,-1,-1,0,0
family,family_lootrun,solver_default,1,attacks_per_second,1,2.5,2.5,2.5,2.5,2.5,2.5,2.5,2.5,0,0
family,family_lootrun,solver_default,1,poison,1,0,0,0,0,0,0,0,0,0,0
family,family_lootrun,solver_default,1,main_attack_range_pct,1,0,0,0,0,0,0,0,0,0,0
family,family_lootrun,solver_default,1,main_attack_range_blocks,1,2,2,2,2,2,2,2,2,0,0
family,family_lootrun,solver_default,1,main_attack_dps,1,4998.1104,4998.1104,4998.1104,4998.1104,4998.1104,4998.1104,4998.1104,4998.1104,0,0
family,family_lootrun,solver_default,1,spell_display_avg_max,1,37544.4446,37544.4446,37544.4446,37544.4446,37544.4446,37544.4446,37544.4446,37544.4446,0,0
family,family_lootrun,solver_default,1,spell_display_avg_sum,1,47004.1622,47004.1622,47004.1622,47004.1622,47004.1622,47004.1622,47004.1622,47004.1622,0,0
family,family_lootrun,solver_default,1,heal_pct,1,-24,-24,-24,-24,-24,-24,-24,-24,0,0
family,family_lootrun,solver_default,1,skill_points_assigned,1,198,198,198,198,198,198,198,198,0,0
family_class,family_lootrun:mage,solver_default,1,total_hp,1,14209,14209,14209,14209,14209,14209,14209,14209,0,0
family_class,family_lootrun:mage,solver_default,1,ehp,1,38362.8935,38362.8935,38362.8935,38362.8935,38362.8935,38362.8935,38362.8935,38362.8935,0,0
family_class,family_lootrun:mage,solver_default,1,ehp_no_agi,1,11840.8333,11840.8333,11840.8333,11840.8333,11840.8333,11840.8333,11840.8333,11840.8333,0,0
family_class,family_lootrun:mage,solver_default,1,hpr,1,-523.2,-523.2,-523.2,-523.2,-523.2,-523.2,-523.2,-523.2,0,0
family_class,family_lootrun:mage,solver_default,1,ehpr,1,-1412.5882,-1412.5882,-1412.5882,-1412.5882,-1412.5882,-1412.5882,-1412.5882,-1412.5882,0,0
family_class,family_lootrun:mage,solver_default,1,ls,1,529,529,529,529,529,529,529,529,0,0
family_class,family_lootrun:mage,solver_default,1,effective_ls,1,1428.2476,1428.2476,1428.2476,1428.2476,1428.2476,1428.2476,1428.2476,1428.2476,0,0
family_class,family_lootrun:mage,solver_default,1,mr,1,8,8,8,8,8,8,8,8,0,0
family_class,family_lootrun:mage,solver_default,1,total_mr,1,33,33,33,33,33,33,33,33,0,0
family_class,family_lootrun:mage,solver_default,1,ms,1,0,0,0,0,0,0,0,0,0,0
family_class,family_lootrun:mage,solver_default,1,mana_per_hit,1,0,0,0,0,0,0,0,0,0,0
family_class,family_lootrun:mage,solver_default,1,total_mana,1,166,166,166,166,166,166,166,166,0,0
family_class,family_lootrun:mage,solver_default,1,walk_speed,1,236,236,236,236,236,236,236,236,0,0
family_class,family_lootrun:mage,solver_default,1,attack_tier,1,-1,-1,-1,-1,-1,-1,-1,-1,0,0
family_class,family_lootrun:mage,solver_default,1,attacks_per_second,1,2.5,2.5,2.5,2.5,2.5,2.5,2.5,2.5,0,0
family_class,family_lootrun:mage,solver_default,1,poison,1,0,0,0,0,0,0,0,0,0,0
family_class,family_lootrun:mage,solver_default,1,main_attack_range_pct,1,0,0,0,0,0,0,0,0,0,0
family_class,family_lootrun:mage,solver_default,1,main_attack_range_blocks,1,2,2,2,2,2,2,2,2,0,0
family_class,family_lootrun:mage,solver_default,1,main_attack_dps,1,4998.1104,4998.1104,4998.1104,4998.1104,4998.1104,4998.1104,4998.1104,4998.1104,0,0
family_class,family_lootrun:mage,solver_default,1,spell_display_avg_max,1,37544.4446,37544.4446,37544.4446,37544.4446,37544.4446,37544.4446,37544.4446,37544.4446,0,0
family_class,family_lootrun:mage,solver_default,1,spell_display_avg_sum,1,47004.1622,47004.1622,47004.1622,47004.1622,47004.1622,47004.1622,47004.1622,47004.1622,0,0
family_class,family_lootrun:mage,solver_default,1,heal_pct,1,-24,-24,-24,-24,-24,-24,-24,-24,0,0
family_class,family_lootrun:mage,solver_default,1,skill_points_assigned,1,198,198,198,198,198,198,198,198,0,0
family,family_lootrun,maximum,1,total_hp,1,14236,14236,14236,14236,14236,14236,14236,14236,0,0
family,family_lootrun,maximum,1,ehp,1,38435.7909,38435.7909,38435.7909,38435.7909,38435.7909,38435.7909,38435.7909,38435.7909,0,0
family,family_lootrun,maximum,1,ehp_no_agi,1,11863.3333,11863.3333,11863.3333,11863.3333,11863.3333,11863.3333,11863.3333,11863.3333,0,0
family,family_lootrun,maximum,1,hpr,1,-243.95,-243.95,-243.95,-243.95,-243.95,-243.95,-243.95,-243.95,0,0
family,family_lootrun,maximum,1,ehpr,1,-658.6409,-658.6409,-658.6409,-658.6409,-658.6409,-658.6409,-658.6409,-658.6409,0,0
family,family_lootrun,maximum,1,ls,1,598,598,598,598,598,598,598,598,0,0
family,family_lootrun,maximum,1,effective_ls,1,1614.5408,1614.5408,1614.5408,1614.5408,1614.5408,1614.5408,1614.5408,1614.5408,0,0
family,family_lootrun,maximum,1,mr,1,8,8,8,8,8,8,8,8,0,0
family,family_lootrun,maximum,1,total_mr,1,33,33,33,33,33,33,33,33,0,0
family,family_lootrun,maximum,1,ms,1,0,0,0,0,0,0,0,0,0,0
family,family_lootrun,maximum,1,mana_per_hit,1,0,0,0,0,0,0,0,0,0,0
family,family_lootrun,maximum,1,total_mana,1,166,166,166,166,166,166,166,166,0,0
family,family_lootrun,maximum,1,walk_speed,1,267,267,267,267,267,267,267,267,0,0
family,family_lootrun,maximum,1,attack_tier,1,-1,-1,-1,-1,-1,-1,-1,-1,0,0
family,family_lootrun,maximum,1,attacks_per_second,1,2.5,2.5,2.5,2.5,2.5,2.5,2.5,2.5,0,0
family,family_lootrun,maximum,1,poison,1,0,0,0,0,0,0,0,0,0,0
family,family_lootrun,maximum,1,main_attack_range_pct,1,0,0,0,0,0,0,0,0,0,0
family,family_lootrun,maximum,1,main_attack_range_blocks,1,2,2,2,2,2,2,2,2,0,0
family,family_lootrun,maximum,1,main_attack_dps,1,5482.2498,5482.2498,5482.2498,5482.2498,5482.2498,5482.2498,5482.2498,5482.2498,0,0
family,family_lootrun,maximum,1,spell_display_avg_max,1,39523.4657,39523.4657,39523.4657,39523.4657,39523.4657,39523.4657,39523.4657,39523.4657,0,0
family,family_lootrun,maximum,1,spell_display_avg_sum,1,49477.0961,49477.0961,49477.0961,49477.0961,49477.0961,49477.0961,49477.0961,49477.0961,0,0
family,family_lootrun,maximum,1,heal_pct,1,-21,-21,-21,-21,-21,-21,-21,-21,0,0
family,family_lootrun,maximum,1,skill_points_assigned,1,198,198,198,198,198,198,198,198,0,0
family_class,family_lootrun:mage,maximum,1,total_hp,1,14236,14236,14236,14236,14236,14236,14236,14236,0,0
family_class,family_lootrun:mage,maximum,1,ehp,1,38435.7909,38435.7909,38435.7909,38435.7909,38435.7909,38435.7909,38435.7909,38435.7909,0,0
family_class,family_lootrun:mage,maximum,1,ehp_no_agi,1,11863.3333,11863.3333,11863.3333,11863.3333,11863.3333,11863.3333,11863.3333,11863.3333,0,0
family_class,family_lootrun:mage,maximum,1,hpr,1,-243.95,-243.95,-243.95,-243.95,-243.95,-243.95,-243.95,-243.95,0,0
family_class,family_lootrun:mage,maximum,1,ehpr,1,-658.6409,-658.6409,-658.6409,-658.6409,-658.6409,-658.6409,-658.6409,-658.6409,0,0
family_class,family_lootrun:mage,maximum,1,ls,1,598,598,598,598,598,598,598,598,0,0
family_class,family_lootrun:mage,maximum,1,effective_ls,1,1614.5408,1614.5408,1614.5408,1614.5408,1614.5408,1614.5408,1614.5408,1614.5408,0,0
family_class,family_lootrun:mage,maximum,1,mr,1,8,8,8,8,8,8,8,8,0,0
family_class,family_lootrun:mage,maximum,1,total_mr,1,33,33,33,33,33,33,33,33,0,0
family_class,family_lootrun:mage,maximum,1,ms,1,0,0,0,0,0,0,0,0,0,0
family_class,family_lootrun:mage,maximum,1,mana_per_hit,1,0,0,0,0,0,0,0,0,0,0
family_class,family_lootrun:mage,maximum,1,total_mana,1,166,166,166,166,166,166,166,166,0,0
family_class,family_lootrun:mage,maximum,1,walk_speed,1,267,267,267,267,267,267,267,267,0,0
family_class,family_lootrun:mage,maximum,1,attack_tier,1,-1,-1,-1,-1,-1,-1,-1,-1,0,0
family_class,family_lootrun:mage,maximum,1,attacks_per_second,1,2.5,2.5,2.5,2.5,2.5,2.5,2.5,2.5,0,0
family_class,family_lootrun:mage,maximum,1,poison,1,0,0,0,0,0,0,0,0,0,0
family_class,family_lootrun:mage,maximum,1,main_attack_range_pct,1,0,0,0,0,0,0,0,0,0,0
family_class,family_lootrun:mage,maximum,1,main_attack_range_blocks,1,2,2,2,2,2,2,2,2,0,0
family_class,family_lootrun:mage,maximum,1,main_attack_dps,1,5482.2498,5482.2498,5482.2498,5482.2498,5482.2498,5482.2498,5482.2498,5482.2498,0,0
family_class,family_lootrun:mage,maximum,1,spell_display_avg_max,1,39523.4657,39523.4657,39523.4657,39523.4657,39523.4657,39523.4657,39523.4657,39523.4657,0,0
family_class,family_lootrun:mage,maximum,1,spell_display_avg_sum,1,49477.0961,49477.0961,49477.0961,49477.0961,49477.0961,49477.0961,49477.0961,49477.0961,0,0
family_class,family_lootrun:mage,maximum,1,heal_pct,1,-21,-21,-21,-21,-21,-21,-21,-21,0,0
family_class,family_lootrun:mage,maximum,1,skill_points_assigned,1,198,198,198,198,198,198,198,198,0,0
class,shaman,median,5,total_hp,5,6585,8155,10510,12410,12937,14630.8,15760,11640.4,3394.0917,1900
class,shaman,median,5,ehp,5,13054.5176,13896.3568,15159.1157,17333.3482,22715.9803,24414.3485,25546.5939,18761.9111,5226.4197,4278.8306
class,shaman,median,5,ehp_no_agi,5,6611.4932,9613.7954,14117.2486,14195.9527,17333.3482,17690.2049,17928.1094,14037.2304,4504.9001,3137.3955
class,shaman,median,5,hpr,5,-147,-88.2,0,0,271,284.2,293,83.4,191.129,147
class,shaman,median,5,ehpr,5,-196.9546,-118.1728,0,0,357.9066,406.7335,439.2847,120.0473,268.2361,196.9546
class,shaman,median,5,ls,5,-90,13.2,168,221,568,630.4,672,307.8,310.5112,311
class,shaman,median,5,effective_ls,5,-194.5231,-7.7842,272.3241,438.1243,761.022,796.9274,820.8643,419.5623,411.3279,322.8977
class,shaman,median,5,mr,5,0,0,0,2,24,28.8,32,11.6,15.2578,2
class,shaman,median,5,total_mr,5,25,25,25,27,49,53.8,57,36.6,15.2578,2
class,shaman,median,5,ms,5,-32,-24,-12,12,13,20.2,25,1.2,22.9063,13
class,shaman,median,5,mana_per_hit,5,-12.8514,-10.8481,-7.8431,0.9302,1.0078,10.2071,16.3399,-0.4833,11.1173,8.7733
class,shaman,median,5,total_mana,5,100,100,100,188,190,193,195,154.6,49.9079,7
class,shaman,median,5,walk_speed,5,-26,-21.2,-14,6,43,52.6,59,13.6,36.4459,32
class,shaman,median,5,attack_tier,5,-7,-4.2,0,0,5,11.6,16,2.8,8.5264,5
class,shaman,median,5,attacks_per_second,5,0.51,0.51,0.51,0.83,4.3,4.3,4.3,2.09,2.0217,0.32
class,shaman,median,5,poison,5,0,0,0,0,0,2400,4000,800,1788.8544,0
class,shaman,median,5,main_attack_range_pct,5,-18,-10.8,0,0,0,0,0,-3.6,8.0498,0
class,shaman,median,5,main_attack_range_blocks,5,26.445,28.767,32.25,32.25,32.25,32.25,32.25,31.089,2.5961,0
class,shaman,median,5,main_attack_dps,5,544.2385,1687.4646,3402.3037,3915.7966,5836.3986,9954.9311,12700.6194,5279.8714,4560.4112,1920.602
class,shaman,median,5,spell_display_avg_max,5,21937.2831,22826.7729,24161.0076,24586.8868,26294.293,26307.9591,26317.0698,24659.3081,1808.6126,1707.4062
class,shaman,median,5,spell_display_avg_sum,5,30461.5233,31784.7421,33769.5704,36082.2875,37385.3218,42637.4018,46138.7884,36767.4983,5861.4245,2312.7171
class,shaman,median,5,heal_pct,5,-16,-9.6,0,0,0,0,0,-3.2,7.1554,0
class,shaman,median,5,skill_points_assigned,5,158,172.8,195,196,196,196.6,197,188.4,17.0088,1
family_class,family_unclassified:shaman,median,4,total_hp,4,6585,8332.5,10953.75,12673.5,13642.75,14913.1,15760,11923,3850.6354,1675
family_class,family_unclassified:shaman,median,4,ehp,4,13054.5176,13685.897,14632.9662,16246.232,19386.6596,23082.6202,25546.5939,17773.3939,5468.6538,2139.4153
family_class,family_unclassified:shaman,median,4,ehp_no_agi,4,6611.4932,8863.2198,12240.8098,15725.2984,17482.0385,17749.681,17928.1094,13997.5499,5200.8015,1905.4304
family_class,family_unclassified:shaman,median,4,hpr,4,-147,-102.9,-36.75,135.5,276.5,286.4,293,104.25,214.0302,146.5
family_class,family_unclassified:shaman,median,4,ehpr,4,-196.9546,-137.8682,-49.2387,178.9533,378.2511,414.8713,439.2847,150.0592,299.8824,219.6424
family_class,family_unclassified:shaman,median,4,ls,4,168,183.9,207.75,394.5,594,640.8,672,407.25,250.2417,200
family_class,family_unclassified:shaman,median,4,effective_ls,4,272.3241,322.0642,396.6743,599.5732,775.9826,802.9116,820.8643,573.0837,261.6527,191.37
family_class,family_unclassified:shaman,median,4,mr,4,0,0.6,1.5,13,26,29.6,32,14.5,15.9478,12
family_class,family_unclassified:shaman,median,4,total_mr,4,25,25.6,26.5,38,51,54.6,57,39.5,15.9478,12
family_class,family_unclassified:shaman,median,4,ms,4,-32,-26,-17,0,15.25,21.1,25,-1.75,25.3295,18.5
family_class,family_unclassified:shaman,median,4,mana_per_hit,4,-12.8514,-11.3489,-9.0952,-3.4564,4.7826,11.717,16.3399,-0.8561,12.801,6.8908
family_class,family_unclassified:shaman,median,4,total_mana,4,100,126.4,166,189,191.25,193.5,195,168.25,45.5951,3.5
family_class,family_unclassified:shaman,median,4,walk_speed,4,-26,-22.4,-17,-4,19.25,43.1,59,6.25,37.5622,16
family_class,family_unclassified:shaman,median,4,attack_tier,4,-7,-4.9,-1.75,0,4,11.2,16,2.25,9.7425,3.5
family_class,family_unclassified:shaman,median,4,attacks_per_second,4,0.51,0.51,0.51,0.67,1.6975,3.259,4.3,1.5375,1.8478,0.16
family_class,family_unclassified:shaman,median,4,poison,4,0,0,0,0,0,0,0,0,0,0
family_class,family_unclassified:shaman,median,4,main_attack_range_pct,4,-18,-12.6,-4.5,0,0,0,0,-4.5,9,0
family_class,family_unclassified:shaman,median,4,main_attack_range_blocks,4,26.445,28.1865,30.7988,32.25,32.25,32.25,32.25,30.7988,2.9025,0
family_class,family_unclassified:shaman,median,4,main_attack_dps,4,544.2385,1401.6581,2687.7874,3659.0502,4395.9471,5260.218,5836.3986,3424.6844,2187.4663,1217.0475
family_class,family_unclassified:shaman,median,4,spell_display_avg_max,4,21937.2831,22604.4005,23605.0765,25227.6503,26299.9872,26310.2368,26317.0698,24677.4134,2087.8826,1078.0311
family_class,family_unclassified:shaman,median,4,spell_display_avg_sum,4,30461.5233,31453.9374,32942.5586,34925.929,36408.0461,36994.4115,37385.3218,34424.6758,3035.8328,1807.8757
family_class,family_unclassified:shaman,median,4,heal_pct,4,-16,-11.2,-4,0,0,0,0,-4,8,0
family_class,family_unclassified:shaman,median,4,skill_points_assigned,4,158,169.4,186.5,196,196.25,196.7,197,186.75,19.1725,0.5
archetype,Acolyte,median,3,total_hp,3,12410,12515.4,12673.5,12937,14348.5,15195.4,15760,13702.3333,1801.3679,527
archetype,Acolyte,median,3,ehp,3,15159.1157,15593.9622,16246.232,17333.3482,21439.9711,23903.9448,25546.5939,19346.3526,5478.5095,2174.2325
archetype,Acolyte,median,3,ehp_no_agi,3,14117.2486,14760.4685,15725.2984,17333.3482,17630.7288,17809.1572,17928.1094,16459.5687,2050.1909,594.7612
archetype,Acolyte,median,3,hpr,3,-147,-63.4,62,271,282,288.6,293,139,247.9274,22
archetype,Acolyte,median,3,ehpr,3,-196.9546,-85.9824,80.476,357.9066,398.5957,423.0091,439.2847,200.0789,346.2402,81.3781
archetype,Acolyte,median,3,ls,3,168,248,368,568,620,651.2,672,469.3333,266.0927,104
archetype,Acolyte,median,3,effective_ls,3,272.3241,370.0637,516.6731,761.022,790.9432,808.8958,820.8643,618.0701,300.9161,59.8423
archetype,Acolyte,median,3,mr,3,2,6.4,13,24,28,30.4,32,19.3333,15.5349,8
archetype,Acolyte,median,3,total_mr,3,27,31.4,38,49,53,55.4,57,44.3333,15.5349,8
archetype,Acolyte,median,3,ms,3,-32,-28,-22,-12,6.5,17.6,25,-6.3333,28.9194,20
archetype,Acolyte,median,3,mana_per_hit,3,-12.8514,-11.8497,-10.3472,-7.8431,4.2484,11.5033,16.3399,-1.4515,15.61,5.0083
archetype,Acolyte,median,3,total_mana,3,188,188.4,189,190,192.5,194,195,191,3.6056,2
archetype,Acolyte,median,3,walk_speed,3,-26,-23.6,-20,-14,-4,2,6,-11.3333,16.1658,12
archetype,Acolyte,median,3,attack_tier,3,-7,-5.6,-3.5,0,0,0,0,-2.3333,4.0415,0
archetype,Acolyte,median,3,attacks_per_second,3,0.51,0.51,0.51,0.51,0.67,0.766,0.83,0.6167,0.1848,0
archetype,Acolyte,median,3,poison,3,0,0,0,0,0,0,0,0,0,0
archetype,Acolyte,median,3,main_attack_range_pct,3,-18,-14.4,-9,0,0,0,0,-6,10.3923,0
archetype,Acolyte,median,3,main_attack_range_blocks,3,26.445,27.606,29.3475,32.25,32.25,32.25,32.25,30.315,3.3515,0
archetype,Acolyte,median,3,main_attack_dps,3,3402.3037,3505.0023,3659.0502,3915.7966,4876.0976,5452.2782,5836.3986,4384.833,1283.0436,513.4929
archetype,Acolyte,median,3,spell_display_avg_max,3,21937.2831,22382.028,23049.1454,24161.0076,25239.0387,25885.8574,26317.0698,24138.4535,2189.9805,2156.0622
archetype,Acolyte,median,3,spell_display_avg_sum,3,30461.5233,31123.1327,32115.5469,33769.5704,34925.929,35619.7441,36082.2875,33437.7937,2825.0317,2312.7171
archetype,Acolyte,median,3,heal_pct,3,-16,-12.8,-8,0,0,0,0,-5.3333,9.2376,0
archetype,Acolyte,median,3,skill_points_assigned,3,158,165.6,177,196,196.5,196.8,197,183.6667,22.2336,1
archetype_class,Acolyte:shaman,median,3,total_hp,3,12410,12515.4,12673.5,12937,14348.5,15195.4,15760,13702.3333,1801.3679,527
archetype_class,Acolyte:shaman,median,3,ehp,3,15159.1157,15593.9622,16246.232,17333.3482,21439.9711,23903.9448,25546.5939,19346.3526,5478.5095,2174.2325
archetype_class,Acolyte:shaman,median,3,ehp_no_agi,3,14117.2486,14760.4685,15725.2984,17333.3482,17630.7288,17809.1572,17928.1094,16459.5687,2050.1909,594.7612
archetype_class,Acolyte:shaman,median,3,hpr,3,-147,-63.4,62,271,282,288.6,293,139,247.9274,22
archetype_class,Acolyte:shaman,median,3,ehpr,3,-196.9546,-85.9824,80.476,357.9066,398.5957,423.0091,439.2847,200.0789,346.2402,81.3781
archetype_class,Acolyte:shaman,median,3,ls,3,168,248,368,568,620,651.2,672,469.3333,266.0927,104
archetype_class,Acolyte:shaman,median,3,effective_ls,3,272.3241,370.0637,516.6731,761.022,790.9432,808.8958,820.8643,618.0701,300.9161,59.8423
archetype_class,Acolyte:shaman,median,3,mr,3,2,6.4,13,24,28,30.4,32,19.3333,15.5349,8
archetype_class,Acolyte:shaman,median,3,total_mr,3,27,31.4,38,49,53,55.4,57,44.3333,15.5349,8
archetype_class,Acolyte:shaman,median,3,ms,3,-32,-28,-22,-12,6.5,17.6,25,-6.3333,28.9194,20
archetype_class,Acolyte:shaman,median,3,mana_per_hit,3,-12.8514,-11.8497,-10.3472,-7.8431,4.2484,11.5033,16.3399,-1.4515,15.61,5.0083
archetype_class,Acolyte:shaman,median,3,total_mana,3,188,188.4,189,190,192.5,194,195,191,3.6056,2
archetype_class,Acolyte:shaman,median,3,walk_speed,3,-26,-23.6,-20,-14,-4,2,6,-11.3333,16.1658,12
archetype_class,Acolyte:shaman,median,3,attack_tier,3,-7,-5.6,-3.5,0,0,0,0,-2.3333,4.0415,0
archetype_class,Acolyte:shaman,median,3,attacks_per_second,3,0.51,0.51,0.51,0.51,0.67,0.766,0.83,0.6167,0.1848,0
archetype_class,Acolyte:shaman,median,3,poison,3,0,0,0,0,0,0,0,0,0,0
archetype_class,Acolyte:shaman,median,3,main_attack_range_pct,3,-18,-14.4,-9,0,0,0,0,-6,10.3923,0
archetype_class,Acolyte:shaman,median,3,main_attack_range_blocks,3,26.445,27.606,29.3475,32.25,32.25,32.25,32.25,30.315,3.3515,0
archetype_class,Acolyte:shaman,median,3,main_attack_dps,3,3402.3037,3505.0023,3659.0502,3915.7966,4876.0976,5452.2782,5836.3986,4384.833,1283.0436,513.4929
archetype_class,Acolyte:shaman,median,3,spell_display_avg_max,3,21937.2831,22382.028,23049.1454,24161.0076,25239.0387,25885.8574,26317.0698,24138.4535,2189.9805,2156.0622
archetype_class,Acolyte:shaman,median,3,spell_display_avg_sum,3,30461.5233,31123.1327,32115.5469,33769.5704,34925.929,35619.7441,36082.2875,33437.7937,2825.0317,2312.7171
archetype_class,Acolyte:shaman,median,3,heal_pct,3,-16,-12.8,-8,0,0,0,0,-5.3333,9.2376,0
archetype_class,Acolyte:shaman,median,3,skill_points_assigned,3,158,165.6,177,196,196.5,196.8,197,183.6667,22.2336,1
class,shaman,upper_quartile_proxy,5,total_hp,5,7335,8605,10510,12748,13138,14711.2,15760,11898.2,3159.2189,2238
class,shaman,upper_quartile_proxy,5,ehp,5,14541.3647,14953.6151,15571.9908,17602.6535,22715.9803,24414.3485,25546.5939,19195.7166,4744.9481,3061.2888
class,shaman,upper_quartile_proxy,5,ehp_no_agi,5,7364.5106,10097.0874,14195.9527,14501.7473,17602.6535,17797.927,17928.1094,14318.5947,4249.162,3100.9062
class,shaman,upper_quartile_proxy,5,hpr,5,-112.88,-67.728,0,0,384,411.6,430,140.224,248.3868,112.88
class,shaman,upper_quartile_proxy,5,ehpr,5,-151.2397,-90.7438,0,0,469.0653,605.8381,697.02,202.9691,361.5074,151.2397
class,shaman,upper_quartile_proxy,5,ls,5,-76,42.8,221,289,746,828.2,883,412.6,394.699,365
class,shaman,upper_quartile_proxy,5,effective_ls,5,-164.264,44.736,358.2359,572.9318,999.5113,1046.9681,1078.6059,569.0042,506.7423,426.5795
class,shaman,upper_quartile_proxy,5,mr,5,0,0,0,13,32,35.6,38,16.6,17.7426,13
class,shaman,upper_quartile_proxy,5,total_mr,5,25,25,25,38,57,60.6,63,41.6,17.7426,13
class,shaman,upper_quartile_proxy,5,ms,5,-27,-20.2,-10,14,18,26.4,32,5.4,23.5966,18
class,shaman,upper_quartile_proxy,5,mana_per_hit,5,-10.8434,-9.1204,-6.5359,1.0853,1.3953,13.1071,20.915,1.2033,12.1822,7.6212
class,shaman,upper_quartile_proxy,5,total_mana,5,100,100,100,198,205,208,210,162.6,57.3045,12
class,shaman,upper_quartile_proxy,5,walk_speed,5,-15,-13.8,-12,8,55,68.2,77,22.6,41.3316,23
class,shaman,upper_quartile_proxy,5,attack_tier,5,-7,-4.2,0,0,5,11.6,16,2.8,8.5264,5
class,shaman,upper_quartile_proxy,5,attacks_per_second,5,0.51,0.51,0.51,0.83,4.3,4.3,4.3,2.09,2.0217,0.32
class,shaman,upper_quartile_proxy,5,poison,5,0,0,0,0,0,3150,5250,1050,2347.8714,0
class,shaman,upper_quartile_proxy,5,main_attack_range_pct,5,-15,-9,0,0,0,0,0,-3,6.7082,0
class,shaman,upper_quartile_proxy,5,main_attack_range_blocks,5,27.4125,29.3475,32.25,32.25,32.25,32.25,32.25,31.2825,2.1634,0
class,shaman,upper_quartile_proxy,5,main_attack_dps,5,652.2631,1991.414,4000.1403,4081.2135,6514.6358,11477.0985,14785.4069,6006.7319,5332.1541,2433.4223
class,shaman,upper_quartile_proxy,5,spell_display_avg_max,5,24704.0124,25118.1091,25739.2541,27934.2986,29039.0779,29891.4866,30459.759,27575.2804,2356.2145,2195.0445
class,shaman,upper_quartile_proxy,5,spell_display_avg_sum,5,34333.5656,36217.8598,39044.301,41279.7836,41892.5336,45714.0055,48261.6534,40962.3674,5046.4228,2235.4826
class,shaman,upper_quartile_proxy,5,heal_pct,5,-13,-7.8,0,0,0,0,0,-2.6,5.8138,0
class,shaman,upper_quartile_proxy,5,skill_points_assigned,5,158,172.8,195,196,196,196.6,197,188.4,17.0088,1
family_class,family_unclassified:shaman,upper_quartile_proxy,4,total_hp,4,7335,8958.9,11394.75,12943,13793.5,14973.4,15760,12245.25,3536.1836,1506
family_class,family_unclassified:shaman,upper_quartile_proxy,4,ehp,4,14541.3647,14850.5525,15314.3343,16587.3222,19588.6386,23163.4118,25546.5939,18315.6507,4985.5728,1530.6444
family_class,family_unclassified:shaman,upper_quartile_proxy,4,ehp_no_agi,4,7364.5106,9505.6816,12717.4381,16052.2004,17684.0175,17830.4726,17928.1094,14349.2552,4905.8709,1713.1811
family_class,family_unclassified:shaman,upper_quartile_proxy,4,hpr,4,-112.88,-79.016,-28.22,192,395.5,416.2,430,175.28,272.1553,215
family_class,family_unclassified:shaman,upper_quartile_proxy,4,ehpr,4,-151.2397,-105.8678,-37.8099,234.5327,526.054,628.6336,697.02,253.7114,396.3394,310.1525
family_class,family_unclassified:shaman,upper_quartile_proxy,4,ls,4,221,241.4,272,517.5,780.25,841.9,883,534.75,329.007,262.5
family_class,family_unclassified:shaman,upper_quartile_proxy,4,effective_ls,4,358.2359,422.6447,519.2578,786.2216,1019.285,1054.8775,1078.6059,752.3212,344.0196,252.8371
family_class,family_unclassified:shaman,upper_quartile_proxy,4,mr,4,0,3.9,9.75,22.5,33.5,36.2,38,20.75,17.4619,12.5
family_class,family_unclassified:shaman,upper_quartile_proxy,4,total_mr,4,25,28.9,34.75,47.5,58.5,61.2,63,45.75,17.4619,12.5
family_class,family_unclassified:shaman,upper_quartile_proxy,4,ms,4,-27,-21.9,-14.25,4,21.5,27.8,32,3.25,26.6755,21
family_class,family_unclassified:shaman,upper_quartile_proxy,4,mana_per_hit,4,-10.8434,-9.5511,-7.6128,-2.5703,6.2752,15.0591,20.915,1.2327,14.0665,6.1194
family_class,family_unclassified:shaman,upper_quartile_proxy,4,total_mana,4,100,129.4,173.5,201.5,206.25,208.5,210,178.25,52.3983,6
family_class,family_unclassified:shaman,upper_quartile_proxy,4,walk_speed,4,-15,-14.1,-12.75,-2,25.25,56.3,77,14.5,42.8991,11.5
family_class,family_unclassified:shaman,upper_quartile_proxy,4,attack_tier,4,-7,-4.9,-1.75,0,4,11.2,16,2.25,9.7425,3.5
family_class,family_unclassified:shaman,upper_quartile_proxy,4,attacks_per_second,4,0.51,0.51,0.51,0.67,1.6975,3.259,4.3,1.5375,1.8478,0.16
family_class,family_unclassified:shaman,upper_quartile_proxy,4,poison,4,0,0,0,0,0,0,0,0,0,0
family_class,family_unclassified:shaman,upper_quartile_proxy,4,main_attack_range_pct,4,-15,-10.5,-3.75,0,0,0,0,-3.75,7.5,0
family_class,family_unclassified:shaman,upper_quartile_proxy,4,main_attack_range_blocks,4,27.4125,28.8638,31.0406,32.25,32.25,32.25,32.25,31.0406,2.4187,0
family_class,family_unclassified:shaman,upper_quartile_proxy,4,main_attack_dps,4,652.2631,1656.6263,3163.171,4040.6769,4689.5691,5784.6091,6514.6358,3812.0632,2408.0456,1257.2478
family_class,family_unclassified:shaman,upper_quartile_proxy,4,spell_display_avg_max,4,24704.0124,25673.0983,27126.7271,28486.6883,29394.2482,30033.5547,30459.759,28034.287,2449.0301,1262.7302
family_class,family_unclassified:shaman,upper_quartile_proxy,4,spell_display_avg_sum,4,34333.5656,35746.7862,37866.6172,40162.0423,41432.9711,41708.7086,41892.5336,39137.546,3428.6081,1424.1163
family_class,family_unclassified:shaman,upper_quartile_proxy,4,heal_pct,4,-13,-9.1,-3.25,0,0,0,0,-3.25,6.5,0
family_class,family_unclassified:shaman,upper_quartile_proxy,4,skill_points_assigned,4,158,169.4,186.5,196,196.25,196.7,197,186.75,19.1725,0.5
archetype,Acolyte,upper_quartile_proxy,3,total_hp,3,12748,12826,12943,13138,14449,15235.6,15760,13882,1638.044,390
archetype,Acolyte,upper_quartile_proxy,3,ehp,3,15571.9908,15978.1233,16587.3222,17602.6535,21574.6237,23957.8058,25546.5939,19573.7461,5271.3453,2030.6627
archetype,Acolyte,upper_quartile_proxy,3,ehp_no_agi,3,14501.7473,15121.9285,16052.2004,17602.6535,17765.3815,17863.0182,17928.1094,16677.5034,1891.2737,325.4559
archetype,Acolyte,upper_quartile_proxy,3,hpr,3,-112.88,-13.504,135.56,384,407,420.8,430,233.7067,301.0328,46
archetype,Acolyte,upper_quartile_proxy,3,ehpr,3,-151.2397,-27.1787,158.9128,469.0653,583.0427,651.4291,697.02,338.2819,438.9924,227.9547
archetype,Acolyte,upper_quartile_proxy,3,ls,3,221,326,483.5,746,814.5,855.6,883,616.6667,349.4372,137
archetype,Acolyte,upper_quartile_proxy,3,effective_ls,3,358.2359,486.491,678.8736,999.5113,1039.0586,1062.787,1078.6059,812.1177,395.0576,79.0946
archetype,Acolyte,upper_quartile_proxy,3,mr,3,13,16.8,22.5,32,35,36.8,38,27.6667,13.0512,6
archetype,Acolyte,upper_quartile_proxy,3,total_mr,3,38,41.8,47.5,57,60,61.8,63,52.6667,13.0512,6
archetype,Acolyte,upper_quartile_proxy,3,ms,3,-27,-23.6,-18.5,-10,11,23.6,32,-1.6667,30.3699,17
archetype,Acolyte,upper_quartile_proxy,3,mana_per_hit,3,-10.8434,-9.9819,-8.6896,-6.5359,7.1895,15.4248,20.915,1.1786,17.2274,4.3075
archetype,Acolyte,upper_quartile_proxy,3,total_mana,3,198,199.4,201.5,205,207.5,209,210,204.3333,6.0277,5
archetype,Acolyte,upper_quartile_proxy,3,walk_speed,3,-15,-14.4,-13.5,-12,-2,4,8,-6.3333,12.5033,3
archetype,Acolyte,upper_quartile_proxy,3,attack_tier,3,-7,-5.6,-3.5,0,0,0,0,-2.3333,4.0415,0
archetype,Acolyte,upper_quartile_proxy,3,attacks_per_second,3,0.51,0.51,0.51,0.51,0.67,0.766,0.83,0.6167,0.1848,0
archetype,Acolyte,upper_quartile_proxy,3,poison,3,0,0,0,0,0,0,0,0,0,0
archetype,Acolyte,upper_quartile_proxy,3,main_attack_range_pct,3,-15,-12,-7.5,0,0,0,0,-5,8.6603,0
archetype,Acolyte,upper_quartile_proxy,3,main_attack_range_blocks,3,27.4125,28.38,29.8313,32.25,32.25,32.25,32.25,30.6375,2.7929,0
archetype,Acolyte,upper_quartile_proxy,3,main_attack_dps,3,4000.1403,4016.3549,4040.6769,4081.2135,5297.9247,6027.9513,6514.6358,4865.3299,1428.9159,81.0732
archetype,Acolyte,upper_quartile_proxy,3,spell_display_avg_max,3,24704.0124,25350.0696,26319.1555,27934.2986,29197.0288,29954.6669,30459.759,27699.3567,2885.0568,2525.4604
archetype,Acolyte,upper_quartile_proxy,3,spell_display_avg_sum,3,34333.5656,35275.7127,36688.9333,39044.301,40468.4173,41322.8871,41892.5336,38423.4667,3817.5353,2848.2326
archetype,Acolyte,upper_quartile_proxy,3,heal_pct,3,-13,-10.4,-6.5,0,0,0,0,-4.3333,7.5056,0
archetype,Acolyte,upper_quartile_proxy,3,skill_points_assigned,3,158,165.6,177,196,196.5,196.8,197,183.6667,22.2336,1
archetype_class,Acolyte:shaman,upper_quartile_proxy,3,total_hp,3,12748,12826,12943,13138,14449,15235.6,15760,13882,1638.044,390
archetype_class,Acolyte:shaman,upper_quartile_proxy,3,ehp,3,15571.9908,15978.1233,16587.3222,17602.6535,21574.6237,23957.8058,25546.5939,19573.7461,5271.3453,2030.6627
archetype_class,Acolyte:shaman,upper_quartile_proxy,3,ehp_no_agi,3,14501.7473,15121.9285,16052.2004,17602.6535,17765.3815,17863.0182,17928.1094,16677.5034,1891.2737,325.4559
archetype_class,Acolyte:shaman,upper_quartile_proxy,3,hpr,3,-112.88,-13.504,135.56,384,407,420.8,430,233.7067,301.0328,46
archetype_class,Acolyte:shaman,upper_quartile_proxy,3,ehpr,3,-151.2397,-27.1787,158.9128,469.0653,583.0427,651.4291,697.02,338.2819,438.9924,227.9547
archetype_class,Acolyte:shaman,upper_quartile_proxy,3,ls,3,221,326,483.5,746,814.5,855.6,883,616.6667,349.4372,137
archetype_class,Acolyte:shaman,upper_quartile_proxy,3,effective_ls,3,358.2359,486.491,678.8736,999.5113,1039.0586,1062.787,1078.6059,812.1177,395.0576,79.0946
archetype_class,Acolyte:shaman,upper_quartile_proxy,3,mr,3,13,16.8,22.5,32,35,36.8,38,27.6667,13.0512,6
archetype_class,Acolyte:shaman,upper_quartile_proxy,3,total_mr,3,38,41.8,47.5,57,60,61.8,63,52.6667,13.0512,6
archetype_class,Acolyte:shaman,upper_quartile_proxy,3,ms,3,-27,-23.6,-18.5,-10,11,23.6,32,-1.6667,30.3699,17
archetype_class,Acolyte:shaman,upper_quartile_proxy,3,mana_per_hit,3,-10.8434,-9.9819,-8.6896,-6.5359,7.1895,15.4248,20.915,1.1786,17.2274,4.3075
archetype_class,Acolyte:shaman,upper_quartile_proxy,3,total_mana,3,198,199.4,201.5,205,207.5,209,210,204.3333,6.0277,5
archetype_class,Acolyte:shaman,upper_quartile_proxy,3,walk_speed,3,-15,-14.4,-13.5,-12,-2,4,8,-6.3333,12.5033,3
archetype_class,Acolyte:shaman,upper_quartile_proxy,3,attack_tier,3,-7,-5.6,-3.5,0,0,0,0,-2.3333,4.0415,0
archetype_class,Acolyte:shaman,upper_quartile_proxy,3,attacks_per_second,3,0.51,0.51,0.51,0.51,0.67,0.766,0.83,0.6167,0.1848,0
archetype_class,Acolyte:shaman,upper_quartile_proxy,3,poison,3,0,0,0,0,0,0,0,0,0,0
archetype_class,Acolyte:shaman,upper_quartile_proxy,3,main_attack_range_pct,3,-15,-12,-7.5,0,0,0,0,-5,8.6603,0
archetype_class,Acolyte:shaman,upper_quartile_proxy,3,main_attack_range_blocks,3,27.4125,28.38,29.8313,32.25,32.25,32.25,32.25,30.6375,2.7929,0
archetype_class,Acolyte:shaman,upper_quartile_proxy,3,main_attack_dps,3,4000.1403,4016.3549,4040.6769,4081.2135,5297.9247,6027.9513,6514.6358,4865.3299,1428.9159,81.0732
archetype_class,Acolyte:shaman,upper_quartile_proxy,3,spell_display_avg_max,3,24704.0124,25350.0696,26319.1555,27934.2986,29197.0288,29954.6669,30459.759,27699.3567,2885.0568,2525.4604
archetype_class,Acolyte:shaman,upper_quartile_proxy,3,spell_display_avg_sum,3,34333.5656,35275.7127,36688.9333,39044.301,40468.4173,41322.8871,41892.5336,38423.4667,3817.5353,2848.2326
archetype_class,Acolyte:shaman,upper_quartile_proxy,3,heal_pct,3,-13,-10.4,-6.5,0,0,0,0,-4.3333,7.5056,0
archetype_class,Acolyte:shaman,upper_quartile_proxy,3,skill_points_assigned,3,158,165.6,177,196,196.5,196.8,197,183.6667,22.2336,1
class,shaman,solver_default,5,total_hp,5,7635,8785,10510,12883,13218,14743.2,15760,12001.2,3068.9628,2373
class,shaman,solver_default,5,ehp,5,15136.1036,15376.4208,15736.8966,17709.8397,22715.9803,24414.3485,25546.5939,19369.0828,4561.4511,2573.7361
class,shaman,solver_default,5,ehp_no_agi,5,7665.7176,10277.8116,14195.9527,14655.3193,17709.8397,17840.8015,17928.1094,14430.9877,4148.951,3054.5204
class,shaman,solver_default,5,hpr,5,-100.75,-60.45,0,0,420,465.6,496,163.05,273.6969,100.75
class,shaman,solver_default,5,ehpr,5,-134.9876,-80.9926,0,0,513.0402,687.6188,804.0045,236.4114,402.6175,134.9876
class,shaman,solver_default,5,ls,5,-71,54.2,242,317,817,907,967,454.4,428.4493,388
class,shaman,solver_default,5,effective_ls,5,-153.4571,64.8363,392.2764,628.4407,1094.6391,1146.584,1181.2139,628.6226,545.444,466.1984
class,shaman,solver_default,5,mr,5,0,0,0,22,41,42.8,44,21.4,21.2791,22
class,shaman,solver_default,5,total_mr,5,25,25,25,47,66,67.8,69,46.4,21.2791,22
class,shaman,solver_default,5,ms,5,-22,-16.4,-8,15,23,33.2,40,9.6,24.7043,23
class,shaman,solver_default,5,mana_per_hit,5,-8.8353,-7.3927,-5.2288,1.1628,1.7829,16.3994,26.1438,3.0051,13.6773,6.3916
class,shaman,solver_default,5,total_mana,5,100,100,100,208,215,224,230,170.6,64.9369,22
class,shaman,solver_default,5,walk_speed,5,-12,-11.6,-11,9,60,74.4,84,26,43.652,21
class,shaman,solver_default,5,attack_tier,5,-7,-4.2,0,0,5,11.6,16,2.8,8.5264,5
class,shaman,solver_default,5,attacks_per_second,5,0.51,0.51,0.51,0.83,4.3,4.3,4.3,2.09,2.0217,0.32
class,shaman,solver_default,5,poison,5,0,0,0,0,0,3450,5750,1150,2571.4782,0
class,shaman,solver_default,5,main_attack_range_pct,5,-14,-8.4,0,0,0,0,0,-2.8,6.261,0
class,shaman,solver_default,5,main_attack_range_blocks,5,27.735,29.541,32.25,32.25,32.25,32.25,32.25,31.347,2.0192,0
class,shaman,solver_default,5,main_attack_dps,5,698.5285,2072.1179,4132.5021,4249.6292,6733.6605,12026.2262,15554.6034,6273.7847,5614.9546,2484.0313
class,shaman,solver_default,5,spell_display_avg_max,5,25837.3402,25989.8553,26218.6279,29473.547,30222.888,31385.0245,32159.7821,28782.437,2702.1151,2686.2351
class,shaman,solver_default,5,spell_display_avg_sum,5,35919.6699,38030.2304,41196.0711,42963.1359,44276.1874,47196.6606,49143.6428,42699.7414,4803.8739,1767.0648
class,shaman,solver_default,5,heal_pct,5,-12,-7.2,0,0,0,0,0,-2.4,5.3666,0
class,shaman,solver_default,5,skill_points_assigned,5,158,172.8,195,196,196,196.6,197,188.4,17.0088,1
family_class,family_unclassified:shaman,solver_default,4,total_hp,4,7635,9209.4,11571,13050.5,13853.5,14997.4,15760,12374,3410.5002,1438.5
family_class,family_unclassified:shaman,solver_default,4,ehp,4,15136.1036,15316.3415,15586.6984,16723.3682,19669.0283,23195.5676,25546.5939,18532.3585,4803.651,1286.8681
family_class,family_unclassified:shaman,solver_default,4,ehp_no_agi,4,7665.7176,9762.5981,12907.9189,16182.5795,17764.4071,17862.6285,17928.1094,14489.7465,4788.3931,1636.3951
family_class,family_unclassified:shaman,solver_default,4,hpr,4,-100.75,-70.525,-25.1875,210,439,473.2,496,203.8125,297.998,248
family_class,family_unclassified:shaman,solver_default,4,ehpr,4,-134.9876,-94.4913,-33.7469,256.5201,585.7813,716.7152,804.0045,295.5143,439.1433,324.0139
family_class,family_unclassified:shaman,solver_default,4,ls,4,242,264.5,298.25,567,854.5,922,967,585.75,360.1938,287.5
family_class,family_unclassified:shaman,solver_default,4,effective_ls,4,392.2764,463.1257,569.3996,861.5399,1116.2828,1155.2415,1181.2139,824.1425,376.597,276.3866
family_class,family_unclassified:shaman,solver_default,4,mr,4,0,6.6,16.5,31.5,41.75,43.1,44,26.75,20.3204,11
family_class,family_unclassified:shaman,solver_default,4,total_mr,4,25,31.6,41.5,56.5,66.75,68.1,69,51.75,20.3204,11
family_class,family_unclassified:shaman,solver_default,4,ms,4,-22,-17.8,-11.5,7.5,27.25,34.9,40,8.25,28.3122,22.5
family_class,family_unclassified:shaman,solver_default,4,mana_per_hit,4,-8.8353,-7.7533,-6.1304,-1.7229,7.8731,18.8355,26.1438,3.4657,15.7484,5.3091
family_class,family_unclassified:shaman,solver_default,4,total_mana,4,100,132.4,181,211.5,218.75,225.5,230,188.25,59.5448,11
family_class,family_unclassified:shaman,solver_default,4,walk_speed,4,-12,-11.7,-11.25,-1,27.75,61.5,84,17.5,45.3762,10.5
family_class,family_unclassified:shaman,solver_default,4,attack_tier,4,-7,-4.9,-1.75,0,4,11.2,16,2.25,9.7425,3.5
family_class,family_unclassified:shaman,solver_default,4,attacks_per_second,4,0.51,0.51,0.51,0.67,1.6975,3.259,4.3,1.5375,1.8478,0.16
family_class,family_unclassified:shaman,solver_default,4,poison,4,0,0,0,0,0,0,0,0,0,0
family_class,family_unclassified:shaman,solver_default,4,main_attack_range_pct,4,-14,-9.8,-3.5,0,0,0,0,-3.5,7,0
family_class,family_unclassified:shaman,solver_default,4,main_attack_range_blocks,4,27.735,29.0895,31.1213,32.25,32.25,32.25,32.25,31.1213,2.2575,0
family_class,family_unclassified:shaman,solver_default,4,main_attack_dps,4,698.5285,1728.7206,3274.0087,4191.0657,4870.637,5988.4511,6733.6605,3953.5801,2479.5071,1300.5792
family_class,family_unclassified:shaman,solver_default,4,spell_display_avg_max,4,25837.3402,26928.2022,28564.4953,29848.2175,30707.1115,31578.7139,32159.7821,29423.3893,2645.0777,1343.1176
family_class,family_unclassified:shaman,solver_default,4,spell_display_avg_sum,4,35919.6699,37502.5903,39876.9708,42079.6035,43291.3988,43882.272,44276.1874,41088.7661,3669.8768,1540.0582
family_class,family_unclassified:shaman,solver_default,4,heal_pct,4,-12,-8.4,-3,0,0,0,0,-3,6,0
family_class,family_unclassified:shaman,solver_default,4,skill_points_assigned,4,158,169.4,186.5,196,196.25,196.7,197,186.75,19.1725,0.5
archetype,Acolyte,solver_default,3,total_hp,3,12883,12950,13050.5,13218,14489,15251.6,15760,13953.6667,1573.2725,335
archetype,Acolyte,solver_default,3,ehp,3,15736.8966,16131.4852,16723.3682,17709.8397,21628.2168,23979.2431,25546.5939,19664.4434,5188.7279,1972.9431
archetype,Acolyte,solver_default,3,ehp_no_agi,3,14655.3193,15266.2234,16182.5795,17709.8397,17818.9746,17884.4555,17928.1094,16764.4228,1829.7947,218.2697
archetype,Acolyte,solver_default,3,hpr,3,-100.75,3.4,159.625,420,458,480.8,496,271.75,324.8249,76
archetype,Acolyte,solver_default,3,ehpr,3,-134.9876,-5.382,189.0263,513.0402,658.5224,745.8116,804.0045,394.019,480.6777,290.9643
archetype,Acolyte,solver_default,3,ls,3,242,357,529.5,817,892,937,967,675.3333,382.6988,150
archetype,Acolyte,solver_default,3,effective_ls,3,392.2764,532.7489,743.4578,1094.6391,1137.9265,1163.8989,1181.2139,889.3765,432.6721,86.5748
archetype,Acolyte,solver_default,3,mr,3,22,25.8,31.5,41,42.5,43.4,44,35.6667,11.9304,3
archetype,Acolyte,solver_default,3,total_mr,3,47,50.8,56.5,66,67.5,68.4,69,60.6667,11.9304,3
archetype,Acolyte,solver_default,3,ms,3,-22,-19.2,-15,-8,16,30.4,40,3.3333,32.5167,14
archetype,Acolyte,solver_default,3,mana_per_hit,3,-8.8353,-8.114,-7.032,-5.2288,10.4575,19.8693,26.1438,4.0266,19.2388,3.6065
archetype,Acolyte,solver_default,3,total_mana,3,208,209.4,211.5,215,222.5,227,230,217.6667,11.2398,7
archetype,Acolyte,solver_default,3,walk_speed,3,-12,-11.8,-11.5,-11,-1,5,9,-4.6667,11.8462,1
archetype,Acolyte,solver_default,3,attack_tier,3,-7,-5.6,-3.5,0,0,0,0,-2.3333,4.0415,0
archetype,Acolyte,solver_default,3,attacks_per_second,3,0.51,0.51,0.51,0.51,0.67,0.766,0.83,0.6167,0.1848,0
archetype,Acolyte,solver_default,3,poison,3,0,0,0,0,0,0,0,0,0,0
archetype,Acolyte,solver_default,3,main_attack_range_pct,3,-14,-11.2,-7,0,0,0,0,-4.6667,8.0829,0
archetype,Acolyte,solver_default,3,main_attack_range_blocks,3,27.735,28.638,29.9925,32.25,32.25,32.25,32.25,30.745,2.6067,0
archetype,Acolyte,solver_default,3,main_attack_dps,3,4132.5021,4155.9275,4191.0657,4249.6292,5491.6449,6236.8542,6733.6605,5038.5973,1469.1355,117.1271
archetype,Acolyte,solver_default,3,spell_display_avg_max,3,25837.3402,26564.5816,27655.4436,29473.547,30816.6646,31622.5351,32159.7821,29156.8898,3173.0934,2686.2351
archetype,Acolyte,solver_default,3,spell_display_avg_sum,3,35919.6699,36974.9501,38557.8705,41196.0711,42736.1293,43660.1641,44276.1874,40463.9761,4226.0878,3080.1163
archetype,Acolyte,solver_default,3,heal_pct,3,-12,-9.6,-6,0,0,0,0,-4,6.9282,0
archetype,Acolyte,solver_default,3,skill_points_assigned,3,158,165.6,177,196,196.5,196.8,197,183.6667,22.2336,1
archetype_class,Acolyte:shaman,solver_default,3,total_hp,3,12883,12950,13050.5,13218,14489,15251.6,15760,13953.6667,1573.2725,335
archetype_class,Acolyte:shaman,solver_default,3,ehp,3,15736.8966,16131.4852,16723.3682,17709.8397,21628.2168,23979.2431,25546.5939,19664.4434,5188.7279,1972.9431
archetype_class,Acolyte:shaman,solver_default,3,ehp_no_agi,3,14655.3193,15266.2234,16182.5795,17709.8397,17818.9746,17884.4555,17928.1094,16764.4228,1829.7947,218.2697
archetype_class,Acolyte:shaman,solver_default,3,hpr,3,-100.75,3.4,159.625,420,458,480.8,496,271.75,324.8249,76
archetype_class,Acolyte:shaman,solver_default,3,ehpr,3,-134.9876,-5.382,189.0263,513.0402,658.5224,745.8116,804.0045,394.019,480.6777,290.9643
archetype_class,Acolyte:shaman,solver_default,3,ls,3,242,357,529.5,817,892,937,967,675.3333,382.6988,150
archetype_class,Acolyte:shaman,solver_default,3,effective_ls,3,392.2764,532.7489,743.4578,1094.6391,1137.9265,1163.8989,1181.2139,889.3765,432.6721,86.5748
archetype_class,Acolyte:shaman,solver_default,3,mr,3,22,25.8,31.5,41,42.5,43.4,44,35.6667,11.9304,3
archetype_class,Acolyte:shaman,solver_default,3,total_mr,3,47,50.8,56.5,66,67.5,68.4,69,60.6667,11.9304,3
archetype_class,Acolyte:shaman,solver_default,3,ms,3,-22,-19.2,-15,-8,16,30.4,40,3.3333,32.5167,14
archetype_class,Acolyte:shaman,solver_default,3,mana_per_hit,3,-8.8353,-8.114,-7.032,-5.2288,10.4575,19.8693,26.1438,4.0266,19.2388,3.6065
archetype_class,Acolyte:shaman,solver_default,3,total_mana,3,208,209.4,211.5,215,222.5,227,230,217.6667,11.2398,7
archetype_class,Acolyte:shaman,solver_default,3,walk_speed,3,-12,-11.8,-11.5,-11,-1,5,9,-4.6667,11.8462,1
archetype_class,Acolyte:shaman,solver_default,3,attack_tier,3,-7,-5.6,-3.5,0,0,0,0,-2.3333,4.0415,0
archetype_class,Acolyte:shaman,solver_default,3,attacks_per_second,3,0.51,0.51,0.51,0.51,0.67,0.766,0.83,0.6167,0.1848,0
archetype_class,Acolyte:shaman,solver_default,3,poison,3,0,0,0,0,0,0,0,0,0,0
archetype_class,Acolyte:shaman,solver_default,3,main_attack_range_pct,3,-14,-11.2,-7,0,0,0,0,-4.6667,8.0829,0
archetype_class,Acolyte:shaman,solver_default,3,main_attack_range_blocks,3,27.735,28.638,29.9925,32.25,32.25,32.25,32.25,30.745,2.6067,0
archetype_class,Acolyte:shaman,solver_default,3,main_attack_dps,3,4132.5021,4155.9275,4191.0657,4249.6292,5491.6449,6236.8542,6733.6605,5038.5973,1469.1355,117.1271
archetype_class,Acolyte:shaman,solver_default,3,spell_display_avg_max,3,25837.3402,26564.5816,27655.4436,29473.547,30816.6646,31622.5351,32159.7821,29156.8898,3173.0934,2686.2351
archetype_class,Acolyte:shaman,solver_default,3,spell_display_avg_sum,3,35919.6699,36974.9501,38557.8705,41196.0711,42736.1293,43660.1641,44276.1874,40463.9761,4226.0878,3080.1163
archetype_class,Acolyte:shaman,solver_default,3,heal_pct,3,-12,-9.6,-6,0,0,0,0,-4,6.9282,0
archetype_class,Acolyte:shaman,solver_default,3,skill_points_assigned,3,158,165.6,177,196,196.5,196.8,197,183.6667,22.2336,1
class,shaman,maximum,5,total_hp,5,8085,9055,10510,13085,13338,14791.2,15760,12155.6,2938.1685,2575
class,shaman,maximum,5,ehp,5,15983.6445,16001.4714,16028.2118,17870.619,22715.9803,24414.3485,25546.5939,19629.0099,4298.0682,1886.9745
class,shaman,maximum,5,ehp_no_agi,5,8117.5281,10548.8979,14195.9527,14885.1086,17870.619,17905.1132,17928.1094,14599.4636,4001.2574,2985.5104
class,shaman,maximum,5,hpr,5,-82.2,-49.32,0,0,475,545.2,592,196.96,311.8011,82.2
class,shaman,maximum,5,ehpr,5,-110.1338,-66.0803,0,0,580.224,807.8605,959.6182,285.9417,463.9082,110.1338
class,shaman,maximum,5,ls,5,-63,71.4,273,358,923,1024.4,1092,516.6,478.7163,421
class,shaman,maximum,5,effective_ls,5,-136.1662,95.311,442.5267,709.7217,1236.6608,1295.007,1333.9045,717.3295,602.8887,526.9391
class,shaman,maximum,5,mr,5,0,0,0,22,41,42.8,44,21.4,21.2791,22
class,shaman,maximum,5,total_mr,5,25,25,25,47,66,67.8,69,46.4,21.2791,22
class,shaman,maximum,5,ms,5,-22,-16.4,-8,15,23,33.2,40,9.6,24.7043,23
class,shaman,maximum,5,mana_per_hit,5,-8.8353,-7.3927,-5.2288,1.1628,1.7829,16.3994,26.1438,3.0051,13.6773,6.3916
class,shaman,maximum,5,total_mana,5,100,100,100,208,215,224,230,170.6,64.9369,22
class,shaman,maximum,5,walk_speed,5,-10,-8,-5,10,67,83.2,94,31.2,46.5908,20
class,shaman,maximum,5,attack_tier,5,-7,-4.2,0,0,5,11.6,16,2.8,8.5264,5
class,shaman,maximum,5,attacks_per_second,5,0.51,0.51,0.51,0.83,4.3,4.3,4.3,2.09,2.0217,0.32
class,shaman,maximum,5,poison,5,0,0,0,0,0,3900,6500,1300,2906.8884,0
class,shaman,maximum,5,main_attack_range_pct,5,-13,-7.8,0,0,0,0,0,-2.6,5.8138,0
class,shaman,maximum,5,main_attack_range_blocks,5,28.0575,29.7345,32.25,32.25,32.25,32.25,32.25,31.4115,1.8749,0
class,shaman,maximum,5,main_attack_dps,5,766.6895,2148.7471,4221.8335,4608.3004,7157.8434,12896.7056,16722.6138,6695.4561,6049.442,2549.543
class,shaman,maximum,5,spell_display_avg_max,5,26858.8665,27131.9439,27541.5601,31707.5897,32013.5262,33571.4813,34610.118,30546.3321,3265.0265,2902.5283
class,shaman,maximum,5,spell_display_avg_sum,5,38304.7269,40710.4489,44319.0318,45508.0675,47709.0325,49276.6121,50321.6652,45232.5048,4498.2557,2200.965
class,shaman,maximum,5,heal_pct,5,-11,-6.6,0,0,0,0,0,-2.2,4.9193,0
class,shaman,maximum,5,skill_points_assigned,5,158,172.8,195,196,196,196.6,197,188.4,17.0088,1
family_class,family_unclassified:shaman,maximum,4,total_hp,4,8085,9585,11835,13211.5,13943.5,15033.4,15760,12567,3222.1286,1337.5
family_class,family_unclassified:shaman,maximum,4,ehp,4,15983.6445,15997.0147,16017.07,16949.4154,19789.6127,23243.8014,25546.5939,18857.2673,4545.3943,943.4872
family_class,family_unclassified:shaman,maximum,4,ehp_no_agi,4,8117.5281,10147.8023,13193.2135,16377.8638,17884.9916,17910.8623,17928.1094,14700.3413,4612.9064,1521.5004
family_class,family_unclassified:shaman,maximum,4,hpr,4,-82.2,-57.54,-20.55,237.5,504.25,556.9,592,246.2,336.8422,278.6
family_class,family_unclassified:shaman,maximum,4,ehpr,4,-110.1338,-77.0937,-27.5334,290.112,675.0726,845.7999,959.6182,357.4271,502.8717,345.1789
family_class,family_unclassified:shaman,maximum,4,ls,4,273,298.5,336.75,640.5,965.25,1041.3,1092,661.5,406.9222,325
family_class,family_unclassified:shaman,maximum,4,effective_ls,4,442.5267,522.6852,642.923,973.1913,1260.9717,1304.7314,1333.9045,930.7034,425.5704,312.0914
family_class,family_unclassified:shaman,maximum,4,mr,4,0,6.6,16.5,31.5,41.75,43.1,44,26.75,20.3204,11
family_class,family_unclassified:shaman,maximum,4,total_mr,4,25,31.6,41.5,56.5,66.75,68.1,69,51.75,20.3204,11
family_class,family_unclassified:shaman,maximum,4,ms,4,-22,-17.8,-11.5,7.5,27.25,34.9,40,8.25,28.3122,22.5
family_class,family_unclassified:shaman,maximum,4,mana_per_hit,4,-8.8353,-7.7533,-6.1304,-1.7229,7.8731,18.8355,26.1438,3.4657,15.7484,5.3091
family_class,family_unclassified:shaman,maximum,4,total_mana,4,100,132.4,181,211.5,218.75,225.5,230,188.25,59.5448,11
family_class,family_unclassified:shaman,maximum,4,walk_speed,4,-10,-8.5,-6.25,2.5,31,68.8,94,22.25,48.5824,10
family_class,family_unclassified:shaman,maximum,4,attack_tier,4,-7,-4.9,-1.75,0,4,11.2,16,2.25,9.7425,3.5
family_class,family_unclassified:shaman,maximum,4,attacks_per_second,4,0.51,0.51,0.51,0.67,1.6975,3.259,4.3,1.5375,1.8478,0.16
family_class,family_unclassified:shaman,maximum,4,poison,4,0,0,0,0,0,0,0,0,0,0
family_class,family_unclassified:shaman,maximum,4,main_attack_range_pct,4,-13,-9.1,-3.25,0,0,0,0,-3.25,6.5,0
family_class,family_unclassified:shaman,maximum,4,main_attack_range_blocks,4,28.0575,29.3153,31.2019,32.25,32.25,32.25,32.25,31.2019,2.0962,0
family_class,family_unclassified:shaman,maximum,4,main_attack_dps,4,766.6895,1803.2327,3358.0475,4415.067,5245.6861,6392.9805,7157.8434,4188.6667,2626.9837,1468.005
family_class,family_unclassified:shaman,maximum,4,spell_display_avg_max,4,27541.5601,28791.369,30666.0823,31860.558,32662.6742,33831.1405,34610.118,31468.1985,2923.744,1451.2642
family_class,family_unclassified:shaman,maximum,4,spell_display_avg_sum,4,38304.7269,40109.0184,42815.4556,44913.5497,46058.3087,47048.743,47709.0325,43960.2147,4023.3806,1695.0004
family_class,family_unclassified:shaman,maximum,4,heal_pct,4,-11,-7.7,-2.75,0,0,0,0,-2.75,5.5,0
family_class,family_unclassified:shaman,maximum,4,skill_points_assigned,4,158,169.4,186.5,196,196.25,196.7,197,186.75,19.1725,0.5
archetype,Acolyte,maximum,3,total_hp,3,13085,13135.6,13211.5,13338,14549,15275.6,15760,14061,1476.805,253
archetype,Acolyte,maximum,3,ehp,3,15983.6445,16361.0394,16927.1318,17870.619,21708.6065,24011.3989,25546.5939,19800.2858,5065.0973,1886.9745
archetype,Acolyte,maximum,3,ehp_no_agi,3,14885.1086,15482.2107,16377.8638,17870.619,17899.3642,17916.6113,17928.1094,16894.6123,1740.5187,57.4904
archetype,Acolyte,maximum,3,hpr,3,-82.2,29.24,196.4,475,533.5,568.6,592,328.2667,360.256,117
archetype,Acolyte,maximum,3,ehpr,3,-110.1338,27.9378,235.0451,580.224,769.9211,883.7394,959.6182,476.5695,542.3565,379.3942
archetype,Acolyte,maximum,3,ls,3,273,403,598,923,1007.5,1058.2,1092,762.6667,432.4007,169
archetype,Acolyte,maximum,3,effective_ls,3,442.5267,601.3535,839.5938,1236.6608,1285.2827,1314.4558,1333.9045,1004.364,488.9887,97.2437
archetype,Acolyte,maximum,3,mr,3,22,25.8,31.5,41,42.5,43.4,44,35.6667,11.9304,3
archetype,Acolyte,maximum,3,total_mr,3,47,50.8,56.5,66,67.5,68.4,69,60.6667,11.9304,3
archetype,Acolyte,maximum,3,ms,3,-22,-19.2,-15,-8,16,30.4,40,3.3333,32.5167,14
archetype,Acolyte,maximum,3,mana_per_hit,3,-8.8353,-8.114,-7.032,-5.2288,10.4575,19.8693,26.1438,4.0266,19.2388,3.6065
archetype,Acolyte,maximum,3,total_mana,3,208,209.4,211.5,215,222.5,227,230,217.6667,11.2398,7
archetype,Acolyte,maximum,3,walk_speed,3,-10,-9,-7.5,-5,2.5,7,10,-1.6667,10.4083,5
archetype,Acolyte,maximum,3,attack_tier,3,-7,-5.6,-3.5,0,0,0,0,-2.3333,4.0415,0
archetype,Acolyte,maximum,3,attacks_per_second,3,0.51,0.51,0.51,0.51,0.67,0.766,0.83,0.6167,0.1848,0
archetype,Acolyte,maximum,3,poison,3,0,0,0,0,0,0,0,0,0,0
archetype,Acolyte,maximum,3,main_attack_range_pct,3,-13,-10.4,-6.5,0,0,0,0,-4.3333,7.5056,0
archetype,Acolyte,maximum,3,main_attack_range_blocks,3,28.0575,28.896,30.1538,32.25,32.25,32.25,32.25,30.8525,2.4205,0
archetype,Acolyte,maximum,3,main_attack_dps,3,4221.8335,4299.1269,4415.067,4608.3004,5883.0719,6647.9348,7157.8434,5329.3258,1595.2889,386.4669
archetype,Acolyte,maximum,3,spell_display_avg_max,3,27541.5601,28374.766,29624.5749,31707.5897,33158.8539,34029.6123,34610.118,31286.4226,3553.05,2902.5283
archetype,Acolyte,maximum,3,spell_display_avg_sum,3,38304.7269,39507.5879,41311.8794,44319.0318,46014.0322,47031.0324,47709.0325,43444.2637,4762.7886,3390.0007
archetype,Acolyte,maximum,3,heal_pct,3,-11,-8.8,-5.5,0,0,0,0,-3.6667,6.3509,0
archetype,Acolyte,maximum,3,skill_points_assigned,3,158,165.6,177,196,196.5,196.8,197,183.6667,22.2336,1
archetype_class,Acolyte:shaman,maximum,3,total_hp,3,13085,13135.6,13211.5,13338,14549,15275.6,15760,14061,1476.805,253
archetype_class,Acolyte:shaman,maximum,3,ehp,3,15983.6445,16361.0394,16927.1318,17870.619,21708.6065,24011.3989,25546.5939,19800.2858,5065.0973,1886.9745
archetype_class,Acolyte:shaman,maximum,3,ehp_no_agi,3,14885.1086,15482.2107,16377.8638,17870.619,17899.3642,17916.6113,17928.1094,16894.6123,1740.5187,57.4904
archetype_class,Acolyte:shaman,maximum,3,hpr,3,-82.2,29.24,196.4,475,533.5,568.6,592,328.2667,360.256,117
archetype_class,Acolyte:shaman,maximum,3,ehpr,3,-110.1338,27.9378,235.0451,580.224,769.9211,883.7394,959.6182,476.5695,542.3565,379.3942
archetype_class,Acolyte:shaman,maximum,3,ls,3,273,403,598,923,1007.5,1058.2,1092,762.6667,432.4007,169
archetype_class,Acolyte:shaman,maximum,3,effective_ls,3,442.5267,601.3535,839.5938,1236.6608,1285.2827,1314.4558,1333.9045,1004.364,488.9887,97.2437
archetype_class,Acolyte:shaman,maximum,3,mr,3,22,25.8,31.5,41,42.5,43.4,44,35.6667,11.9304,3
archetype_class,Acolyte:shaman,maximum,3,total_mr,3,47,50.8,56.5,66,67.5,68.4,69,60.6667,11.9304,3
archetype_class,Acolyte:shaman,maximum,3,ms,3,-22,-19.2,-15,-8,16,30.4,40,3.3333,32.5167,14
archetype_class,Acolyte:shaman,maximum,3,mana_per_hit,3,-8.8353,-8.114,-7.032,-5.2288,10.4575,19.8693,26.1438,4.0266,19.2388,3.6065
archetype_class,Acolyte:shaman,maximum,3,total_mana,3,208,209.4,211.5,215,222.5,227,230,217.6667,11.2398,7
archetype_class,Acolyte:shaman,maximum,3,walk_speed,3,-10,-9,-7.5,-5,2.5,7,10,-1.6667,10.4083,5
archetype_class,Acolyte:shaman,maximum,3,attack_tier,3,-7,-5.6,-3.5,0,0,0,0,-2.3333,4.0415,0
archetype_class,Acolyte:shaman,maximum,3,attacks_per_second,3,0.51,0.51,0.51,0.51,0.67,0.766,0.83,0.6167,0.1848,0
archetype_class,Acolyte:shaman,maximum,3,poison,3,0,0,0,0,0,0,0,0,0,0
archetype_class,Acolyte:shaman,maximum,3,main_attack_range_pct,3,-13,-10.4,-6.5,0,0,0,0,-4.3333,7.5056,0
archetype_class,Acolyte:shaman,maximum,3,main_attack_range_blocks,3,28.0575,28.896,30.1538,32.25,32.25,32.25,32.25,30.8525,2.4205,0
archetype_class,Acolyte:shaman,maximum,3,main_attack_dps,3,4221.8335,4299.1269,4415.067,4608.3004,5883.0719,6647.9348,7157.8434,5329.3258,1595.2889,386.4669
archetype_class,Acolyte:shaman,maximum,3,spell_display_avg_max,3,27541.5601,28374.766,29624.5749,31707.5897,33158.8539,34029.6123,34610.118,31286.4226,3553.05,2902.5283
archetype_class,Acolyte:shaman,maximum,3,spell_display_avg_sum,3,38304.7269,39507.5879,41311.8794,44319.0318,46014.0322,47031.0324,47709.0325,43444.2637,4762.7886,3390.0007
archetype_class,Acolyte:shaman,maximum,3,heal_pct,3,-11,-8.8,-5.5,0,0,0,0,-3.6667,6.3509,0
archetype_class,Acolyte:shaman,maximum,3,skill_points_assigned,3,158,165.6,177,196,196.5,196.8,197,183.6667,22.2336,1
family,family_tierstack,median,1,total_hp,1,10510,10510,10510,10510,10510,10510,10510,10510,0,0
family,family_tierstack,median,1,ehp,1,22715.9803,22715.9803,22715.9803,22715.9803,22715.9803,22715.9803,22715.9803,22715.9803,0,0
family,family_tierstack,median,1,ehp_no_agi,1,14195.9527,14195.9527,14195.9527,14195.9527,14195.9527,14195.9527,14195.9527,14195.9527,0,0
family,family_tierstack,median,1,hpr,1,0,0,0,0,0,0,0,0,0,0
family,family_tierstack,median,1,ehpr,1,0,0,0,0,0,0,0,0,0,0
family,family_tierstack,median,1,ls,1,-90,-90,-90,-90,-90,-90,-90,-90,0,0
family,family_tierstack,median,1,effective_ls,1,-194.5231,-194.5231,-194.5231,-194.5231,-194.5231,-194.5231,-194.5231,-194.5231,0,0
family,family_tierstack,median,1,mr,1,0,0,0,0,0,0,0,0,0,0
family,family_tierstack,median,1,total_mr,1,25,25,25,25,25,25,25,25,0,0
family,family_tierstack,median,1,ms,1,13,13,13,13,13,13,13,13,0,0
family,family_tierstack,median,1,mana_per_hit,1,1.0078,1.0078,1.0078,1.0078,1.0078,1.0078,1.0078,1.0078,0,0
family,family_tierstack,median,1,total_mana,1,100,100,100,100,100,100,100,100,0,0
family,family_tierstack,median,1,walk_speed,1,43,43,43,43,43,43,43,43,0,0
family,family_tierstack,median,1,attack_tier,1,5,5,5,5,5,5,5,5,0,0
family,family_tierstack,median,1,attacks_per_second,1,4.3,4.3,4.3,4.3,4.3,4.3,4.3,4.3,0,0
family,family_tierstack,median,1,poison,1,4000,4000,4000,4000,4000,4000,4000,4000,0,0
family,family_tierstack,median,1,main_attack_range_pct,1,0,0,0,0,0,0,0,0,0,0
family,family_tierstack,median,1,main_attack_range_blocks,1,32.25,32.25,32.25,32.25,32.25,32.25,32.25,32.25,0,0
family,family_tierstack,median,1,main_attack_dps,1,12700.6194,12700.6194,12700.6194,12700.6194,12700.6194,12700.6194,12700.6194,12700.6194,0,0
family,family_tierstack,median,1,spell_display_avg_max,1,24586.8868,24586.8868,24586.8868,24586.8868,24586.8868,24586.8868,24586.8868,24586.8868,0,0
family,family_tierstack,median,1,spell_display_avg_sum,1,46138.7884,46138.7884,46138.7884,46138.7884,46138.7884,46138.7884,46138.7884,46138.7884,0,0
family,family_tierstack,median,1,heal_pct,1,0,0,0,0,0,0,0,0,0,0
family,family_tierstack,median,1,skill_points_assigned,1,195,195,195,195,195,195,195,195,0,0
family_class,family_tierstack:shaman,median,1,total_hp,1,10510,10510,10510,10510,10510,10510,10510,10510,0,0
family_class,family_tierstack:shaman,median,1,ehp,1,22715.9803,22715.9803,22715.9803,22715.9803,22715.9803,22715.9803,22715.9803,22715.9803,0,0
family_class,family_tierstack:shaman,median,1,ehp_no_agi,1,14195.9527,14195.9527,14195.9527,14195.9527,14195.9527,14195.9527,14195.9527,14195.9527,0,0
family_class,family_tierstack:shaman,median,1,hpr,1,0,0,0,0,0,0,0,0,0,0
family_class,family_tierstack:shaman,median,1,ehpr,1,0,0,0,0,0,0,0,0,0,0
family_class,family_tierstack:shaman,median,1,ls,1,-90,-90,-90,-90,-90,-90,-90,-90,0,0
family_class,family_tierstack:shaman,median,1,effective_ls,1,-194.5231,-194.5231,-194.5231,-194.5231,-194.5231,-194.5231,-194.5231,-194.5231,0,0
family_class,family_tierstack:shaman,median,1,mr,1,0,0,0,0,0,0,0,0,0,0
family_class,family_tierstack:shaman,median,1,total_mr,1,25,25,25,25,25,25,25,25,0,0
family_class,family_tierstack:shaman,median,1,ms,1,13,13,13,13,13,13,13,13,0,0
family_class,family_tierstack:shaman,median,1,mana_per_hit,1,1.0078,1.0078,1.0078,1.0078,1.0078,1.0078,1.0078,1.0078,0,0
family_class,family_tierstack:shaman,median,1,total_mana,1,100,100,100,100,100,100,100,100,0,0
family_class,family_tierstack:shaman,median,1,walk_speed,1,43,43,43,43,43,43,43,43,0,0
family_class,family_tierstack:shaman,median,1,attack_tier,1,5,5,5,5,5,5,5,5,0,0
family_class,family_tierstack:shaman,median,1,attacks_per_second,1,4.3,4.3,4.3,4.3,4.3,4.3,4.3,4.3,0,0
family_class,family_tierstack:shaman,median,1,poison,1,4000,4000,4000,4000,4000,4000,4000,4000,0,0
family_class,family_tierstack:shaman,median,1,main_attack_range_pct,1,0,0,0,0,0,0,0,0,0,0
family_class,family_tierstack:shaman,median,1,main_attack_range_blocks,1,32.25,32.25,32.25,32.25,32.25,32.25,32.25,32.25,0,0
family_class,family_tierstack:shaman,median,1,main_attack_dps,1,12700.6194,12700.6194,12700.6194,12700.6194,12700.6194,12700.6194,12700.6194,12700.6194,0,0
family_class,family_tierstack:shaman,median,1,spell_display_avg_max,1,24586.8868,24586.8868,24586.8868,24586.8868,24586.8868,24586.8868,24586.8868,24586.8868,0,0
family_class,family_tierstack:shaman,median,1,spell_display_avg_sum,1,46138.7884,46138.7884,46138.7884,46138.7884,46138.7884,46138.7884,46138.7884,46138.7884,0,0
family_class,family_tierstack:shaman,median,1,heal_pct,1,0,0,0,0,0,0,0,0,0,0
family_class,family_tierstack:shaman,median,1,skill_points_assigned,1,195,195,195,195,195,195,195,195,0,0
archetype,Ritualist,median,1,total_hp,1,10510,10510,10510,10510,10510,10510,10510,10510,0,0
archetype,Ritualist,median,1,ehp,1,22715.9803,22715.9803,22715.9803,22715.9803,22715.9803,22715.9803,22715.9803,22715.9803,0,0
archetype,Ritualist,median,1,ehp_no_agi,1,14195.9527,14195.9527,14195.9527,14195.9527,14195.9527,14195.9527,14195.9527,14195.9527,0,0
archetype,Ritualist,median,1,hpr,1,0,0,0,0,0,0,0,0,0,0
archetype,Ritualist,median,1,ehpr,1,0,0,0,0,0,0,0,0,0,0
archetype,Ritualist,median,1,ls,1,-90,-90,-90,-90,-90,-90,-90,-90,0,0
archetype,Ritualist,median,1,effective_ls,1,-194.5231,-194.5231,-194.5231,-194.5231,-194.5231,-194.5231,-194.5231,-194.5231,0,0
archetype,Ritualist,median,1,mr,1,0,0,0,0,0,0,0,0,0,0
archetype,Ritualist,median,1,total_mr,1,25,25,25,25,25,25,25,25,0,0
archetype,Ritualist,median,1,ms,1,13,13,13,13,13,13,13,13,0,0
archetype,Ritualist,median,1,mana_per_hit,1,1.0078,1.0078,1.0078,1.0078,1.0078,1.0078,1.0078,1.0078,0,0
archetype,Ritualist,median,1,total_mana,1,100,100,100,100,100,100,100,100,0,0
archetype,Ritualist,median,1,walk_speed,1,43,43,43,43,43,43,43,43,0,0
archetype,Ritualist,median,1,attack_tier,1,5,5,5,5,5,5,5,5,0,0
archetype,Ritualist,median,1,attacks_per_second,1,4.3,4.3,4.3,4.3,4.3,4.3,4.3,4.3,0,0
archetype,Ritualist,median,1,poison,1,4000,4000,4000,4000,4000,4000,4000,4000,0,0
archetype,Ritualist,median,1,main_attack_range_pct,1,0,0,0,0,0,0,0,0,0,0
archetype,Ritualist,median,1,main_attack_range_blocks,1,32.25,32.25,32.25,32.25,32.25,32.25,32.25,32.25,0,0
archetype,Ritualist,median,1,main_attack_dps,1,12700.6194,12700.6194,12700.6194,12700.6194,12700.6194,12700.6194,12700.6194,12700.6194,0,0
archetype,Ritualist,median,1,spell_display_avg_max,1,24586.8868,24586.8868,24586.8868,24586.8868,24586.8868,24586.8868,24586.8868,24586.8868,0,0
archetype,Ritualist,median,1,spell_display_avg_sum,1,46138.7884,46138.7884,46138.7884,46138.7884,46138.7884,46138.7884,46138.7884,46138.7884,0,0
archetype,Ritualist,median,1,heal_pct,1,0,0,0,0,0,0,0,0,0,0
archetype,Ritualist,median,1,skill_points_assigned,1,195,195,195,195,195,195,195,195,0,0
archetype_class,Ritualist:shaman,median,1,total_hp,1,10510,10510,10510,10510,10510,10510,10510,10510,0,0
archetype_class,Ritualist:shaman,median,1,ehp,1,22715.9803,22715.9803,22715.9803,22715.9803,22715.9803,22715.9803,22715.9803,22715.9803,0,0
archetype_class,Ritualist:shaman,median,1,ehp_no_agi,1,14195.9527,14195.9527,14195.9527,14195.9527,14195.9527,14195.9527,14195.9527,14195.9527,0,0
archetype_class,Ritualist:shaman,median,1,hpr,1,0,0,0,0,0,0,0,0,0,0
archetype_class,Ritualist:shaman,median,1,ehpr,1,0,0,0,0,0,0,0,0,0,0
archetype_class,Ritualist:shaman,median,1,ls,1,-90,-90,-90,-90,-90,-90,-90,-90,0,0
archetype_class,Ritualist:shaman,median,1,effective_ls,1,-194.5231,-194.5231,-194.5231,-194.5231,-194.5231,-194.5231,-194.5231,-194.5231,0,0
archetype_class,Ritualist:shaman,median,1,mr,1,0,0,0,0,0,0,0,0,0,0
archetype_class,Ritualist:shaman,median,1,total_mr,1,25,25,25,25,25,25,25,25,0,0
archetype_class,Ritualist:shaman,median,1,ms,1,13,13,13,13,13,13,13,13,0,0
archetype_class,Ritualist:shaman,median,1,mana_per_hit,1,1.0078,1.0078,1.0078,1.0078,1.0078,1.0078,1.0078,1.0078,0,0
archetype_class,Ritualist:shaman,median,1,total_mana,1,100,100,100,100,100,100,100,100,0,0
archetype_class,Ritualist:shaman,median,1,walk_speed,1,43,43,43,43,43,43,43,43,0,0
archetype_class,Ritualist:shaman,median,1,attack_tier,1,5,5,5,5,5,5,5,5,0,0
archetype_class,Ritualist:shaman,median,1,attacks_per_second,1,4.3,4.3,4.3,4.3,4.3,4.3,4.3,4.3,0,0
archetype_class,Ritualist:shaman,median,1,poison,1,4000,4000,4000,4000,4000,4000,4000,4000,0,0
archetype_class,Ritualist:shaman,median,1,main_attack_range_pct,1,0,0,0,0,0,0,0,0,0,0
archetype_class,Ritualist:shaman,median,1,main_attack_range_blocks,1,32.25,32.25,32.25,32.25,32.25,32.25,32.25,32.25,0,0
archetype_class,Ritualist:shaman,median,1,main_attack_dps,1,12700.6194,12700.6194,12700.6194,12700.6194,12700.6194,12700.6194,12700.6194,12700.6194,0,0
archetype_class,Ritualist:shaman,median,1,spell_display_avg_max,1,24586.8868,24586.8868,24586.8868,24586.8868,24586.8868,24586.8868,24586.8868,24586.8868,0,0
archetype_class,Ritualist:shaman,median,1,spell_display_avg_sum,1,46138.7884,46138.7884,46138.7884,46138.7884,46138.7884,46138.7884,46138.7884,46138.7884,0,0
archetype_class,Ritualist:shaman,median,1,heal_pct,1,0,0,0,0,0,0,0,0,0,0
archetype_class,Ritualist:shaman,median,1,skill_points_assigned,1,195,195,195,195,195,195,195,195,0,0
family,family_tierstack,upper_quartile_proxy,1,total_hp,1,10510,10510,10510,10510,10510,10510,10510,10510,0,0
family,family_tierstack,upper_quartile_proxy,1,ehp,1,22715.9803,22715.9803,22715.9803,22715.9803,22715.9803,22715.9803,22715.9803,22715.9803,0,0
family,family_tierstack,upper_quartile_proxy,1,ehp_no_agi,1,14195.9527,14195.9527,14195.9527,14195.9527,14195.9527,14195.9527,14195.9527,14195.9527,0,0
family,family_tierstack,upper_quartile_proxy,1,hpr,1,0,0,0,0,0,0,0,0,0,0
family,family_tierstack,upper_quartile_proxy,1,ehpr,1,0,0,0,0,0,0,0,0,0,0
family,family_tierstack,upper_quartile_proxy,1,ls,1,-76,-76,-76,-76,-76,-76,-76,-76,0,0
family,family_tierstack,upper_quartile_proxy,1,effective_ls,1,-164.264,-164.264,-164.264,-164.264,-164.264,-164.264,-164.264,-164.264,0,0
family,family_tierstack,upper_quartile_proxy,1,mr,1,0,0,0,0,0,0,0,0,0,0
family,family_tierstack,upper_quartile_proxy,1,total_mr,1,25,25,25,25,25,25,25,25,0,0
family,family_tierstack,upper_quartile_proxy,1,ms,1,14,14,14,14,14,14,14,14,0,0
family,family_tierstack,upper_quartile_proxy,1,mana_per_hit,1,1.0853,1.0853,1.0853,1.0853,1.0853,1.0853,1.0853,1.0853,0,0
family,family_tierstack,upper_quartile_proxy,1,total_mana,1,100,100,100,100,100,100,100,100,0,0
family,family_tierstack,upper_quartile_proxy,1,walk_speed,1,55,55,55,55,55,55,55,55,0,0
family,family_tierstack,upper_quartile_proxy,1,attack_tier,1,5,5,5,5,5,5,5,5,0,0
family,family_tierstack,upper_quartile_proxy,1,attacks_per_second,1,4.3,4.3,4.3,4.3,4.3,4.3,4.3,4.3,0,0
family,family_tierstack,upper_quartile_proxy,1,poison,1,5250,5250,5250,5250,5250,5250,5250,5250,0,0
family,family_tierstack,upper_quartile_proxy,1,main_attack_range_pct,1,0,0,0,0,0,0,0,0,0,0
family,family_tierstack,upper_quartile_proxy,1,main_attack_range_blocks,1,32.25,32.25,32.25,32.25,32.25,32.25,32.25,32.25,0,0
family,family_tierstack,upper_quartile_proxy,1,main_attack_dps,1,14785.4069,14785.4069,14785.4069,14785.4069,14785.4069,14785.4069,14785.4069,14785.4069,0,0
family,family_tierstack,upper_quartile_proxy,1,spell_display_avg_max,1,25739.2541,25739.2541,25739.2541,25739.2541,25739.2541,25739.2541,25739.2541,25739.2541,0,0
family,family_tierstack,upper_quartile_proxy,1,spell_display_avg_sum,1,48261.6534,48261.6534,48261.6534,48261.6534,48261.6534,48261.6534,48261.6534,48261.6534,0,0
family,family_tierstack,upper_quartile_proxy,1,heal_pct,1,0,0,0,0,0,0,0,0,0,0
family,family_tierstack,upper_quartile_proxy,1,skill_points_assigned,1,195,195,195,195,195,195,195,195,0,0
family_class,family_tierstack:shaman,upper_quartile_proxy,1,total_hp,1,10510,10510,10510,10510,10510,10510,10510,10510,0,0
family_class,family_tierstack:shaman,upper_quartile_proxy,1,ehp,1,22715.9803,22715.9803,22715.9803,22715.9803,22715.9803,22715.9803,22715.9803,22715.9803,0,0
family_class,family_tierstack:shaman,upper_quartile_proxy,1,ehp_no_agi,1,14195.9527,14195.9527,14195.9527,14195.9527,14195.9527,14195.9527,14195.9527,14195.9527,0,0
family_class,family_tierstack:shaman,upper_quartile_proxy,1,hpr,1,0,0,0,0,0,0,0,0,0,0
family_class,family_tierstack:shaman,upper_quartile_proxy,1,ehpr,1,0,0,0,0,0,0,0,0,0,0
family_class,family_tierstack:shaman,upper_quartile_proxy,1,ls,1,-76,-76,-76,-76,-76,-76,-76,-76,0,0
family_class,family_tierstack:shaman,upper_quartile_proxy,1,effective_ls,1,-164.264,-164.264,-164.264,-164.264,-164.264,-164.264,-164.264,-164.264,0,0
family_class,family_tierstack:shaman,upper_quartile_proxy,1,mr,1,0,0,0,0,0,0,0,0,0,0
family_class,family_tierstack:shaman,upper_quartile_proxy,1,total_mr,1,25,25,25,25,25,25,25,25,0,0
family_class,family_tierstack:shaman,upper_quartile_proxy,1,ms,1,14,14,14,14,14,14,14,14,0,0
family_class,family_tierstack:shaman,upper_quartile_proxy,1,mana_per_hit,1,1.0853,1.0853,1.0853,1.0853,1.0853,1.0853,1.0853,1.0853,0,0
family_class,family_tierstack:shaman,upper_quartile_proxy,1,total_mana,1,100,100,100,100,100,100,100,100,0,0
family_class,family_tierstack:shaman,upper_quartile_proxy,1,walk_speed,1,55,55,55,55,55,55,55,55,0,0
family_class,family_tierstack:shaman,upper_quartile_proxy,1,attack_tier,1,5,5,5,5,5,5,5,5,0,0
family_class,family_tierstack:shaman,upper_quartile_proxy,1,attacks_per_second,1,4.3,4.3,4.3,4.3,4.3,4.3,4.3,4.3,0,0
family_class,family_tierstack:shaman,upper_quartile_proxy,1,poison,1,5250,5250,5250,5250,5250,5250,5250,5250,0,0
family_class,family_tierstack:shaman,upper_quartile_proxy,1,main_attack_range_pct,1,0,0,0,0,0,0,0,0,0,0
family_class,family_tierstack:shaman,upper_quartile_proxy,1,main_attack_range_blocks,1,32.25,32.25,32.25,32.25,32.25,32.25,32.25,32.25,0,0
family_class,family_tierstack:shaman,upper_quartile_proxy,1,main_attack_dps,1,14785.4069,14785.4069,14785.4069,14785.4069,14785.4069,14785.4069,14785.4069,14785.4069,0,0
family_class,family_tierstack:shaman,upper_quartile_proxy,1,spell_display_avg_max,1,25739.2541,25739.2541,25739.2541,25739.2541,25739.2541,25739.2541,25739.2541,25739.2541,0,0
family_class,family_tierstack:shaman,upper_quartile_proxy,1,spell_display_avg_sum,1,48261.6534,48261.6534,48261.6534,48261.6534,48261.6534,48261.6534,48261.6534,48261.6534,0,0
family_class,family_tierstack:shaman,upper_quartile_proxy,1,heal_pct,1,0,0,0,0,0,0,0,0,0,0
family_class,family_tierstack:shaman,upper_quartile_proxy,1,skill_points_assigned,1,195,195,195,195,195,195,195,195,0,0
archetype,Ritualist,upper_quartile_proxy,1,total_hp,1,10510,10510,10510,10510,10510,10510,10510,10510,0,0
archetype,Ritualist,upper_quartile_proxy,1,ehp,1,22715.9803,22715.9803,22715.9803,22715.9803,22715.9803,22715.9803,22715.9803,22715.9803,0,0
archetype,Ritualist,upper_quartile_proxy,1,ehp_no_agi,1,14195.9527,14195.9527,14195.9527,14195.9527,14195.9527,14195.9527,14195.9527,14195.9527,0,0
archetype,Ritualist,upper_quartile_proxy,1,hpr,1,0,0,0,0,0,0,0,0,0,0
archetype,Ritualist,upper_quartile_proxy,1,ehpr,1,0,0,0,0,0,0,0,0,0,0
archetype,Ritualist,upper_quartile_proxy,1,ls,1,-76,-76,-76,-76,-76,-76,-76,-76,0,0
archetype,Ritualist,upper_quartile_proxy,1,effective_ls,1,-164.264,-164.264,-164.264,-164.264,-164.264,-164.264,-164.264,-164.264,0,0
archetype,Ritualist,upper_quartile_proxy,1,mr,1,0,0,0,0,0,0,0,0,0,0
archetype,Ritualist,upper_quartile_proxy,1,total_mr,1,25,25,25,25,25,25,25,25,0,0
archetype,Ritualist,upper_quartile_proxy,1,ms,1,14,14,14,14,14,14,14,14,0,0
archetype,Ritualist,upper_quartile_proxy,1,mana_per_hit,1,1.0853,1.0853,1.0853,1.0853,1.0853,1.0853,1.0853,1.0853,0,0
archetype,Ritualist,upper_quartile_proxy,1,total_mana,1,100,100,100,100,100,100,100,100,0,0
archetype,Ritualist,upper_quartile_proxy,1,walk_speed,1,55,55,55,55,55,55,55,55,0,0
archetype,Ritualist,upper_quartile_proxy,1,attack_tier,1,5,5,5,5,5,5,5,5,0,0
archetype,Ritualist,upper_quartile_proxy,1,attacks_per_second,1,4.3,4.3,4.3,4.3,4.3,4.3,4.3,4.3,0,0
archetype,Ritualist,upper_quartile_proxy,1,poison,1,5250,5250,5250,5250,5250,5250,5250,5250,0,0
archetype,Ritualist,upper_quartile_proxy,1,main_attack_range_pct,1,0,0,0,0,0,0,0,0,0,0
archetype,Ritualist,upper_quartile_proxy,1,main_attack_range_blocks,1,32.25,32.25,32.25,32.25,32.25,32.25,32.25,32.25,0,0
archetype,Ritualist,upper_quartile_proxy,1,main_attack_dps,1,14785.4069,14785.4069,14785.4069,14785.4069,14785.4069,14785.4069,14785.4069,14785.4069,0,0
archetype,Ritualist,upper_quartile_proxy,1,spell_display_avg_max,1,25739.2541,25739.2541,25739.2541,25739.2541,25739.2541,25739.2541,25739.2541,25739.2541,0,0
archetype,Ritualist,upper_quartile_proxy,1,spell_display_avg_sum,1,48261.6534,48261.6534,48261.6534,48261.6534,48261.6534,48261.6534,48261.6534,48261.6534,0,0
archetype,Ritualist,upper_quartile_proxy,1,heal_pct,1,0,0,0,0,0,0,0,0,0,0
archetype,Ritualist,upper_quartile_proxy,1,skill_points_assigned,1,195,195,195,195,195,195,195,195,0,0
archetype_class,Ritualist:shaman,upper_quartile_proxy,1,total_hp,1,10510,10510,10510,10510,10510,10510,10510,10510,0,0
archetype_class,Ritualist:shaman,upper_quartile_proxy,1,ehp,1,22715.9803,22715.9803,22715.9803,22715.9803,22715.9803,22715.9803,22715.9803,22715.9803,0,0
archetype_class,Ritualist:shaman,upper_quartile_proxy,1,ehp_no_agi,1,14195.9527,14195.9527,14195.9527,14195.9527,14195.9527,14195.9527,14195.9527,14195.9527,0,0
archetype_class,Ritualist:shaman,upper_quartile_proxy,1,hpr,1,0,0,0,0,0,0,0,0,0,0
archetype_class,Ritualist:shaman,upper_quartile_proxy,1,ehpr,1,0,0,0,0,0,0,0,0,0,0
archetype_class,Ritualist:shaman,upper_quartile_proxy,1,ls,1,-76,-76,-76,-76,-76,-76,-76,-76,0,0
archetype_class,Ritualist:shaman,upper_quartile_proxy,1,effective_ls,1,-164.264,-164.264,-164.264,-164.264,-164.264,-164.264,-164.264,-164.264,0,0
archetype_class,Ritualist:shaman,upper_quartile_proxy,1,mr,1,0,0,0,0,0,0,0,0,0,0
archetype_class,Ritualist:shaman,upper_quartile_proxy,1,total_mr,1,25,25,25,25,25,25,25,25,0,0
archetype_class,Ritualist:shaman,upper_quartile_proxy,1,ms,1,14,14,14,14,14,14,14,14,0,0
archetype_class,Ritualist:shaman,upper_quartile_proxy,1,mana_per_hit,1,1.0853,1.0853,1.0853,1.0853,1.0853,1.0853,1.0853,1.0853,0,0
archetype_class,Ritualist:shaman,upper_quartile_proxy,1,total_mana,1,100,100,100,100,100,100,100,100,0,0
archetype_class,Ritualist:shaman,upper_quartile_proxy,1,walk_speed,1,55,55,55,55,55,55,55,55,0,0
archetype_class,Ritualist:shaman,upper_quartile_proxy,1,attack_tier,1,5,5,5,5,5,5,5,5,0,0
archetype_class,Ritualist:shaman,upper_quartile_proxy,1,attacks_per_second,1,4.3,4.3,4.3,4.3,4.3,4.3,4.3,4.3,0,0
archetype_class,Ritualist:shaman,upper_quartile_proxy,1,poison,1,5250,5250,5250,5250,5250,5250,5250,5250,0,0
archetype_class,Ritualist:shaman,upper_quartile_proxy,1,main_attack_range_pct,1,0,0,0,0,0,0,0,0,0,0
archetype_class,Ritualist:shaman,upper_quartile_proxy,1,main_attack_range_blocks,1,32.25,32.25,32.25,32.25,32.25,32.25,32.25,32.25,0,0
archetype_class,Ritualist:shaman,upper_quartile_proxy,1,main_attack_dps,1,14785.4069,14785.4069,14785.4069,14785.4069,14785.4069,14785.4069,14785.4069,14785.4069,0,0
archetype_class,Ritualist:shaman,upper_quartile_proxy,1,spell_display_avg_max,1,25739.2541,25739.2541,25739.2541,25739.2541,25739.2541,25739.2541,25739.2541,25739.2541,0,0
archetype_class,Ritualist:shaman,upper_quartile_proxy,1,spell_display_avg_sum,1,48261.6534,48261.6534,48261.6534,48261.6534,48261.6534,48261.6534,48261.6534,48261.6534,0,0
archetype_class,Ritualist:shaman,upper_quartile_proxy,1,heal_pct,1,0,0,0,0,0,0,0,0,0,0
archetype_class,Ritualist:shaman,upper_quartile_proxy,1,skill_points_assigned,1,195,195,195,195,195,195,195,195,0,0
family,family_tierstack,solver_default,1,total_hp,1,10510,10510,10510,10510,10510,10510,10510,10510,0,0
family,family_tierstack,solver_default,1,ehp,1,22715.9803,22715.9803,22715.9803,22715.9803,22715.9803,22715.9803,22715.9803,22715.9803,0,0
family,family_tierstack,solver_default,1,ehp_no_agi,1,14195.9527,14195.9527,14195.9527,14195.9527,14195.9527,14195.9527,14195.9527,14195.9527,0,0
family,family_tierstack,solver_default,1,hpr,1,0,0,0,0,0,0,0,0,0,0
family,family_tierstack,solver_default,1,ehpr,1,0,0,0,0,0,0,0,0,0,0
family,family_tierstack,solver_default,1,ls,1,-71,-71,-71,-71,-71,-71,-71,-71,0,0
family,family_tierstack,solver_default,1,effective_ls,1,-153.4571,-153.4571,-153.4571,-153.4571,-153.4571,-153.4571,-153.4571,-153.4571,0,0
family,family_tierstack,solver_default,1,mr,1,0,0,0,0,0,0,0,0,0,0
family,family_tierstack,solver_default,1,total_mr,1,25,25,25,25,25,25,25,25,0,0
family,family_tierstack,solver_default,1,ms,1,15,15,15,15,15,15,15,15,0,0
family,family_tierstack,solver_default,1,mana_per_hit,1,1.1628,1.1628,1.1628,1.1628,1.1628,1.1628,1.1628,1.1628,0,0
family,family_tierstack,solver_default,1,total_mana,1,100,100,100,100,100,100,100,100,0,0
family,family_tierstack,solver_default,1,walk_speed,1,60,60,60,60,60,60,60,60,0,0
family,family_tierstack,solver_default,1,attack_tier,1,5,5,5,5,5,5,5,5,0,0
family,family_tierstack,solver_default,1,attacks_per_second,1,4.3,4.3,4.3,4.3,4.3,4.3,4.3,4.3,0,0
family,family_tierstack,solver_default,1,poison,1,5750,5750,5750,5750,5750,5750,5750,5750,0,0
family,family_tierstack,solver_default,1,main_attack_range_pct,1,0,0,0,0,0,0,0,0,0,0
family,family_tierstack,solver_default,1,main_attack_range_blocks,1,32.25,32.25,32.25,32.25,32.25,32.25,32.25,32.25,0,0
family,family_tierstack,solver_default,1,main_attack_dps,1,15554.6034,15554.6034,15554.6034,15554.6034,15554.6034,15554.6034,15554.6034,15554.6034,0,0
family,family_tierstack,solver_default,1,spell_display_avg_max,1,26218.6279,26218.6279,26218.6279,26218.6279,26218.6279,26218.6279,26218.6279,26218.6279,0,0
family,family_tierstack,solver_default,1,spell_display_avg_sum,1,49143.6428,49143.6428,49143.6428,49143.6428,49143.6428,49143.6428,49143.6428,49143.6428,0,0
family,family_tierstack,solver_default,1,heal_pct,1,0,0,0,0,0,0,0,0,0,0
family,family_tierstack,solver_default,1,skill_points_assigned,1,195,195,195,195,195,195,195,195,0,0
family_class,family_tierstack:shaman,solver_default,1,total_hp,1,10510,10510,10510,10510,10510,10510,10510,10510,0,0
family_class,family_tierstack:shaman,solver_default,1,ehp,1,22715.9803,22715.9803,22715.9803,22715.9803,22715.9803,22715.9803,22715.9803,22715.9803,0,0
family_class,family_tierstack:shaman,solver_default,1,ehp_no_agi,1,14195.9527,14195.9527,14195.9527,14195.9527,14195.9527,14195.9527,14195.9527,14195.9527,0,0
family_class,family_tierstack:shaman,solver_default,1,hpr,1,0,0,0,0,0,0,0,0,0,0
family_class,family_tierstack:shaman,solver_default,1,ehpr,1,0,0,0,0,0,0,0,0,0,0
family_class,family_tierstack:shaman,solver_default,1,ls,1,-71,-71,-71,-71,-71,-71,-71,-71,0,0
family_class,family_tierstack:shaman,solver_default,1,effective_ls,1,-153.4571,-153.4571,-153.4571,-153.4571,-153.4571,-153.4571,-153.4571,-153.4571,0,0
family_class,family_tierstack:shaman,solver_default,1,mr,1,0,0,0,0,0,0,0,0,0,0
family_class,family_tierstack:shaman,solver_default,1,total_mr,1,25,25,25,25,25,25,25,25,0,0
family_class,family_tierstack:shaman,solver_default,1,ms,1,15,15,15,15,15,15,15,15,0,0
family_class,family_tierstack:shaman,solver_default,1,mana_per_hit,1,1.1628,1.1628,1.1628,1.1628,1.1628,1.1628,1.1628,1.1628,0,0
family_class,family_tierstack:shaman,solver_default,1,total_mana,1,100,100,100,100,100,100,100,100,0,0
family_class,family_tierstack:shaman,solver_default,1,walk_speed,1,60,60,60,60,60,60,60,60,0,0
family_class,family_tierstack:shaman,solver_default,1,attack_tier,1,5,5,5,5,5,5,5,5,0,0
family_class,family_tierstack:shaman,solver_default,1,attacks_per_second,1,4.3,4.3,4.3,4.3,4.3,4.3,4.3,4.3,0,0
family_class,family_tierstack:shaman,solver_default,1,poison,1,5750,5750,5750,5750,5750,5750,5750,5750,0,0
family_class,family_tierstack:shaman,solver_default,1,main_attack_range_pct,1,0,0,0,0,0,0,0,0,0,0
family_class,family_tierstack:shaman,solver_default,1,main_attack_range_blocks,1,32.25,32.25,32.25,32.25,32.25,32.25,32.25,32.25,0,0
family_class,family_tierstack:shaman,solver_default,1,main_attack_dps,1,15554.6034,15554.6034,15554.6034,15554.6034,15554.6034,15554.6034,15554.6034,15554.6034,0,0
family_class,family_tierstack:shaman,solver_default,1,spell_display_avg_max,1,26218.6279,26218.6279,26218.6279,26218.6279,26218.6279,26218.6279,26218.6279,26218.6279,0,0
family_class,family_tierstack:shaman,solver_default,1,spell_display_avg_sum,1,49143.6428,49143.6428,49143.6428,49143.6428,49143.6428,49143.6428,49143.6428,49143.6428,0,0
family_class,family_tierstack:shaman,solver_default,1,heal_pct,1,0,0,0,0,0,0,0,0,0,0
family_class,family_tierstack:shaman,solver_default,1,skill_points_assigned,1,195,195,195,195,195,195,195,195,0,0
archetype,Ritualist,solver_default,1,total_hp,1,10510,10510,10510,10510,10510,10510,10510,10510,0,0
archetype,Ritualist,solver_default,1,ehp,1,22715.9803,22715.9803,22715.9803,22715.9803,22715.9803,22715.9803,22715.9803,22715.9803,0,0
archetype,Ritualist,solver_default,1,ehp_no_agi,1,14195.9527,14195.9527,14195.9527,14195.9527,14195.9527,14195.9527,14195.9527,14195.9527,0,0
archetype,Ritualist,solver_default,1,hpr,1,0,0,0,0,0,0,0,0,0,0
archetype,Ritualist,solver_default,1,ehpr,1,0,0,0,0,0,0,0,0,0,0
archetype,Ritualist,solver_default,1,ls,1,-71,-71,-71,-71,-71,-71,-71,-71,0,0
archetype,Ritualist,solver_default,1,effective_ls,1,-153.4571,-153.4571,-153.4571,-153.4571,-153.4571,-153.4571,-153.4571,-153.4571,0,0
archetype,Ritualist,solver_default,1,mr,1,0,0,0,0,0,0,0,0,0,0
archetype,Ritualist,solver_default,1,total_mr,1,25,25,25,25,25,25,25,25,0,0
archetype,Ritualist,solver_default,1,ms,1,15,15,15,15,15,15,15,15,0,0
archetype,Ritualist,solver_default,1,mana_per_hit,1,1.1628,1.1628,1.1628,1.1628,1.1628,1.1628,1.1628,1.1628,0,0
archetype,Ritualist,solver_default,1,total_mana,1,100,100,100,100,100,100,100,100,0,0
archetype,Ritualist,solver_default,1,walk_speed,1,60,60,60,60,60,60,60,60,0,0
archetype,Ritualist,solver_default,1,attack_tier,1,5,5,5,5,5,5,5,5,0,0
archetype,Ritualist,solver_default,1,attacks_per_second,1,4.3,4.3,4.3,4.3,4.3,4.3,4.3,4.3,0,0
archetype,Ritualist,solver_default,1,poison,1,5750,5750,5750,5750,5750,5750,5750,5750,0,0
archetype,Ritualist,solver_default,1,main_attack_range_pct,1,0,0,0,0,0,0,0,0,0,0
archetype,Ritualist,solver_default,1,main_attack_range_blocks,1,32.25,32.25,32.25,32.25,32.25,32.25,32.25,32.25,0,0
archetype,Ritualist,solver_default,1,main_attack_dps,1,15554.6034,15554.6034,15554.6034,15554.6034,15554.6034,15554.6034,15554.6034,15554.6034,0,0
archetype,Ritualist,solver_default,1,spell_display_avg_max,1,26218.6279,26218.6279,26218.6279,26218.6279,26218.6279,26218.6279,26218.6279,26218.6279,0,0
archetype,Ritualist,solver_default,1,spell_display_avg_sum,1,49143.6428,49143.6428,49143.6428,49143.6428,49143.6428,49143.6428,49143.6428,49143.6428,0,0
archetype,Ritualist,solver_default,1,heal_pct,1,0,0,0,0,0,0,0,0,0,0
archetype,Ritualist,solver_default,1,skill_points_assigned,1,195,195,195,195,195,195,195,195,0,0
archetype_class,Ritualist:shaman,solver_default,1,total_hp,1,10510,10510,10510,10510,10510,10510,10510,10510,0,0
archetype_class,Ritualist:shaman,solver_default,1,ehp,1,22715.9803,22715.9803,22715.9803,22715.9803,22715.9803,22715.9803,22715.9803,22715.9803,0,0
archetype_class,Ritualist:shaman,solver_default,1,ehp_no_agi,1,14195.9527,14195.9527,14195.9527,14195.9527,14195.9527,14195.9527,14195.9527,14195.9527,0,0
archetype_class,Ritualist:shaman,solver_default,1,hpr,1,0,0,0,0,0,0,0,0,0,0
archetype_class,Ritualist:shaman,solver_default,1,ehpr,1,0,0,0,0,0,0,0,0,0,0
archetype_class,Ritualist:shaman,solver_default,1,ls,1,-71,-71,-71,-71,-71,-71,-71,-71,0,0
archetype_class,Ritualist:shaman,solver_default,1,effective_ls,1,-153.4571,-153.4571,-153.4571,-153.4571,-153.4571,-153.4571,-153.4571,-153.4571,0,0
archetype_class,Ritualist:shaman,solver_default,1,mr,1,0,0,0,0,0,0,0,0,0,0
archetype_class,Ritualist:shaman,solver_default,1,total_mr,1,25,25,25,25,25,25,25,25,0,0
archetype_class,Ritualist:shaman,solver_default,1,ms,1,15,15,15,15,15,15,15,15,0,0
archetype_class,Ritualist:shaman,solver_default,1,mana_per_hit,1,1.1628,1.1628,1.1628,1.1628,1.1628,1.1628,1.1628,1.1628,0,0
archetype_class,Ritualist:shaman,solver_default,1,total_mana,1,100,100,100,100,100,100,100,100,0,0
archetype_class,Ritualist:shaman,solver_default,1,walk_speed,1,60,60,60,60,60,60,60,60,0,0
archetype_class,Ritualist:shaman,solver_default,1,attack_tier,1,5,5,5,5,5,5,5,5,0,0
archetype_class,Ritualist:shaman,solver_default,1,attacks_per_second,1,4.3,4.3,4.3,4.3,4.3,4.3,4.3,4.3,0,0
archetype_class,Ritualist:shaman,solver_default,1,poison,1,5750,5750,5750,5750,5750,5750,5750,5750,0,0
archetype_class,Ritualist:shaman,solver_default,1,main_attack_range_pct,1,0,0,0,0,0,0,0,0,0,0
archetype_class,Ritualist:shaman,solver_default,1,main_attack_range_blocks,1,32.25,32.25,32.25,32.25,32.25,32.25,32.25,32.25,0,0
archetype_class,Ritualist:shaman,solver_default,1,main_attack_dps,1,15554.6034,15554.6034,15554.6034,15554.6034,15554.6034,15554.6034,15554.6034,15554.6034,0,0
archetype_class,Ritualist:shaman,solver_default,1,spell_display_avg_max,1,26218.6279,26218.6279,26218.6279,26218.6279,26218.6279,26218.6279,26218.6279,26218.6279,0,0
archetype_class,Ritualist:shaman,solver_default,1,spell_display_avg_sum,1,49143.6428,49143.6428,49143.6428,49143.6428,49143.6428,49143.6428,49143.6428,49143.6428,0,0
archetype_class,Ritualist:shaman,solver_default,1,heal_pct,1,0,0,0,0,0,0,0,0,0,0
archetype_class,Ritualist:shaman,solver_default,1,skill_points_assigned,1,195,195,195,195,195,195,195,195,0,0
family,family_tierstack,maximum,1,total_hp,1,10510,10510,10510,10510,10510,10510,10510,10510,0,0
family,family_tierstack,maximum,1,ehp,1,22715.9803,22715.9803,22715.9803,22715.9803,22715.9803,22715.9803,22715.9803,22715.9803,0,0
family,family_tierstack,maximum,1,ehp_no_agi,1,14195.9527,14195.9527,14195.9527,14195.9527,14195.9527,14195.9527,14195.9527,14195.9527,0,0
family,family_tierstack,maximum,1,hpr,1,0,0,0,0,0,0,0,0,0,0
family,family_tierstack,maximum,1,ehpr,1,0,0,0,0,0,0,0,0,0,0
family,family_tierstack,maximum,1,ls,1,-63,-63,-63,-63,-63,-63,-63,-63,0,0
family,family_tierstack,maximum,1,effective_ls,1,-136.1662,-136.1662,-136.1662,-136.1662,-136.1662,-136.1662,-136.1662,-136.1662,0,0
family,family_tierstack,maximum,1,mr,1,0,0,0,0,0,0,0,0,0,0
family,family_tierstack,maximum,1,total_mr,1,25,25,25,25,25,25,25,25,0,0
family,family_tierstack,maximum,1,ms,1,15,15,15,15,15,15,15,15,0,0
family,family_tierstack,maximum,1,mana_per_hit,1,1.1628,1.1628,1.1628,1.1628,1.1628,1.1628,1.1628,1.1628,0,0
family,family_tierstack,maximum,1,total_mana,1,100,100,100,100,100,100,100,100,0,0
family,family_tierstack,maximum,1,walk_speed,1,67,67,67,67,67,67,67,67,0,0
family,family_tierstack,maximum,1,attack_tier,1,5,5,5,5,5,5,5,5,0,0
family,family_tierstack,maximum,1,attacks_per_second,1,4.3,4.3,4.3,4.3,4.3,4.3,4.3,4.3,0,0
family,family_tierstack,maximum,1,poison,1,6500,6500,6500,6500,6500,6500,6500,6500,0,0
family,family_tierstack,maximum,1,main_attack_range_pct,1,0,0,0,0,0,0,0,0,0,0
family,family_tierstack,maximum,1,main_attack_range_blocks,1,32.25,32.25,32.25,32.25,32.25,32.25,32.25,32.25,0,0
family,family_tierstack,maximum,1,main_attack_dps,1,16722.6138,16722.6138,16722.6138,16722.6138,16722.6138,16722.6138,16722.6138,16722.6138,0,0
family,family_tierstack,maximum,1,spell_display_avg_max,1,26858.8665,26858.8665,26858.8665,26858.8665,26858.8665,26858.8665,26858.8665,26858.8665,0,0
family,family_tierstack,maximum,1,spell_display_avg_sum,1,50321.6652,50321.6652,50321.6652,50321.6652,50321.6652,50321.6652,50321.6652,50321.6652,0,0
family,family_tierstack,maximum,1,heal_pct,1,0,0,0,0,0,0,0,0,0,0
family,family_tierstack,maximum,1,skill_points_assigned,1,195,195,195,195,195,195,195,195,0,0
family_class,family_tierstack:shaman,maximum,1,total_hp,1,10510,10510,10510,10510,10510,10510,10510,10510,0,0
family_class,family_tierstack:shaman,maximum,1,ehp,1,22715.9803,22715.9803,22715.9803,22715.9803,22715.9803,22715.9803,22715.9803,22715.9803,0,0
family_class,family_tierstack:shaman,maximum,1,ehp_no_agi,1,14195.9527,14195.9527,14195.9527,14195.9527,14195.9527,14195.9527,14195.9527,14195.9527,0,0
family_class,family_tierstack:shaman,maximum,1,hpr,1,0,0,0,0,0,0,0,0,0,0
family_class,family_tierstack:shaman,maximum,1,ehpr,1,0,0,0,0,0,0,0,0,0,0
family_class,family_tierstack:shaman,maximum,1,ls,1,-63,-63,-63,-63,-63,-63,-63,-63,0,0
family_class,family_tierstack:shaman,maximum,1,effective_ls,1,-136.1662,-136.1662,-136.1662,-136.1662,-136.1662,-136.1662,-136.1662,-136.1662,0,0
family_class,family_tierstack:shaman,maximum,1,mr,1,0,0,0,0,0,0,0,0,0,0
family_class,family_tierstack:shaman,maximum,1,total_mr,1,25,25,25,25,25,25,25,25,0,0
family_class,family_tierstack:shaman,maximum,1,ms,1,15,15,15,15,15,15,15,15,0,0
family_class,family_tierstack:shaman,maximum,1,mana_per_hit,1,1.1628,1.1628,1.1628,1.1628,1.1628,1.1628,1.1628,1.1628,0,0
family_class,family_tierstack:shaman,maximum,1,total_mana,1,100,100,100,100,100,100,100,100,0,0
family_class,family_tierstack:shaman,maximum,1,walk_speed,1,67,67,67,67,67,67,67,67,0,0
family_class,family_tierstack:shaman,maximum,1,attack_tier,1,5,5,5,5,5,5,5,5,0,0
family_class,family_tierstack:shaman,maximum,1,attacks_per_second,1,4.3,4.3,4.3,4.3,4.3,4.3,4.3,4.3,0,0
family_class,family_tierstack:shaman,maximum,1,poison,1,6500,6500,6500,6500,6500,6500,6500,6500,0,0
family_class,family_tierstack:shaman,maximum,1,main_attack_range_pct,1,0,0,0,0,0,0,0,0,0,0
family_class,family_tierstack:shaman,maximum,1,main_attack_range_blocks,1,32.25,32.25,32.25,32.25,32.25,32.25,32.25,32.25,0,0
family_class,family_tierstack:shaman,maximum,1,main_attack_dps,1,16722.6138,16722.6138,16722.6138,16722.6138,16722.6138,16722.6138,16722.6138,16722.6138,0,0
family_class,family_tierstack:shaman,maximum,1,spell_display_avg_max,1,26858.8665,26858.8665,26858.8665,26858.8665,26858.8665,26858.8665,26858.8665,26858.8665,0,0
family_class,family_tierstack:shaman,maximum,1,spell_display_avg_sum,1,50321.6652,50321.6652,50321.6652,50321.6652,50321.6652,50321.6652,50321.6652,50321.6652,0,0
family_class,family_tierstack:shaman,maximum,1,heal_pct,1,0,0,0,0,0,0,0,0,0,0
family_class,family_tierstack:shaman,maximum,1,skill_points_assigned,1,195,195,195,195,195,195,195,195,0,0
archetype,Ritualist,maximum,1,total_hp,1,10510,10510,10510,10510,10510,10510,10510,10510,0,0
archetype,Ritualist,maximum,1,ehp,1,22715.9803,22715.9803,22715.9803,22715.9803,22715.9803,22715.9803,22715.9803,22715.9803,0,0
archetype,Ritualist,maximum,1,ehp_no_agi,1,14195.9527,14195.9527,14195.9527,14195.9527,14195.9527,14195.9527,14195.9527,14195.9527,0,0
archetype,Ritualist,maximum,1,hpr,1,0,0,0,0,0,0,0,0,0,0
archetype,Ritualist,maximum,1,ehpr,1,0,0,0,0,0,0,0,0,0,0
archetype,Ritualist,maximum,1,ls,1,-63,-63,-63,-63,-63,-63,-63,-63,0,0
archetype,Ritualist,maximum,1,effective_ls,1,-136.1662,-136.1662,-136.1662,-136.1662,-136.1662,-136.1662,-136.1662,-136.1662,0,0
archetype,Ritualist,maximum,1,mr,1,0,0,0,0,0,0,0,0,0,0
archetype,Ritualist,maximum,1,total_mr,1,25,25,25,25,25,25,25,25,0,0
archetype,Ritualist,maximum,1,ms,1,15,15,15,15,15,15,15,15,0,0
archetype,Ritualist,maximum,1,mana_per_hit,1,1.1628,1.1628,1.1628,1.1628,1.1628,1.1628,1.1628,1.1628,0,0
archetype,Ritualist,maximum,1,total_mana,1,100,100,100,100,100,100,100,100,0,0
archetype,Ritualist,maximum,1,walk_speed,1,67,67,67,67,67,67,67,67,0,0
archetype,Ritualist,maximum,1,attack_tier,1,5,5,5,5,5,5,5,5,0,0
archetype,Ritualist,maximum,1,attacks_per_second,1,4.3,4.3,4.3,4.3,4.3,4.3,4.3,4.3,0,0
archetype,Ritualist,maximum,1,poison,1,6500,6500,6500,6500,6500,6500,6500,6500,0,0
archetype,Ritualist,maximum,1,main_attack_range_pct,1,0,0,0,0,0,0,0,0,0,0
archetype,Ritualist,maximum,1,main_attack_range_blocks,1,32.25,32.25,32.25,32.25,32.25,32.25,32.25,32.25,0,0
archetype,Ritualist,maximum,1,main_attack_dps,1,16722.6138,16722.6138,16722.6138,16722.6138,16722.6138,16722.6138,16722.6138,16722.6138,0,0
archetype,Ritualist,maximum,1,spell_display_avg_max,1,26858.8665,26858.8665,26858.8665,26858.8665,26858.8665,26858.8665,26858.8665,26858.8665,0,0
archetype,Ritualist,maximum,1,spell_display_avg_sum,1,50321.6652,50321.6652,50321.6652,50321.6652,50321.6652,50321.6652,50321.6652,50321.6652,0,0
archetype,Ritualist,maximum,1,heal_pct,1,0,0,0,0,0,0,0,0,0,0
archetype,Ritualist,maximum,1,skill_points_assigned,1,195,195,195,195,195,195,195,195,0,0
archetype_class,Ritualist:shaman,maximum,1,total_hp,1,10510,10510,10510,10510,10510,10510,10510,10510,0,0
archetype_class,Ritualist:shaman,maximum,1,ehp,1,22715.9803,22715.9803,22715.9803,22715.9803,22715.9803,22715.9803,22715.9803,22715.9803,0,0
archetype_class,Ritualist:shaman,maximum,1,ehp_no_agi,1,14195.9527,14195.9527,14195.9527,14195.9527,14195.9527,14195.9527,14195.9527,14195.9527,0,0
archetype_class,Ritualist:shaman,maximum,1,hpr,1,0,0,0,0,0,0,0,0,0,0
archetype_class,Ritualist:shaman,maximum,1,ehpr,1,0,0,0,0,0,0,0,0,0,0
archetype_class,Ritualist:shaman,maximum,1,ls,1,-63,-63,-63,-63,-63,-63,-63,-63,0,0
archetype_class,Ritualist:shaman,maximum,1,effective_ls,1,-136.1662,-136.1662,-136.1662,-136.1662,-136.1662,-136.1662,-136.1662,-136.1662,0,0
archetype_class,Ritualist:shaman,maximum,1,mr,1,0,0,0,0,0,0,0,0,0,0
archetype_class,Ritualist:shaman,maximum,1,total_mr,1,25,25,25,25,25,25,25,25,0,0
archetype_class,Ritualist:shaman,maximum,1,ms,1,15,15,15,15,15,15,15,15,0,0
archetype_class,Ritualist:shaman,maximum,1,mana_per_hit,1,1.1628,1.1628,1.1628,1.1628,1.1628,1.1628,1.1628,1.1628,0,0
archetype_class,Ritualist:shaman,maximum,1,total_mana,1,100,100,100,100,100,100,100,100,0,0
archetype_class,Ritualist:shaman,maximum,1,walk_speed,1,67,67,67,67,67,67,67,67,0,0
archetype_class,Ritualist:shaman,maximum,1,attack_tier,1,5,5,5,5,5,5,5,5,0,0
archetype_class,Ritualist:shaman,maximum,1,attacks_per_second,1,4.3,4.3,4.3,4.3,4.3,4.3,4.3,4.3,0,0
archetype_class,Ritualist:shaman,maximum,1,poison,1,6500,6500,6500,6500,6500,6500,6500,6500,0,0
archetype_class,Ritualist:shaman,maximum,1,main_attack_range_pct,1,0,0,0,0,0,0,0,0,0,0
archetype_class,Ritualist:shaman,maximum,1,main_attack_range_blocks,1,32.25,32.25,32.25,32.25,32.25,32.25,32.25,32.25,0,0
archetype_class,Ritualist:shaman,maximum,1,main_attack_dps,1,16722.6138,16722.6138,16722.6138,16722.6138,16722.6138,16722.6138,16722.6138,16722.6138,0,0
archetype_class,Ritualist:shaman,maximum,1,spell_display_avg_max,1,26858.8665,26858.8665,26858.8665,26858.8665,26858.8665,26858.8665,26858.8665,26858.8665,0,0
archetype_class,Ritualist:shaman,maximum,1,spell_display_avg_sum,1,50321.6652,50321.6652,50321.6652,50321.6652,50321.6652,50321.6652,50321.6652,50321.6652,0,0
archetype_class,Ritualist:shaman,maximum,1,heal_pct,1,0,0,0,0,0,0,0,0,0,0
archetype_class,Ritualist:shaman,maximum,1,skill_points_assigned,1,195,195,195,195,195,195,195,195,0,0
archetype,Summoner,median,1,total_hp,1,6585,6585,6585,6585,6585,6585,6585,6585,0,0
archetype,Summoner,median,1,ehp,1,13054.5176,13054.5176,13054.5176,13054.5176,13054.5176,13054.5176,13054.5176,13054.5176,0,0
archetype,Summoner,median,1,ehp_no_agi,1,6611.4932,6611.4932,6611.4932,6611.4932,6611.4932,6611.4932,6611.4932,6611.4932,0,0
archetype,Summoner,median,1,hpr,1,0,0,0,0,0,0,0,0,0,0
archetype,Summoner,median,1,ehpr,1,0,0,0,0,0,0,0,0,0,0
archetype,Summoner,median,1,ls,1,221,221,221,221,221,221,221,221,0,0
archetype,Summoner,median,1,effective_ls,1,438.1243,438.1243,438.1243,438.1243,438.1243,438.1243,438.1243,438.1243,0,0
archetype,Summoner,median,1,mr,1,0,0,0,0,0,0,0,0,0,0
archetype,Summoner,median,1,total_mr,1,25,25,25,25,25,25,25,25,0,0
archetype,Summoner,median,1,ms,1,12,12,12,12,12,12,12,12,0,0
archetype,Summoner,median,1,mana_per_hit,1,0.9302,0.9302,0.9302,0.9302,0.9302,0.9302,0.9302,0.9302,0,0
archetype,Summoner,median,1,total_mana,1,100,100,100,100,100,100,100,100,0,0
archetype,Summoner,median,1,walk_speed,1,59,59,59,59,59,59,59,59,0,0
archetype,Summoner,median,1,attack_tier,1,16,16,16,16,16,16,16,16,0,0
archetype,Summoner,median,1,attacks_per_second,1,4.3,4.3,4.3,4.3,4.3,4.3,4.3,4.3,0,0
archetype,Summoner,median,1,poison,1,0,0,0,0,0,0,0,0,0,0
archetype,Summoner,median,1,main_attack_range_pct,1,0,0,0,0,0,0,0,0,0,0
archetype,Summoner,median,1,main_attack_range_blocks,1,32.25,32.25,32.25,32.25,32.25,32.25,32.25,32.25,0,0
archetype,Summoner,median,1,main_attack_dps,1,544.2385,544.2385,544.2385,544.2385,544.2385,544.2385,544.2385,544.2385,0,0
archetype,Summoner,median,1,spell_display_avg_max,1,26294.293,26294.293,26294.293,26294.293,26294.293,26294.293,26294.293,26294.293,0,0
archetype,Summoner,median,1,spell_display_avg_sum,1,37385.3218,37385.3218,37385.3218,37385.3218,37385.3218,37385.3218,37385.3218,37385.3218,0,0
archetype,Summoner,median,1,heal_pct,1,0,0,0,0,0,0,0,0,0,0
archetype,Summoner,median,1,skill_points_assigned,1,196,196,196,196,196,196,196,196,0,0
archetype_class,Summoner:shaman,median,1,total_hp,1,6585,6585,6585,6585,6585,6585,6585,6585,0,0
archetype_class,Summoner:shaman,median,1,ehp,1,13054.5176,13054.5176,13054.5176,13054.5176,13054.5176,13054.5176,13054.5176,13054.5176,0,0
archetype_class,Summoner:shaman,median,1,ehp_no_agi,1,6611.4932,6611.4932,6611.4932,6611.4932,6611.4932,6611.4932,6611.4932,6611.4932,0,0
archetype_class,Summoner:shaman,median,1,hpr,1,0,0,0,0,0,0,0,0,0,0
archetype_class,Summoner:shaman,median,1,ehpr,1,0,0,0,0,0,0,0,0,0,0
archetype_class,Summoner:shaman,median,1,ls,1,221,221,221,221,221,221,221,221,0,0
archetype_class,Summoner:shaman,median,1,effective_ls,1,438.1243,438.1243,438.1243,438.1243,438.1243,438.1243,438.1243,438.1243,0,0
archetype_class,Summoner:shaman,median,1,mr,1,0,0,0,0,0,0,0,0,0,0
archetype_class,Summoner:shaman,median,1,total_mr,1,25,25,25,25,25,25,25,25,0,0
archetype_class,Summoner:shaman,median,1,ms,1,12,12,12,12,12,12,12,12,0,0
archetype_class,Summoner:shaman,median,1,mana_per_hit,1,0.9302,0.9302,0.9302,0.9302,0.9302,0.9302,0.9302,0.9302,0,0
archetype_class,Summoner:shaman,median,1,total_mana,1,100,100,100,100,100,100,100,100,0,0
archetype_class,Summoner:shaman,median,1,walk_speed,1,59,59,59,59,59,59,59,59,0,0
archetype_class,Summoner:shaman,median,1,attack_tier,1,16,16,16,16,16,16,16,16,0,0
archetype_class,Summoner:shaman,median,1,attacks_per_second,1,4.3,4.3,4.3,4.3,4.3,4.3,4.3,4.3,0,0
archetype_class,Summoner:shaman,median,1,poison,1,0,0,0,0,0,0,0,0,0,0
archetype_class,Summoner:shaman,median,1,main_attack_range_pct,1,0,0,0,0,0,0,0,0,0,0
archetype_class,Summoner:shaman,median,1,main_attack_range_blocks,1,32.25,32.25,32.25,32.25,32.25,32.25,32.25,32.25,0,0
archetype_class,Summoner:shaman,median,1,main_attack_dps,1,544.2385,544.2385,544.2385,544.2385,544.2385,544.2385,544.2385,544.2385,0,0
archetype_class,Summoner:shaman,median,1,spell_display_avg_max,1,26294.293,26294.293,26294.293,26294.293,26294.293,26294.293,26294.293,26294.293,0,0
archetype_class,Summoner:shaman,median,1,spell_display_avg_sum,1,37385.3218,37385.3218,37385.3218,37385.3218,37385.3218,37385.3218,37385.3218,37385.3218,0,0
archetype_class,Summoner:shaman,median,1,heal_pct,1,0,0,0,0,0,0,0,0,0,0
archetype_class,Summoner:shaman,median,1,skill_points_assigned,1,196,196,196,196,196,196,196,196,0,0
archetype,Summoner,upper_quartile_proxy,1,total_hp,1,7335,7335,7335,7335,7335,7335,7335,7335,0,0
archetype,Summoner,upper_quartile_proxy,1,ehp,1,14541.3647,14541.3647,14541.3647,14541.3647,14541.3647,14541.3647,14541.3647,14541.3647,0,0
archetype,Summoner,upper_quartile_proxy,1,ehp_no_agi,1,7364.5106,7364.5106,7364.5106,7364.5106,7364.5106,7364.5106,7364.5106,7364.5106,0,0
archetype,Summoner,upper_quartile_proxy,1,hpr,1,0,0,0,0,0,0,0,0,0,0
archetype,Summoner,upper_quartile_proxy,1,ehpr,1,0,0,0,0,0,0,0,0,0,0
archetype,Summoner,upper_quartile_proxy,1,ls,1,289,289,289,289,289,289,289,289,0,0
archetype,Summoner,upper_quartile_proxy,1,effective_ls,1,572.9318,572.9318,572.9318,572.9318,572.9318,572.9318,572.9318,572.9318,0,0
archetype,Summoner,upper_quartile_proxy,1,mr,1,0,0,0,0,0,0,0,0,0,0
archetype,Summoner,upper_quartile_proxy,1,total_mr,1,25,25,25,25,25,25,25,25,0,0
archetype,Summoner,upper_quartile_proxy,1,ms,1,18,18,18,18,18,18,18,18,0,0
archetype,Summoner,upper_quartile_proxy,1,mana_per_hit,1,1.3953,1.3953,1.3953,1.3953,1.3953,1.3953,1.3953,1.3953,0,0
archetype,Summoner,upper_quartile_proxy,1,total_mana,1,100,100,100,100,100,100,100,100,0,0
archetype,Summoner,upper_quartile_proxy,1,walk_speed,1,77,77,77,77,77,77,77,77,0,0
archetype,Summoner,upper_quartile_proxy,1,attack_tier,1,16,16,16,16,16,16,16,16,0,0
archetype,Summoner,upper_quartile_proxy,1,attacks_per_second,1,4.3,4.3,4.3,4.3,4.3,4.3,4.3,4.3,0,0
archetype,Summoner,upper_quartile_proxy,1,poison,1,0,0,0,0,0,0,0,0,0,0
archetype,Summoner,upper_quartile_proxy,1,main_attack_range_pct,1,0,0,0,0,0,0,0,0,0,0
archetype,Summoner,upper_quartile_proxy,1,main_attack_range_blocks,1,32.25,32.25,32.25,32.25,32.25,32.25,32.25,32.25,0,0
archetype,Summoner,upper_quartile_proxy,1,main_attack_dps,1,652.2631,652.2631,652.2631,652.2631,652.2631,652.2631,652.2631,652.2631,0,0
archetype,Summoner,upper_quartile_proxy,1,spell_display_avg_max,1,29039.0779,29039.0779,29039.0779,29039.0779,29039.0779,29039.0779,29039.0779,29039.0779,0,0
archetype,Summoner,upper_quartile_proxy,1,spell_display_avg_sum,1,41279.7836,41279.7836,41279.7836,41279.7836,41279.7836,41279.7836,41279.7836,41279.7836,0,0
archetype,Summoner,upper_quartile_proxy,1,heal_pct,1,0,0,0,0,0,0,0,0,0,0
archetype,Summoner,upper_quartile_proxy,1,skill_points_assigned,1,196,196,196,196,196,196,196,196,0,0
archetype_class,Summoner:shaman,upper_quartile_proxy,1,total_hp,1,7335,7335,7335,7335,7335,7335,7335,7335,0,0
archetype_class,Summoner:shaman,upper_quartile_proxy,1,ehp,1,14541.3647,14541.3647,14541.3647,14541.3647,14541.3647,14541.3647,14541.3647,14541.3647,0,0
archetype_class,Summoner:shaman,upper_quartile_proxy,1,ehp_no_agi,1,7364.5106,7364.5106,7364.5106,7364.5106,7364.5106,7364.5106,7364.5106,7364.5106,0,0
archetype_class,Summoner:shaman,upper_quartile_proxy,1,hpr,1,0,0,0,0,0,0,0,0,0,0
archetype_class,Summoner:shaman,upper_quartile_proxy,1,ehpr,1,0,0,0,0,0,0,0,0,0,0
archetype_class,Summoner:shaman,upper_quartile_proxy,1,ls,1,289,289,289,289,289,289,289,289,0,0
archetype_class,Summoner:shaman,upper_quartile_proxy,1,effective_ls,1,572.9318,572.9318,572.9318,572.9318,572.9318,572.9318,572.9318,572.9318,0,0
archetype_class,Summoner:shaman,upper_quartile_proxy,1,mr,1,0,0,0,0,0,0,0,0,0,0
archetype_class,Summoner:shaman,upper_quartile_proxy,1,total_mr,1,25,25,25,25,25,25,25,25,0,0
archetype_class,Summoner:shaman,upper_quartile_proxy,1,ms,1,18,18,18,18,18,18,18,18,0,0
archetype_class,Summoner:shaman,upper_quartile_proxy,1,mana_per_hit,1,1.3953,1.3953,1.3953,1.3953,1.3953,1.3953,1.3953,1.3953,0,0
archetype_class,Summoner:shaman,upper_quartile_proxy,1,total_mana,1,100,100,100,100,100,100,100,100,0,0
archetype_class,Summoner:shaman,upper_quartile_proxy,1,walk_speed,1,77,77,77,77,77,77,77,77,0,0
archetype_class,Summoner:shaman,upper_quartile_proxy,1,attack_tier,1,16,16,16,16,16,16,16,16,0,0
archetype_class,Summoner:shaman,upper_quartile_proxy,1,attacks_per_second,1,4.3,4.3,4.3,4.3,4.3,4.3,4.3,4.3,0,0
archetype_class,Summoner:shaman,upper_quartile_proxy,1,poison,1,0,0,0,0,0,0,0,0,0,0
archetype_class,Summoner:shaman,upper_quartile_proxy,1,main_attack_range_pct,1,0,0,0,0,0,0,0,0,0,0
archetype_class,Summoner:shaman,upper_quartile_proxy,1,main_attack_range_blocks,1,32.25,32.25,32.25,32.25,32.25,32.25,32.25,32.25,0,0
archetype_class,Summoner:shaman,upper_quartile_proxy,1,main_attack_dps,1,652.2631,652.2631,652.2631,652.2631,652.2631,652.2631,652.2631,652.2631,0,0
archetype_class,Summoner:shaman,upper_quartile_proxy,1,spell_display_avg_max,1,29039.0779,29039.0779,29039.0779,29039.0779,29039.0779,29039.0779,29039.0779,29039.0779,0,0
archetype_class,Summoner:shaman,upper_quartile_proxy,1,spell_display_avg_sum,1,41279.7836,41279.7836,41279.7836,41279.7836,41279.7836,41279.7836,41279.7836,41279.7836,0,0
archetype_class,Summoner:shaman,upper_quartile_proxy,1,heal_pct,1,0,0,0,0,0,0,0,0,0,0
archetype_class,Summoner:shaman,upper_quartile_proxy,1,skill_points_assigned,1,196,196,196,196,196,196,196,196,0,0
archetype,Summoner,solver_default,1,total_hp,1,7635,7635,7635,7635,7635,7635,7635,7635,0,0
archetype,Summoner,solver_default,1,ehp,1,15136.1036,15136.1036,15136.1036,15136.1036,15136.1036,15136.1036,15136.1036,15136.1036,0,0
archetype,Summoner,solver_default,1,ehp_no_agi,1,7665.7176,7665.7176,7665.7176,7665.7176,7665.7176,7665.7176,7665.7176,7665.7176,0,0
archetype,Summoner,solver_default,1,hpr,1,0,0,0,0,0,0,0,0,0,0
archetype,Summoner,solver_default,1,ehpr,1,0,0,0,0,0,0,0,0,0,0
archetype,Summoner,solver_default,1,ls,1,317,317,317,317,317,317,317,317,0,0
archetype,Summoner,solver_default,1,effective_ls,1,628.4407,628.4407,628.4407,628.4407,628.4407,628.4407,628.4407,628.4407,0,0
archetype,Summoner,solver_default,1,mr,1,0,0,0,0,0,0,0,0,0,0
archetype,Summoner,solver_default,1,total_mr,1,25,25,25,25,25,25,25,25,0,0
archetype,Summoner,solver_default,1,ms,1,23,23,23,23,23,23,23,23,0,0
archetype,Summoner,solver_default,1,mana_per_hit,1,1.7829,1.7829,1.7829,1.7829,1.7829,1.7829,1.7829,1.7829,0,0
archetype,Summoner,solver_default,1,total_mana,1,100,100,100,100,100,100,100,100,0,0
archetype,Summoner,solver_default,1,walk_speed,1,84,84,84,84,84,84,84,84,0,0
archetype,Summoner,solver_default,1,attack_tier,1,16,16,16,16,16,16,16,16,0,0
archetype,Summoner,solver_default,1,attacks_per_second,1,4.3,4.3,4.3,4.3,4.3,4.3,4.3,4.3,0,0
archetype,Summoner,solver_default,1,poison,1,0,0,0,0,0,0,0,0,0,0
archetype,Summoner,solver_default,1,main_attack_range_pct,1,0,0,0,0,0,0,0,0,0,0
archetype,Summoner,solver_default,1,main_attack_range_blocks,1,32.25,32.25,32.25,32.25,32.25,32.25,32.25,32.25,0,0
archetype,Summoner,solver_default,1,main_attack_dps,1,698.5285,698.5285,698.5285,698.5285,698.5285,698.5285,698.5285,698.5285,0,0
archetype,Summoner,solver_default,1,spell_display_avg_max,1,30222.888,30222.888,30222.888,30222.888,30222.888,30222.888,30222.888,30222.888,0,0
archetype,Summoner,solver_default,1,spell_display_avg_sum,1,42963.1359,42963.1359,42963.1359,42963.1359,42963.1359,42963.1359,42963.1359,42963.1359,0,0
archetype,Summoner,solver_default,1,heal_pct,1,0,0,0,0,0,0,0,0,0,0
archetype,Summoner,solver_default,1,skill_points_assigned,1,196,196,196,196,196,196,196,196,0,0
archetype_class,Summoner:shaman,solver_default,1,total_hp,1,7635,7635,7635,7635,7635,7635,7635,7635,0,0
archetype_class,Summoner:shaman,solver_default,1,ehp,1,15136.1036,15136.1036,15136.1036,15136.1036,15136.1036,15136.1036,15136.1036,15136.1036,0,0
archetype_class,Summoner:shaman,solver_default,1,ehp_no_agi,1,7665.7176,7665.7176,7665.7176,7665.7176,7665.7176,7665.7176,7665.7176,7665.7176,0,0
archetype_class,Summoner:shaman,solver_default,1,hpr,1,0,0,0,0,0,0,0,0,0,0
archetype_class,Summoner:shaman,solver_default,1,ehpr,1,0,0,0,0,0,0,0,0,0,0
archetype_class,Summoner:shaman,solver_default,1,ls,1,317,317,317,317,317,317,317,317,0,0
archetype_class,Summoner:shaman,solver_default,1,effective_ls,1,628.4407,628.4407,628.4407,628.4407,628.4407,628.4407,628.4407,628.4407,0,0
archetype_class,Summoner:shaman,solver_default,1,mr,1,0,0,0,0,0,0,0,0,0,0
archetype_class,Summoner:shaman,solver_default,1,total_mr,1,25,25,25,25,25,25,25,25,0,0
archetype_class,Summoner:shaman,solver_default,1,ms,1,23,23,23,23,23,23,23,23,0,0
archetype_class,Summoner:shaman,solver_default,1,mana_per_hit,1,1.7829,1.7829,1.7829,1.7829,1.7829,1.7829,1.7829,1.7829,0,0
archetype_class,Summoner:shaman,solver_default,1,total_mana,1,100,100,100,100,100,100,100,100,0,0
archetype_class,Summoner:shaman,solver_default,1,walk_speed,1,84,84,84,84,84,84,84,84,0,0
archetype_class,Summoner:shaman,solver_default,1,attack_tier,1,16,16,16,16,16,16,16,16,0,0
archetype_class,Summoner:shaman,solver_default,1,attacks_per_second,1,4.3,4.3,4.3,4.3,4.3,4.3,4.3,4.3,0,0
archetype_class,Summoner:shaman,solver_default,1,poison,1,0,0,0,0,0,0,0,0,0,0
archetype_class,Summoner:shaman,solver_default,1,main_attack_range_pct,1,0,0,0,0,0,0,0,0,0,0
archetype_class,Summoner:shaman,solver_default,1,main_attack_range_blocks,1,32.25,32.25,32.25,32.25,32.25,32.25,32.25,32.25,0,0
archetype_class,Summoner:shaman,solver_default,1,main_attack_dps,1,698.5285,698.5285,698.5285,698.5285,698.5285,698.5285,698.5285,698.5285,0,0
archetype_class,Summoner:shaman,solver_default,1,spell_display_avg_max,1,30222.888,30222.888,30222.888,30222.888,30222.888,30222.888,30222.888,30222.888,0,0
archetype_class,Summoner:shaman,solver_default,1,spell_display_avg_sum,1,42963.1359,42963.1359,42963.1359,42963.1359,42963.1359,42963.1359,42963.1359,42963.1359,0,0
archetype_class,Summoner:shaman,solver_default,1,heal_pct,1,0,0,0,0,0,0,0,0,0,0
archetype_class,Summoner:shaman,solver_default,1,skill_points_assigned,1,196,196,196,196,196,196,196,196,0,0
archetype,Summoner,maximum,1,total_hp,1,8085,8085,8085,8085,8085,8085,8085,8085,0,0
archetype,Summoner,maximum,1,ehp,1,16028.2118,16028.2118,16028.2118,16028.2118,16028.2118,16028.2118,16028.2118,16028.2118,0,0
archetype,Summoner,maximum,1,ehp_no_agi,1,8117.5281,8117.5281,8117.5281,8117.5281,8117.5281,8117.5281,8117.5281,8117.5281,0,0
archetype,Summoner,maximum,1,hpr,1,0,0,0,0,0,0,0,0,0,0
archetype,Summoner,maximum,1,ehpr,1,0,0,0,0,0,0,0,0,0,0
archetype,Summoner,maximum,1,ls,1,358,358,358,358,358,358,358,358,0,0
archetype,Summoner,maximum,1,effective_ls,1,709.7217,709.7217,709.7217,709.7217,709.7217,709.7217,709.7217,709.7217,0,0
archetype,Summoner,maximum,1,mr,1,0,0,0,0,0,0,0,0,0,0
archetype,Summoner,maximum,1,total_mr,1,25,25,25,25,25,25,25,25,0,0
archetype,Summoner,maximum,1,ms,1,23,23,23,23,23,23,23,23,0,0
archetype,Summoner,maximum,1,mana_per_hit,1,1.7829,1.7829,1.7829,1.7829,1.7829,1.7829,1.7829,1.7829,0,0
archetype,Summoner,maximum,1,total_mana,1,100,100,100,100,100,100,100,100,0,0
archetype,Summoner,maximum,1,walk_speed,1,94,94,94,94,94,94,94,94,0,0
archetype,Summoner,maximum,1,attack_tier,1,16,16,16,16,16,16,16,16,0,0
archetype,Summoner,maximum,1,attacks_per_second,1,4.3,4.3,4.3,4.3,4.3,4.3,4.3,4.3,0,0
archetype,Summoner,maximum,1,poison,1,0,0,0,0,0,0,0,0,0,0
archetype,Summoner,maximum,1,main_attack_range_pct,1,0,0,0,0,0,0,0,0,0,0
archetype,Summoner,maximum,1,main_attack_range_blocks,1,32.25,32.25,32.25,32.25,32.25,32.25,32.25,32.25,0,0
archetype,Summoner,maximum,1,main_attack_dps,1,766.6895,766.6895,766.6895,766.6895,766.6895,766.6895,766.6895,766.6895,0,0
archetype,Summoner,maximum,1,spell_display_avg_max,1,32013.5262,32013.5262,32013.5262,32013.5262,32013.5262,32013.5262,32013.5262,32013.5262,0,0
archetype,Summoner,maximum,1,spell_display_avg_sum,1,45508.0675,45508.0675,45508.0675,45508.0675,45508.0675,45508.0675,45508.0675,45508.0675,0,0
archetype,Summoner,maximum,1,heal_pct,1,0,0,0,0,0,0,0,0,0,0
archetype,Summoner,maximum,1,skill_points_assigned,1,196,196,196,196,196,196,196,196,0,0
archetype_class,Summoner:shaman,maximum,1,total_hp,1,8085,8085,8085,8085,8085,8085,8085,8085,0,0
archetype_class,Summoner:shaman,maximum,1,ehp,1,16028.2118,16028.2118,16028.2118,16028.2118,16028.2118,16028.2118,16028.2118,16028.2118,0,0
archetype_class,Summoner:shaman,maximum,1,ehp_no_agi,1,8117.5281,8117.5281,8117.5281,8117.5281,8117.5281,8117.5281,8117.5281,8117.5281,0,0
archetype_class,Summoner:shaman,maximum,1,hpr,1,0,0,0,0,0,0,0,0,0,0
archetype_class,Summoner:shaman,maximum,1,ehpr,1,0,0,0,0,0,0,0,0,0,0
archetype_class,Summoner:shaman,maximum,1,ls,1,358,358,358,358,358,358,358,358,0,0
archetype_class,Summoner:shaman,maximum,1,effective_ls,1,709.7217,709.7217,709.7217,709.7217,709.7217,709.7217,709.7217,709.7217,0,0
archetype_class,Summoner:shaman,maximum,1,mr,1,0,0,0,0,0,0,0,0,0,0
archetype_class,Summoner:shaman,maximum,1,total_mr,1,25,25,25,25,25,25,25,25,0,0
archetype_class,Summoner:shaman,maximum,1,ms,1,23,23,23,23,23,23,23,23,0,0
archetype_class,Summoner:shaman,maximum,1,mana_per_hit,1,1.7829,1.7829,1.7829,1.7829,1.7829,1.7829,1.7829,1.7829,0,0
archetype_class,Summoner:shaman,maximum,1,total_mana,1,100,100,100,100,100,100,100,100,0,0
archetype_class,Summoner:shaman,maximum,1,walk_speed,1,94,94,94,94,94,94,94,94,0,0
archetype_class,Summoner:shaman,maximum,1,attack_tier,1,16,16,16,16,16,16,16,16,0,0
archetype_class,Summoner:shaman,maximum,1,attacks_per_second,1,4.3,4.3,4.3,4.3,4.3,4.3,4.3,4.3,0,0
archetype_class,Summoner:shaman,maximum,1,poison,1,0,0,0,0,0,0,0,0,0,0
archetype_class,Summoner:shaman,maximum,1,main_attack_range_pct,1,0,0,0,0,0,0,0,0,0,0
archetype_class,Summoner:shaman,maximum,1,main_attack_range_blocks,1,32.25,32.25,32.25,32.25,32.25,32.25,32.25,32.25,0,0
archetype_class,Summoner:shaman,maximum,1,main_attack_dps,1,766.6895,766.6895,766.6895,766.6895,766.6895,766.6895,766.6895,766.6895,0,0
archetype_class,Summoner:shaman,maximum,1,spell_display_avg_max,1,32013.5262,32013.5262,32013.5262,32013.5262,32013.5262,32013.5262,32013.5262,32013.5262,0,0
archetype_class,Summoner:shaman,maximum,1,spell_display_avg_sum,1,45508.0675,45508.0675,45508.0675,45508.0675,45508.0675,45508.0675,45508.0675,45508.0675,0,0
archetype_class,Summoner:shaman,maximum,1,heal_pct,1,0,0,0,0,0,0,0,0,0,0
archetype_class,Summoner:shaman,maximum,1,skill_points_assigned,1,196,196,196,196,196,196,196,196,0,0
class,warrior,median,12,total_hp,12,6016,6504.5,8347.25,12072.5,15272.5,16570,18060,11922,4074.6548,3691
class,warrior,median,12,ehp,12,6310,11302.78,16155.0019,26067.4773,34519.7909,35651.9878,58121.7663,26090.9784,13962.611,9131.5356
class,warrior,median,12,ehp_no_agi,12,6310,8907.0767,11135,14047.6887,27466.7786,33842.765,58121.7663,21101.3826,15034.8063,6546.2572
class,warrior,median,12,hpr,12,-109.2,0,0,0,269.875,1054,1415.88,267.8483,491.2652,54.6
class,warrior,median,12,ehpr,12,-159.1012,0,0,0,611.6899,2415.2005,4631.4362,731.7424,1441.5707,79.5506
class,warrior,median,12,ls,12,-324,-324,-268.5,0,94.5,460.5,1320,48.25,470.0642,250
class,warrior,median,12,effective_ls,12,-626.6714,-597.231,-531.3319,0,171.8044,481.8254,4248.1025,215.2751,1326.0585,437.1269
class,warrior,median,12,mr,12,-136,-44.8,-27.25,-9.5,13,30.1,64,-12.4167,49.2165,22
class,warrior,median,12,total_mr,12,-111,-19.8,-2.25,15.5,38,55.1,89,12.5833,49.2165,22
class,warrior,median,12,ms,12,-19,-8.9,-2.75,1,8.5,11.8,19,1.8333,10.4606,8
class,warrior,median,12,mana_per_hit,12,-7.6305,-1.4237,-0.3473,0.4301,1.8212,2.0338,6.5359,0.3506,3.2523,1.4223
class,warrior,median,12,total_mana,12,100,123.3,135.75,146,159.25,223.9,241,155.6667,41.1855,10.5
class,warrior,median,12,walk_speed,12,-6,1.1,5,51.5,84.75,132.6,165,56.0833,56.2809,43.5
class,warrior,median,12,attack_tier,12,-49,-1.8,0,0,0,0,6,-3.75,14.3725,0
class,warrior,median,12,attacks_per_second,12,0.51,0.542,1.3325,2.05,3.1,3.1,4.3,2.1333,1.1687,1.05
class,warrior,median,12,poison,12,0,0,0,0,4525,9274,11577,2719.75,4424.745,0
class,warrior,median,12,main_attack_range_pct,12,0,0,0,0,0,0,24,2,6.9282,0
class,warrior,median,12,main_attack_range_blocks,12,1,1.1,2,2,2,2,2.48,1.8733,0.4304,0
class,warrior,median,12,main_attack_dps,12,0,954.847,1084.7747,2237.8126,5367.9587,14273.3608,22262.8222,5182.6447,6759.3207,1478.2319
class,warrior,median,12,spell_display_avg_max,12,8759.184,15805.4221,18566.6971,28189.9066,38890.3002,47498.2478,50260.4135,29387.487,13489.4915,10022.116
class,warrior,median,12,spell_display_avg_sum,12,21708.3387,46142.4802,53647.8507,63398.7872,75259.4333,88595.4939,89732.5788,63458.8421,19804.7411,11334.1069
class,warrior,median,12,heal_pct,12,-30,-28,-2.5,0,0,6.3,13,-4.1667,13.176,0
class,warrior,median,12,skill_points_assigned,12,158,165.9,179.25,190.5,193,197.8,200,185.25,13.2811,6.5
family_class,family_cancelstack:warrior,median,2,total_hp,2,6016,6537.9,7320.75,8625.5,9930.25,10713.1,11235,8625.5,3690.3903,2609.5
family_class,family_cancelstack:warrior,median,2,ehp,2,16369.0693,16700.0354,17196.4845,18023.8997,18851.3148,19347.7639,19678.73,18023.8997,2340.2835,1654.8304
family_class,family_cancelstack:warrior,median,2,ehp_no_agi,2,11235,11299.3487,11395.8719,11556.7437,11717.6156,11814.1387,11878.4874,11556.7437,455.0143,321.7437
family_class,family_cancelstack:warrior,median,2,hpr,2,-109.2,43.308,272.07,653.34,1034.61,1263.372,1415.88,653.34,1078.3944,762.54
family_class,family_cancelstack:warrior,median,2,ehpr,2,-159.1012,319.9525,1038.5332,2236.1675,3433.8019,4152.3825,4631.4362,2236.1675,3387.4215,2395.2687
family_class,family_cancelstack:warrior,median,2,ls,2,0,7,17.5,35,52.5,63,70,35,49.4975,35
family_class,family_cancelstack:warrior,median,2,effective_ls,2,0,10.1988,25.497,50.994,76.491,91.7892,101.988,50.994,72.1164,50.994
family_class,family_cancelstack:warrior,median,2,mr,2,0,1,2.5,5,7.5,9,10,5,7.0711,5
family_class,family_cancelstack:warrior,median,2,total_mr,2,25,26,27.5,30,32.5,34,35,30,7.0711,5
family_class,family_cancelstack:warrior,median,2,ms,2,-8,-7.2,-6,-4,-2,-0.8,0,-4,5.6569,4
family_class,family_cancelstack:warrior,median,2,mana_per_hit,2,-1.0667,-0.96,-0.8,-0.5333,-0.2667,-0.1067,0,-0.5333,0.7543,0.5334
family_class,family_cancelstack:warrior,median,2,total_mana,2,100,103.6,109,118,127,132.4,136,118,25.4558,18
family_class,family_cancelstack:warrior,median,2,walk_speed,2,17,19.4,23,29,35,38.6,41,29,16.9706,12
family_class,family_cancelstack:warrior,median,2,attack_tier,2,0,0.6,1.5,3,4.5,5.4,6,3,4.2426,3
family_class,family_cancelstack:warrior,median,2,attacks_per_second,2,2.5,2.68,2.95,3.4,3.85,4.12,4.3,3.4,1.2728,0.9
family_class,family_cancelstack:warrior,median,2,poison,2,0,320,800,1600,2400,2880,3200,1600,2262.7417,1600
family_class,family_cancelstack:warrior,median,2,main_attack_range_pct,2,0,0,0,0,0,0,0,0,0,0
family_class,family_cancelstack:warrior,median,2,main_attack_range_blocks,2,2,2,2,2,2,2,2,2,0,0
family_class,family_cancelstack:warrior,median,2,main_attack_dps,2,949.4602,2365.5346,4489.6463,8029.8323,11570.0184,13694.13,15110.2044,8029.8323,10013.1583,7080.3721
family_class,family_cancelstack:warrior,median,2,spell_display_avg_max,2,8759.184,9779.8259,11310.7889,13862.3938,16413.9986,17944.9616,18965.6035,13862.3938,7217.0284,5103.2098
family_class,family_cancelstack:warrior,median,2,spell_display_avg_sum,2,21708.3387,24464.352,28598.3721,35488.4054,42378.4388,46512.4588,49268.4721,35488.4054,19487.9572,13780.0667
family_class,family_cancelstack:warrior,median,2,heal_pct,2,0,1.3,3.25,6.5,9.75,11.7,13,6.5,9.1924,6.5
family_class,family_cancelstack:warrior,median,2,skill_points_assigned,2,174,175.8,178.5,183,187.5,190.2,192,183,12.7279,9
archetype,Fallen,median,9,total_hp,9,6310,7866,8378,11235,13535,16220,18060,11697.5556,3786.2371,2857
archetype,Fallen,median,9,ehp,9,6310,9930,15512.7995,25955.9492,29249.2719,40236.5385,58121.7663,24922.0103,15603.3263,9809.2823
archetype,Fallen,median,9,ehp_no_agi,9,6310,8216.2904,10835,13904.4516,25099.3531,31935.0661,58121.7663,19308.639,16011.7002,5211.5886
archetype,Fallen,median,9,hpr,9,-109.2,-21.84,0,0,0,269.8,271,47.9222,131.0186,0
archetype,Fallen,median,9,ehpr,9,-159.1012,-31.8202,0,0,0,611.4693,614.9986,118.4983,285.0387,0
archetype,Fallen,median,9,ls,9,-324,-324,-324,0,168,658.4,1320,119.8889,524.8977,324
archetype,Fallen,median,9,effective_ls,9,-626.6714,-605.272,-324,0,381.2537,1244.0205,4248.1025,408.1945,1491.7764,381.2537
archetype,Fallen,median,9,mr,9,-136,-64,-34,-16,-6,4.4,22,-28.2222,44.9577,16
archetype,Fallen,median,9,total_mr,9,-111,-39,-9,9,19,29.4,47,-3.2222,44.9577,16
archetype,Fallen,median,9,ms,9,-19,-11,-1,2,8,11.8,19,2,11.1803,6
archetype,Fallen,median,9,mana_per_hit,9,-7.6305,-2.6968,-0.1075,0.8602,1.7778,2.9416,6.5359,0.3692,3.7358,0.9677
archetype,Fallen,median,9,total_mana,9,100,117.6,135,142,151,158.6,169,140.1111,20.2697,9
archetype,Fallen,median,9,walk_speed,9,-6,0.4,17,73,93,142.6,165,69.4444,58.5942,56
archetype,Fallen,median,9,attack_tier,9,-49,-11.4,0,0,0,1.2,6,-5,16.6433,0
archetype,Fallen,median,9,attacks_per_second,9,0.51,0.51,0.83,2.05,3.1,3.34,4.3,2.1111,1.3634,1.05
archetype,Fallen,median,9,poison,9,0,0,0,0,8500,9803.4,11577,3626.3333,4818.8936,0
archetype,Fallen,median,9,main_attack_range_pct,9,0,0,0,0,0,4.8,24,2.6667,8,0
archetype,Fallen,median,9,main_attack_range_blocks,9,2,2,2,2,2,2.096,2.48,2.0533,0.16,0
archetype,Fallen,median,9,main_attack_dps,9,1111.9235,1598.9109,2206.7494,3905.924,6741.7688,16540.728,22262.8222,6693.2164,7243.875,2185.2662
archetype,Fallen,median,9,spell_display_avg_max,9,18965.6035,21991.4977,26035.9377,33160.6115,44541.2208,48313.5278,50260.4135,34543.2333,11198.339,10412.6403
archetype,Fallen,median,9,spell_display_avg_sum,9,49268.4721,53939.8093,63073.545,70594.4126,85227.6756,89122.2725,89732.5788,70848.3043,14652.9679,14633.263
archetype,Fallen,median,9,heal_pct,9,-10,-2,0,0,0,1.4,7,-0.3333,4.3012,0
archetype,Fallen,median,9,skill_points_assigned,9,158,163.6,186,192,196,198.4,200,186.3333,14.7986,6
archetype_class,Fallen:warrior,median,9,total_hp,9,6310,7866,8378,11235,13535,16220,18060,11697.5556,3786.2371,2857
archetype_class,Fallen:warrior,median,9,ehp,9,6310,9930,15512.7995,25955.9492,29249.2719,40236.5385,58121.7663,24922.0103,15603.3263,9809.2823
archetype_class,Fallen:warrior,median,9,ehp_no_agi,9,6310,8216.2904,10835,13904.4516,25099.3531,31935.0661,58121.7663,19308.639,16011.7002,5211.5886
archetype_class,Fallen:warrior,median,9,hpr,9,-109.2,-21.84,0,0,0,269.8,271,47.9222,131.0186,0
archetype_class,Fallen:warrior,median,9,ehpr,9,-159.1012,-31.8202,0,0,0,611.4693,614.9986,118.4983,285.0387,0
archetype_class,Fallen:warrior,median,9,ls,9,-324,-324,-324,0,168,658.4,1320,119.8889,524.8977,324
archetype_class,Fallen:warrior,median,9,effective_ls,9,-626.6714,-605.272,-324,0,381.2537,1244.0205,4248.1025,408.1945,1491.7764,381.2537
archetype_class,Fallen:warrior,median,9,mr,9,-136,-64,-34,-16,-6,4.4,22,-28.2222,44.9577,16
archetype_class,Fallen:warrior,median,9,total_mr,9,-111,-39,-9,9,19,29.4,47,-3.2222,44.9577,16
archetype_class,Fallen:warrior,median,9,ms,9,-19,-11,-1,2,8,11.8,19,2,11.1803,6
archetype_class,Fallen:warrior,median,9,mana_per_hit,9,-7.6305,-2.6968,-0.1075,0.8602,1.7778,2.9416,6.5359,0.3692,3.7358,0.9677
archetype_class,Fallen:warrior,median,9,total_mana,9,100,117.6,135,142,151,158.6,169,140.1111,20.2697,9
archetype_class,Fallen:warrior,median,9,walk_speed,9,-6,0.4,17,73,93,142.6,165,69.4444,58.5942,56
archetype_class,Fallen:warrior,median,9,attack_tier,9,-49,-11.4,0,0,0,1.2,6,-5,16.6433,0
archetype_class,Fallen:warrior,median,9,attacks_per_second,9,0.51,0.51,0.83,2.05,3.1,3.34,4.3,2.1111,1.3634,1.05
archetype_class,Fallen:warrior,median,9,poison,9,0,0,0,0,8500,9803.4,11577,3626.3333,4818.8936,0
archetype_class,Fallen:warrior,median,9,main_attack_range_pct,9,0,0,0,0,0,4.8,24,2.6667,8,0
archetype_class,Fallen:warrior,median,9,main_attack_range_blocks,9,2,2,2,2,2,2.096,2.48,2.0533,0.16,0
archetype_class,Fallen:warrior,median,9,main_attack_dps,9,1111.9235,1598.9109,2206.7494,3905.924,6741.7688,16540.728,22262.8222,6693.2164,7243.875,2185.2662
archetype_class,Fallen:warrior,median,9,spell_display_avg_max,9,18965.6035,21991.4977,26035.9377,33160.6115,44541.2208,48313.5278,50260.4135,34543.2333,11198.339,10412.6403
archetype_class,Fallen:warrior,median,9,spell_display_avg_sum,9,49268.4721,53939.8093,63073.545,70594.4126,85227.6756,89122.2725,89732.5788,70848.3043,14652.9679,14633.263
archetype_class,Fallen:warrior,median,9,heal_pct,9,-10,-2,0,0,0,1.4,7,-0.3333,4.3012,0
archetype_class,Fallen:warrior,median,9,skill_points_assigned,9,158,163.6,186,192,196,198.4,200,186.3333,14.7986,6
class,warrior,upper_quartile_proxy,12,total_hp,12,6184,7082,8837,12072.5,15272.5,16570,18060,12061.25,3907.9679,3304.5
class,warrior,upper_quartile_proxy,12,ehp,12,6910,11388.4069,16460.105,26657.0279,34519.7909,35651.9878,58121.7663,26366.5026,13799.9012,8541.985
class,warrior,upper_quartile_proxy,12,ehp_no_agi,12,6910,9262.4784,11135,14485.8333,27466.7786,33842.765,58121.7663,21284.9571,14897.2459,6486.9564
class,warrior,upper_quartile_proxy,12,hpr,12,-90.09,0,0,0,437.75,1393.4,2017.5,383.2425,676.5371,45.045
class,warrior,upper_quartile_proxy,12,ehpr,12,-131.2585,0,0,0,959.5749,3185.6545,6599.3746,1039.2998,2014.8433,65.6293
class,warrior,upper_quartile_proxy,12,ls,12,-276,-276,-228,0,155.75,603.5,1733,123.5,573.8856,216.5
class,warrior,upper_quartile_proxy,12,effective_ls,12,-533.8312,-508.5316,-450.5694,0,271.8081,631.553,5577.2437,389.5359,1679.9004,462.3508
class,warrior,upper_quartile_proxy,12,mr,12,-115,-41.5,-23.5,-4.5,18.75,37.2,81,-5.5833,47.9914,21.5
class,warrior,upper_quartile_proxy,12,total_mr,12,-90,-16.5,1.5,20.5,43.75,62.2,106,19.4167,47.9914,21.5
class,warrior,upper_quartile_proxy,12,ms,12,-16,-6.9,-1.5,6,12,12.9,20,4.25,10.4109,6
class,warrior,upper_quartile_proxy,12,mana_per_hit,12,-6.4257,-0.9714,-0.2333,0.7527,2.2796,5.5608,8.4967,1.1932,3.6912,1.5419
class,warrior,upper_quartile_proxy,12,total_mana,12,100,130.5,135.75,146,161.75,242,260,160.5833,47.6168,10.5
class,warrior,upper_quartile_proxy,12,walk_speed,12,4,5,7.25,59.5,97.5,140.4,192,65.6667,61.8375,50
class,warrior,upper_quartile_proxy,12,attack_tier,12,-49,-1.8,0,0,0,0,6,-3.75,14.3725,0
class,warrior,upper_quartile_proxy,12,attacks_per_second,12,0.51,0.542,1.3325,2.05,3.1,3.1,4.3,2.1333,1.1687,1.05
class,warrior,upper_quartile_proxy,12,poison,12,0,0,0,0,5275,11906.5,12539,3127,5051.5542,0
class,warrior,upper_quartile_proxy,12,main_attack_range_pct,12,0,0,0,0,0,0,32,2.6667,9.2376,0
class,warrior,upper_quartile_proxy,12,main_attack_range_blocks,12,1,1.1,2,2,2,2,2.64,1.8867,0.4528,0
class,warrior,upper_quartile_proxy,12,main_attack_dps,12,1.9856,1094.2976,1297.547,2476.7066,6185.4842,16527.5809,27382.202,6045.9905,8222.5359,1486.9951
class,warrior,upper_quartile_proxy,12,spell_display_avg_max,12,10395.6439,18270.4216,20701.2722,31803.4286,43274.516,52215.0737,55220.3616,32611.4103,14532.917,11146.2728
class,warrior,upper_quartile_proxy,12,spell_display_avg_sum,12,25639.7599,52911.4553,59330.9207,70621.5329,82405.4196,97291.8345,100564.3315,70593.8828,21288.5851,13096.9185
class,warrior,upper_quartile_proxy,12,heal_pct,12,-25,-23.3,-2,0,0,9.9,17,-2.5,12.2437,0
class,warrior,upper_quartile_proxy,12,skill_points_assigned,12,158,165.9,179.25,190.5,193,197.8,200,185.25,13.2811,6.5
family_class,family_cancelstack:warrior,upper_quartile_proxy,2,total_hp,2,6184,6689.1,7446.75,8709.5,9972.25,10729.9,11235,8709.5,3571.5964,2525.5
family_class,family_cancelstack:warrior,upper_quartile_proxy,2,ehp,2,16369.0693,16754.9893,17333.8692,18298.6692,19263.4691,19842.349,20228.269,18298.6692,2728.8663,1929.5999
family_class,family_cancelstack:warrior,upper_quartile_proxy,2,ehp_no_agi,2,11235,11332.52,11478.8001,11722.6002,11966.4003,12112.6804,12210.2004,11722.6002,689.5708,487.6002
family_class,family_cancelstack:warrior,upper_quartile_proxy,2,hpr,2,-90.09,120.669,436.8075,963.705,1490.6025,1806.741,2017.5,963.705,1490.2912,1053.795
family_class,family_cancelstack:warrior,upper_quartile_proxy,2,ehpr,2,-131.2585,541.8048,1551.3998,3234.0581,4916.7163,5926.3113,6599.3746,3234.0581,4759.2763,3365.3166
family_class,family_cancelstack:warrior,upper_quartile_proxy,2,ls,2,0,13.4,33.5,67,100.5,120.6,134,67,94.7523,67
family_class,family_cancelstack:warrior,upper_quartile_proxy,2,effective_ls,2,0,19.5234,48.8085,97.6171,146.4256,175.7107,195.2341,97.6171,138.0514,97.6171
family_class,family_cancelstack:warrior,upper_quartile_proxy,2,mr,2,0,1.5,3.75,7.5,11.25,13.5,15,7.5,10.6066,7.5
family_class,family_cancelstack:warrior,upper_quartile_proxy,2,total_mr,2,25,26.5,28.75,32.5,36.25,38.5,40,32.5,10.6066,7.5
family_class,family_cancelstack:warrior,upper_quartile_proxy,2,ms,2,-7,-6.3,-5.25,-3.5,-1.75,-0.7,0,-3.5,4.9497,3.5
family_class,family_cancelstack:warrior,upper_quartile_proxy,2,mana_per_hit,2,-0.9333,-0.84,-0.7,-0.4666,-0.2333,-0.0933,0,-0.4666,0.6599,0.4667
family_class,family_cancelstack:warrior,upper_quartile_proxy,2,total_mana,2,100,103.9,109.75,119.5,129.25,135.1,139,119.5,27.5772,19.5
family_class,family_cancelstack:warrior,upper_quartile_proxy,2,walk_speed,2,21,23.6,27.5,34,40.5,44.4,47,34,18.3848,13
family_class,family_cancelstack:warrior,upper_quartile_proxy,2,attack_tier,2,0,0.6,1.5,3,4.5,5.4,6,3,4.2426,3
family_class,family_cancelstack:warrior,upper_quartile_proxy,2,attacks_per_second,2,2.5,2.68,2.95,3.4,3.85,4.12,4.3,3.4,1.2728,0.9
family_class,family_cancelstack:warrior,upper_quartile_proxy,2,poison,2,0,420,1050,2100,3150,3780,4200,2100,2969.8485,2100
family_class,family_cancelstack:warrior,upper_quartile_proxy,2,main_attack_range_pct,2,0,0,0,0,0,0,0,0,0,0
family_class,family_cancelstack:warrior,upper_quartile_proxy,2,main_attack_range_blocks,2,2,2,2,2,2,2,2,2,0,0
family_class,family_cancelstack:warrior,upper_quartile_proxy,2,main_attack_dps,2,1091.1237,2735.8924,5203.0454,9314.9672,13426.8889,15894.0419,17538.8106,9314.9672,11630.2709,8223.8435
family_class,family_cancelstack:warrior,upper_quartile_proxy,2,spell_display_avg_max,2,10395.6439,11430.6184,12983.0801,15570.5163,18157.9524,19710.4141,20745.3886,15570.5163,7318.3747,5174.8724
family_class,family_cancelstack:warrior,upper_quartile_proxy,2,spell_display_avg_sum,2,25639.7599,28466.9841,32707.8203,39775.8808,46843.9412,51084.7774,53912.0016,39775.8808,19991.4938,14136.1209
family_class,family_cancelstack:warrior,upper_quartile_proxy,2,heal_pct,2,0,1.7,4.25,8.5,12.75,15.3,17,8.5,12.0208,8.5
family_class,family_cancelstack:warrior,upper_quartile_proxy,2,skill_points_assigned,2,174,175.8,178.5,183,187.5,190.2,192,183,12.7279,9
archetype,Fallen,upper_quartile_proxy,9,total_hp,9,6910,8286,8906,11235,13535,16220,18060,11864.5556,3582.2602,2329
archetype,Fallen,upper_quartile_proxy,9,ehp,9,6910,10050,16369.0693,26179.0053,29249.2719,40236.5385,58121.7663,25228.3161,15456.7056,9688.5551
archetype,Fallen,upper_quartile_proxy,9,ehp_no_agi,9,6910,8652.203,10835,14190.9258,25099.3531,31935.0661,58121.7663,19516.5479,15884.1012,5103.172
archetype,Fallen,upper_quartile_proxy,9,hpr,9,-90.09,-18.018,0,0,0,312.8,430,69.2678,169.6343,0
archetype,Fallen,upper_quartile_proxy,9,ehpr,9,-131.2585,-26.2517,0,0,0,709.0103,975.828,165.2084,376.8922,0
archetype,Fallen,upper_quartile_proxy,9,ls,9,-276,-276,-276,0,221,863.4,1733,211.7778,643.4557,276
archetype,Fallen,upper_quartile_proxy,9,effective_ls,9,-533.8312,-515.602,-276,0,501.5302,1632.2487,5577.2437,622.1258,1902.3527,501.5302
archetype,Fallen,upper_quartile_proxy,9,mr,9,-115,-57.4,-28,-14,-4,6,30,-22.3333,40.2958,14
archetype,Fallen,upper_quartile_proxy,9,total_mr,9,-90,-32.4,-3,11,21,31,55,2.6667,40.2958,14
archetype,Fallen,upper_quartile_proxy,9,ms,9,-16,-8,0,9,12,14.4,20,5.1111,11.073,6
archetype,Fallen,upper_quartile_proxy,9,mana_per_hit,9,-6.4257,-2.0656,0,1.1828,2.6667,6.4053,8.4967,1.4778,4.2223,1.4839
archetype,Fallen,upper_quartile_proxy,9,total_mana,9,100,124,135,142,151,160.6,179,142.1111,21.5142,9
archetype,Fallen,upper_quartile_proxy,9,walk_speed,9,5,5,21,88,108,153.6,192,81,63.7083,56
archetype,Fallen,upper_quartile_proxy,9,attack_tier,9,-49,-11.4,0,0,0,1.2,6,-5,16.6433,0
archetype,Fallen,upper_quartile_proxy,9,attacks_per_second,9,0.51,0.51,0.83,2.05,3.1,3.34,4.3,2.1111,1.3634,1.05
archetype,Fallen,upper_quartile_proxy,9,poison,9,0,0,0,0,8500,12335.8,12539,4169.3333,5495.3126,0
archetype,Fallen,upper_quartile_proxy,9,main_attack_range_pct,9,0,0,0,0,0,6.4,32,3.5556,10.6667,0
archetype,Fallen,upper_quartile_proxy,9,main_attack_range_blocks,9,2,2,2,2,2,2.128,2.64,2.0711,0.2133,0
archetype,Fallen,upper_quartile_proxy,9,main_attack_dps,9,1355.7751,1744.9771,2375.3354,4065.1139,7426.5136,19507.4889,27382.202,7815.1015,8875.707,2222.8363
archetype,Fallen,upper_quartile_proxy,9,spell_display_avg_max,9,20745.3886,23738.1497,29951.2133,35527.3022,48698.948,53128.6758,55220.3616,38039.7027,12280.3156,11040.9622
archetype,Fallen,upper_quartile_proxy,9,spell_display_avg_sum,9,53912.0016,59692.182,68663.8858,75342.8922,93739.9951,98262.0529,100564.3315,78028.136,16328.7849,14205.6651
archetype,Fallen,upper_quartile_proxy,9,heal_pct,9,-8,-1.6,0,0,0,2.2,11,0.3333,4.7958,0
archetype,Fallen,upper_quartile_proxy,9,skill_points_assigned,9,158,163.6,186,192,196,198.4,200,186.3333,14.7986,6
archetype_class,Fallen:warrior,upper_quartile_proxy,9,total_hp,9,6910,8286,8906,11235,13535,16220,18060,11864.5556,3582.2602,2329
archetype_class,Fallen:warrior,upper_quartile_proxy,9,ehp,9,6910,10050,16369.0693,26179.0053,29249.2719,40236.5385,58121.7663,25228.3161,15456.7056,9688.5551
archetype_class,Fallen:warrior,upper_quartile_proxy,9,ehp_no_agi,9,6910,8652.203,10835,14190.9258,25099.3531,31935.0661,58121.7663,19516.5479,15884.1012,5103.172
archetype_class,Fallen:warrior,upper_quartile_proxy,9,hpr,9,-90.09,-18.018,0,0,0,312.8,430,69.2678,169.6343,0
archetype_class,Fallen:warrior,upper_quartile_proxy,9,ehpr,9,-131.2585,-26.2517,0,0,0,709.0103,975.828,165.2084,376.8922,0
archetype_class,Fallen:warrior,upper_quartile_proxy,9,ls,9,-276,-276,-276,0,221,863.4,1733,211.7778,643.4557,276
archetype_class,Fallen:warrior,upper_quartile_proxy,9,effective_ls,9,-533.8312,-515.602,-276,0,501.5302,1632.2487,5577.2437,622.1258,1902.3527,501.5302
archetype_class,Fallen:warrior,upper_quartile_proxy,9,mr,9,-115,-57.4,-28,-14,-4,6,30,-22.3333,40.2958,14
archetype_class,Fallen:warrior,upper_quartile_proxy,9,total_mr,9,-90,-32.4,-3,11,21,31,55,2.6667,40.2958,14
archetype_class,Fallen:warrior,upper_quartile_proxy,9,ms,9,-16,-8,0,9,12,14.4,20,5.1111,11.073,6
archetype_class,Fallen:warrior,upper_quartile_proxy,9,mana_per_hit,9,-6.4257,-2.0656,0,1.1828,2.6667,6.4053,8.4967,1.4778,4.2223,1.4839
archetype_class,Fallen:warrior,upper_quartile_proxy,9,total_mana,9,100,124,135,142,151,160.6,179,142.1111,21.5142,9
archetype_class,Fallen:warrior,upper_quartile_proxy,9,walk_speed,9,5,5,21,88,108,153.6,192,81,63.7083,56
archetype_class,Fallen:warrior,upper_quartile_proxy,9,attack_tier,9,-49,-11.4,0,0,0,1.2,6,-5,16.6433,0
archetype_class,Fallen:warrior,upper_quartile_proxy,9,attacks_per_second,9,0.51,0.51,0.83,2.05,3.1,3.34,4.3,2.1111,1.3634,1.05
archetype_class,Fallen:warrior,upper_quartile_proxy,9,poison,9,0,0,0,0,8500,12335.8,12539,4169.3333,5495.3126,0
archetype_class,Fallen:warrior,upper_quartile_proxy,9,main_attack_range_pct,9,0,0,0,0,0,6.4,32,3.5556,10.6667,0
archetype_class,Fallen:warrior,upper_quartile_proxy,9,main_attack_range_blocks,9,2,2,2,2,2,2.128,2.64,2.0711,0.2133,0
archetype_class,Fallen:warrior,upper_quartile_proxy,9,main_attack_dps,9,1355.7751,1744.9771,2375.3354,4065.1139,7426.5136,19507.4889,27382.202,7815.1015,8875.707,2222.8363
archetype_class,Fallen:warrior,upper_quartile_proxy,9,spell_display_avg_max,9,20745.3886,23738.1497,29951.2133,35527.3022,48698.948,53128.6758,55220.3616,38039.7027,12280.3156,11040.9622
archetype_class,Fallen:warrior,upper_quartile_proxy,9,spell_display_avg_sum,9,53912.0016,59692.182,68663.8858,75342.8922,93739.9951,98262.0529,100564.3315,78028.136,16328.7849,14205.6651
archetype_class,Fallen:warrior,upper_quartile_proxy,9,heal_pct,9,-8,-1.6,0,0,0,2.2,11,0.3333,4.7958,0
archetype_class,Fallen:warrior,upper_quartile_proxy,9,skill_points_assigned,9,158,163.6,186,192,196,198.4,200,186.3333,14.7986,6
class,warrior,solver_default,12,total_hp,12,6251,7313,9033.5,12072.5,15272.5,16570,18060,12117,3843.0484,3165
class,warrior,solver_default,12,ehp,12,7150,11388.4069,16754.5112,26892.8481,34519.7909,35651.9878,58121.7663,26476.7812,13738.0957,8306.1647
class,warrior,solver_default,12,ehp_no_agi,12,7150,9404.6392,11135,14661.755,27466.7786,33842.765,58121.7663,21358.4646,14843.5328,6463.8999
class,warrior,solver_default,12,hpr,12,-83.52,0,0,0,510.75,1531.5,2283.15,431.4692,757.4942,41.76
class,warrior,solver_default,12,ehpr,12,-121.6862,0,0,0,1131.3833,3497.9293,7468.3332,1169.1797,2266.8782,60.8431
class,warrior,solver_default,12,ls,12,-256,-256,-211.75,0,179.75,661.4,1898,153.75,616.2991,219.5
class,warrior,solver_default,12,effective_ls,12,-495.1478,-471.7645,-418.6895,0,311.0405,692.1187,6108.2565,459.3889,1822.5957,429.6373
class,warrior,solver_default,12,mr,12,-95,-38.4,-21,-2,24,42.3,96,0.3333,47.2293,22
class,warrior,solver_default,12,total_mr,12,-70,-13.4,4,23,49,67.3,121,25.3333,47.2293,22
class,warrior,solver_default,12,ms,12,-13,-5.7,-0.75,9,15.25,16,21,6.4167,10.6469,8
class,warrior,solver_default,12,mana_per_hit,12,-5.2209,-0.7688,-0.1219,1.0215,2.5825,9.1791,10.4575,1.9634,4.3825,1.373
class,warrior,solver_default,12,total_mana,12,100,135.1,136,146,164.25,260.1,279,165.3333,54.3947,10
class,warrior,solver_default,12,walk_speed,12,5,6.2,8.75,62.5,103,143.8,202,69.3333,64.1834,53
class,warrior,solver_default,12,attack_tier,12,-49,-1.8,0,0,0,0,6,-3.75,14.3725,0
class,warrior,solver_default,12,attacks_per_second,12,0.51,0.542,1.3325,2.05,3.1,3.1,4.3,2.1333,1.1687,1.05
class,warrior,solver_default,12,poison,12,0,0,0,0,5575,12480.7,13455,3289.8333,5322.1229,0
class,warrior,solver_default,12,main_attack_range_pct,12,0,0,0,0,0,0,35,2.9167,10.1036,0
class,warrior,solver_default,12,main_attack_range_blocks,12,1,1.1,2,2,2,2,2.7,1.8917,0.4621,0
class,warrior,solver_default,12,main_attack_dps,12,114.2122,1146.2515,1379.9945,2560.9096,6500.6775,17414.0855,29486.6806,6398.0424,8816.5462,1489.0509
class,warrior,solver_default,12,spell_display_avg_max,12,11007.9089,19330.1238,21800.2708,33227.972,44905.1843,54076.6378,57013.422,33894.3554,14927.4357,11529.2703
class,warrior,solver_default,12,spell_display_avg_sum,12,27111.8443,55842.7484,61501.0066,73541.3629,85599.5447,100474.4627,104234.7622,73419.4022,21813.3556,13921.5462
class,warrior,solver_default,12,heal_pct,12,-24,-22.4,-2,0,0,11.7,19,-2,12.4243,0
class,warrior,solver_default,12,skill_points_assigned,12,158,165.9,179.25,190.5,193,197.8,200,185.25,13.2811,6.5
family_class,family_cancelstack:warrior,solver_default,2,total_hp,2,6251,6749.4,7497,8743,9989,10736.6,11235,8743,3524.2202,2492
family_class,family_cancelstack:warrior,solver_default,2,ehp,2,16369.0693,16776.9054,17388.6596,18408.2499,19427.8401,20039.5943,20447.4304,18408.2499,2883.8368,2039.1806
family_class,family_cancelstack:warrior,solver_default,2,ehp_no_agi,2,11235,11345.7491,11511.8727,11788.7454,12065.6181,12231.7417,12342.4908,11788.7454,783.1143,553.7454
family_class,family_cancelstack:warrior,solver_default,2,hpr,2,-83.52,153.147,508.1475,1099.815,1691.4825,2046.483,2283.15,1099.815,1673.4884,1183.335
family_class,family_cancelstack:warrior,solver_default,2,ehpr,2,-121.6862,637.3157,1775.8187,3673.3235,5570.8284,6709.3313,7468.3332,3673.3235,5366.9542,3795.0097
family_class,family_cancelstack:warrior,solver_default,2,ls,2,0,15.9,39.75,79.5,119.25,143.1,159,79.5,112.43,79.5
family_class,family_cancelstack:warrior,solver_default,2,effective_ls,2,0,23.1658,57.9146,115.8292,173.7438,208.4926,231.6584,115.8292,163.8072,115.8292
family_class,family_cancelstack:warrior,solver_default,2,mr,2,0,2,5,10,15,18,20,10,14.1421,10
family_class,family_cancelstack:warrior,solver_default,2,total_mr,2,25,27,30,35,40,43,45,35,14.1421,10
family_class,family_cancelstack:warrior,solver_default,2,ms,2,-6,-5.4,-4.5,-3,-1.5,-0.6,0,-3,4.2426,3
family_class,family_cancelstack:warrior,solver_default,2,mana_per_hit,2,-0.8,-0.72,-0.6,-0.4,-0.2,-0.08,0,-0.4,0.5657,0.4
family_class,family_cancelstack:warrior,solver_default,2,total_mana,2,100,104.2,110.5,121,131.5,137.8,142,121,29.6985,21
family_class,family_cancelstack:warrior,solver_default,2,walk_speed,2,23,25.6,29.5,36,42.5,46.4,49,36,18.3848,13
family_class,family_cancelstack:warrior,solver_default,2,attack_tier,2,0,0.6,1.5,3,4.5,5.4,6,3,4.2426,3
family_class,family_cancelstack:warrior,solver_default,2,attacks_per_second,2,2.5,2.68,2.95,3.4,3.85,4.12,4.3,3.4,1.2728,0.9
family_class,family_cancelstack:warrior,solver_default,2,poison,2,0,460,1150,2300,3450,4140,4600,2300,3252.6912,2300
family_class,family_cancelstack:warrior,solver_default,2,main_attack_range_pct,2,0,0,0,0,0,0,0,0,0,0
family_class,family_cancelstack:warrior,solver_default,2,main_attack_range_blocks,2,2,2,2,2,2,2,2,2,0,0
family_class,family_cancelstack:warrior,solver_default,2,main_attack_dps,2,1143.2477,2878.6079,5481.6483,9820.0488,14158.4494,16761.4897,18496.8499,9820.0488,12270.8498,8676.8011
family_class,family_cancelstack:warrior,solver_default,2,spell_display_avg_max,2,11007.9089,12056.6744,13629.8226,16251.7363,18873.6499,20446.7981,21495.5636,16251.7363,7415.8918,5243.8274
family_class,family_cancelstack:warrior,solver_default,2,spell_display_avg_sum,2,27111.8443,29986.4036,34298.2424,41484.6406,48671.0387,52982.8776,55857.4368,41484.6406,20326.2034,14372.7963
family_class,family_cancelstack:warrior,solver_default,2,heal_pct,2,0,1.9,4.75,9.5,14.25,17.1,19,9.5,13.435,9.5
family_class,family_cancelstack:warrior,solver_default,2,skill_points_assigned,2,174,175.8,178.5,183,187.5,190.2,192,183,12.7279,9
archetype,Fallen,solver_default,9,total_hp,9,7150,8454,9118,11235,13535,16220,18060,11931.4444,3502.5437,2300
archetype,Fallen,solver_default,9,ehp,9,7150,10098,16369.0693,26179.0053,29249.2719,40236.5385,58121.7663,25351.003,15401.7958,9586.2262
archetype,Fallen,solver_default,9,ehp_no_agi,9,7150,8826.5682,10835,14190.9258,25099.3531,31935.0661,58121.7663,19599.8589,15834.7047,4945.2156
archetype,Fallen,solver_default,9,hpr,9,-83.52,-16.704,0,0,0,328.8,496,77.72,187.4156,0
archetype,Fallen,solver_default,9,ehpr,9,-121.6862,-24.3372,0,0,0,745.3097,1125.6063,183.7951,418.4163,0
archetype,Fallen,solver_default,9,ls,9,-256,-256,-256,0,242,946,1898,248.7778,691.6563,256
archetype,Fallen,solver_default,9,effective_ls,9,-495.1478,-478.2396,-256,0,549.1869,1788.0513,6108.2565,707.9935,2067.3484,474.0125
archetype,Fallen,solver_default,9,mr,9,-95,-51,-24,-12,0,10.4,36,-17.2222,36.0617,12
archetype,Fallen,solver_default,9,total_mr,9,-70,-26,1,13,25,35.4,61,7.7778,36.0617,12
archetype,Fallen,solver_default,9,ms,9,-13,-5,0,13,16,17,21,7.8889,11.1853,7
archetype,Fallen,solver_default,9,mana_per_hit,9,-5.2209,-1.4344,0,1.3978,3.5556,9.9346,10.4575,2.4899,4.9659,1.8856
archetype,Fallen,solver_default,9,total_mana,9,100,128,136,142,151,162.6,189,143.8889,23.4598,8
archetype,Fallen,solver_default,9,walk_speed,9,6,7.6,23,93,115,158,202,85.4444,65.9415,54
archetype,Fallen,solver_default,9,attack_tier,9,-49,-11.4,0,0,0,1.2,6,-5,16.6433,0
archetype,Fallen,solver_default,9,attacks_per_second,9,0.51,0.51,0.83,2.05,3.1,3.34,4.3,2.1111,1.3634,1.05
archetype,Fallen,solver_default,9,poison,9,0,0,0,0,8500,13029.4,13455,4386.4444,5790.9725,0
archetype,Fallen,solver_default,9,main_attack_range_pct,9,0,0,0,0,0,7,35,3.8889,11.6667,0
archetype,Fallen,solver_default,9,main_attack_range_blocks,9,2,2,2,2,2,2.14,2.7,2.0778,0.2333,0
archetype,Fallen,solver_default,9,main_attack_dps,9,1448.8975,1801.6141,2427.6553,4121.3494,7669.2062,20694.816,29486.6806,8260.6404,9548.7266,2231.5562
archetype,Fallen,solver_default,9,spell_display_avg_max,9,21495.5636,24428.5419,31565.5229,36501.3007,50663.246,54967.4072,57013.422,39414.7774,12698.6375,11339.5142
archetype,Fallen,solver_default,9,spell_display_avg_sum,9,55857.4368,61877.2446,70584.066,77289.457,97052.3109,101530.7139,104234.7622,80837.283,16871.4647,13907.2605
archetype,Fallen,solver_default,9,heal_pct,9,-8,-1.6,0,0,0,2.6,13,0.5556,5.3645,0
archetype,Fallen,solver_default,9,skill_points_assigned,9,158,163.6,186,192,196,198.4,200,186.3333,14.7986,6
archetype_class,Fallen:warrior,solver_default,9,total_hp,9,7150,8454,9118,11235,13535,16220,18060,11931.4444,3502.5437,2300
archetype_class,Fallen:warrior,solver_default,9,ehp,9,7150,10098,16369.0693,26179.0053,29249.2719,40236.5385,58121.7663,25351.003,15401.7958,9586.2262
archetype_class,Fallen:warrior,solver_default,9,ehp_no_agi,9,7150,8826.5682,10835,14190.9258,25099.3531,31935.0661,58121.7663,19599.8589,15834.7047,4945.2156
archetype_class,Fallen:warrior,solver_default,9,hpr,9,-83.52,-16.704,0,0,0,328.8,496,77.72,187.4156,0
archetype_class,Fallen:warrior,solver_default,9,ehpr,9,-121.6862,-24.3372,0,0,0,745.3097,1125.6063,183.7951,418.4163,0
archetype_class,Fallen:warrior,solver_default,9,ls,9,-256,-256,-256,0,242,946,1898,248.7778,691.6563,256
archetype_class,Fallen:warrior,solver_default,9,effective_ls,9,-495.1478,-478.2396,-256,0,549.1869,1788.0513,6108.2565,707.9935,2067.3484,474.0125
archetype_class,Fallen:warrior,solver_default,9,mr,9,-95,-51,-24,-12,0,10.4,36,-17.2222,36.0617,12
archetype_class,Fallen:warrior,solver_default,9,total_mr,9,-70,-26,1,13,25,35.4,61,7.7778,36.0617,12
archetype_class,Fallen:warrior,solver_default,9,ms,9,-13,-5,0,13,16,17,21,7.8889,11.1853,7
archetype_class,Fallen:warrior,solver_default,9,mana_per_hit,9,-5.2209,-1.4344,0,1.3978,3.5556,9.9346,10.4575,2.4899,4.9659,1.8856
archetype_class,Fallen:warrior,solver_default,9,total_mana,9,100,128,136,142,151,162.6,189,143.8889,23.4598,8
archetype_class,Fallen:warrior,solver_default,9,walk_speed,9,6,7.6,23,93,115,158,202,85.4444,65.9415,54
archetype_class,Fallen:warrior,solver_default,9,attack_tier,9,-49,-11.4,0,0,0,1.2,6,-5,16.6433,0
archetype_class,Fallen:warrior,solver_default,9,attacks_per_second,9,0.51,0.51,0.83,2.05,3.1,3.34,4.3,2.1111,1.3634,1.05
archetype_class,Fallen:warrior,solver_default,9,poison,9,0,0,0,0,8500,13029.4,13455,4386.4444,5790.9725,0
archetype_class,Fallen:warrior,solver_default,9,main_attack_range_pct,9,0,0,0,0,0,7,35,3.8889,11.6667,0
archetype_class,Fallen:warrior,solver_default,9,main_attack_range_blocks,9,2,2,2,2,2,2.14,2.7,2.0778,0.2333,0
archetype_class,Fallen:warrior,solver_default,9,main_attack_dps,9,1448.8975,1801.6141,2427.6553,4121.3494,7669.2062,20694.816,29486.6806,8260.6404,9548.7266,2231.5562
archetype_class,Fallen:warrior,solver_default,9,spell_display_avg_max,9,21495.5636,24428.5419,31565.5229,36501.3007,50663.246,54967.4072,57013.422,39414.7774,12698.6375,11339.5142
archetype_class,Fallen:warrior,solver_default,9,spell_display_avg_sum,9,55857.4368,61877.2446,70584.066,77289.457,97052.3109,101530.7139,104234.7622,80837.283,16871.4647,13907.2605
archetype_class,Fallen:warrior,solver_default,9,heal_pct,9,-8,-1.6,0,0,0,2.6,13,0.5556,5.3645,0
archetype_class,Fallen:warrior,solver_default,9,skill_points_assigned,9,158,163.6,186,192,196,198.4,200,186.3333,14.7986,6
class,warrior,maximum,12,total_hp,12,6352,7659.5,9327.5,12072.5,15272.5,16570,18060,12200.5833,3747.7524,3052.5
class,warrior,maximum,12,ehp,12,7510,11388.4069,17194.7318,27246.5785,34519.7909,35651.9878,58121.7663,26642.1812,13649.1114,7952.4343
class,warrior,maximum,12,ehp_no_agi,12,7510,9617.8802,11135,14924.8077,27466.7786,33842.765,58121.7663,21468.6698,14764.4376,6428.4853
class,warrior,maximum,12,hpr,12,-72.96,0,0,0,618,1737.3,2697.3,504.945,882.9724,36.48
class,warrior,maximum,12,ehpr,12,-106.3006,0,0,0,1367.7366,3966.4978,8823.045,1367.8344,2658.9111,53.1503
class,warrior,maximum,12,ls,12,-227,-227,-188,0,216,747.3,2145,198.6667,680.6801,212
class,warrior,maximum,12,effective_ls,12,-439.0568,-418.395,-371.9323,0,370.1518,781.9537,6903.1666,563.3366,2037.4848,381.6575
class,warrior,maximum,12,mr,12,-95,-38.4,-21,-2,24,42.3,96,0.3333,47.2293,22
class,warrior,maximum,12,total_mr,12,-70,-13.4,4,23,49,67.3,121,25.3333,47.2293,22
class,warrior,maximum,12,ms,12,-13,-5.7,-0.75,9,15.25,16,21,6.4167,10.6469,8
class,warrior,maximum,12,mana_per_hit,12,-5.2209,-0.7688,-0.1219,1.0215,2.5825,9.1791,10.4575,1.9634,4.3825,1.373
class,warrior,maximum,12,total_mana,12,100,135.1,136,146,164.25,260.1,279,165.3333,54.3947,10
class,warrior,maximum,12,walk_speed,12,7,7.3,13.75,67.5,110.5,148.3,218,75.0833,67.7408,54.5
class,warrior,maximum,12,attack_tier,12,-49,-1.8,0,0,0,0,6,-3.75,14.3725,0
class,warrior,maximum,12,attacks_per_second,12,0.51,0.542,1.3325,2.05,3.1,3.1,4.3,2.1333,1.1687,1.05
class,warrior,maximum,12,poison,12,0,0,0,0,6025,13000,15210,3534.1667,5744.5634,0
class,warrior,maximum,12,main_attack_range_pct,12,0,0,0,0,0,0,39,3.25,11.2583,0
class,warrior,maximum,12,main_attack_range_blocks,12,1,1.1,2,2,2,2,2.78,1.8983,0.4752,0
class,warrior,maximum,12,main_attack_dps,12,339.8206,1228.0104,1510.0336,2700.7697,6994.984,18778.5905,32574.9,6936.2718,9693.9844,1493.3673
class,warrior,maximum,12,spell_display_avg_max,12,11979.6839,20833.8613,23533.603,35365.6397,47446.4468,56961.7927,60054.7823,35838.5319,15570.0853,12141.2087
class,warrior,maximum,12,spell_display_avg_sum,12,29444.1636,58906.4798,65186.7873,78213.6888,90034.7221,105805.629,110359.0295,77708.231,22768.43,14665.1499
class,warrior,maximum,12,heal_pct,12,-21,-19.6,-1.75,0,0,13.5,21,-1.0833,11.9959,0
class,warrior,maximum,12,skill_points_assigned,12,158,165.9,179.25,190.5,193,197.8,200,185.25,13.2811,6.5
family_class,family_cancelstack:warrior,maximum,2,total_hp,2,6352,6840.3,7572.75,8793.5,10014.25,10746.7,11235,8793.5,3452.8024,2441.5
family_class,family_cancelstack:warrior,maximum,2,ehp,2,16369.0693,16809.9432,17471.254,18573.4387,19675.6234,20336.9342,20777.8081,18573.4387,3117.4491,2204.3694
family_class,family_cancelstack:warrior,maximum,2,ehp_no_agi,2,11235,11365.6914,11561.7284,11888.4568,12215.1851,12411.2222,12541.9135,11888.4568,924.1274,653.4568
family_class,family_cancelstack:warrior,maximum,2,hpr,2,-72.96,204.066,619.605,1312.17,2004.735,2420.274,2697.3,1312.17,1958.8696,1385.13
family_class,family_cancelstack:warrior,maximum,2,ehpr,2,-106.3006,786.634,2126.0358,4358.3722,6590.7086,7930.1104,8823.045,4358.3722,6314.0008,4464.6728
family_class,family_cancelstack:warrior,maximum,2,ls,2,0,19.7,49.25,98.5,147.75,177.3,197,98.5,139.3,98.5
family_class,family_cancelstack:warrior,maximum,2,effective_ls,2,0,28.7023,71.7558,143.5117,215.2675,258.321,287.0233,143.5117,202.9561,143.5117
family_class,family_cancelstack:warrior,maximum,2,mr,2,0,2,5,10,15,18,20,10,14.1421,10
family_class,family_cancelstack:warrior,maximum,2,total_mr,2,25,27,30,35,40,43,45,35,14.1421,10
family_class,family_cancelstack:warrior,maximum,2,ms,2,-6,-5.4,-4.5,-3,-1.5,-0.6,0,-3,4.2426,3
family_class,family_cancelstack:warrior,maximum,2,mana_per_hit,2,-0.8,-0.72,-0.6,-0.4,-0.2,-0.08,0,-0.4,0.5657,0.4
family_class,family_cancelstack:warrior,maximum,2,total_mana,2,100,104.2,110.5,121,131.5,137.8,142,121,29.6985,21
family_class,family_cancelstack:warrior,maximum,2,walk_speed,2,25,27.8,32,39,46,50.2,53,39,19.799,14
family_class,family_cancelstack:warrior,maximum,2,attack_tier,2,0,0.6,1.5,3,4.5,5.4,6,3,4.2426,3
family_class,family_cancelstack:warrior,maximum,2,attacks_per_second,2,2.5,2.68,2.95,3.4,3.85,4.12,4.3,3.4,1.2728,0.9
family_class,family_cancelstack:warrior,maximum,2,poison,2,0,520,1300,2600,3900,4680,5200,2600,3676.9553,2600
family_class,family_cancelstack:warrior,maximum,2,main_attack_range_pct,2,0,0,0,0,0,0,0,0,0,0
family_class,family_cancelstack:warrior,maximum,2,main_attack_range_blocks,2,2,2,2,2,2,2,2,2,0,0
family_class,family_cancelstack:warrior,maximum,2,main_attack_dps,2,1226.2092,3100.33,5911.5111,10596.813,15282.1148,18093.296,19967.4167,10596.813,13252.0349,9370.6038
family_class,family_cancelstack:warrior,maximum,2,spell_display_avg_max,2,11979.6839,13042.3242,14636.2847,17292.8854,19949.4861,21543.4466,22606.0869,17292.8854,7514.0016,5313.2015
family_class,family_cancelstack:warrior,maximum,2,spell_display_avg_sum,2,29444.1636,32375.2223,36771.8104,44099.4571,51427.1039,55823.6919,58754.7506,44099.4571,20725.7148,14655.2935
family_class,family_cancelstack:warrior,maximum,2,heal_pct,2,0,2.1,5.25,10.5,15.75,18.9,21,10.5,14.8492,10.5
family_class,family_cancelstack:warrior,maximum,2,skill_points_assigned,2,174,175.8,178.5,183,187.5,190.2,192,183,12.7279,9
archetype,Fallen,maximum,9,total_hp,9,7510,8706,9435,11235,13535,16220,18060,12031.6667,3385.4154,2230
archetype,Fallen,maximum,9,ehp,9,7510,10170,16369.0693,26179.0053,29249.2719,40236.5385,58121.7663,25534.8276,15323.7525,9586.2262
archetype,Fallen,maximum,9,ehp_no_agi,9,7510,9088.1158,10835,14190.9258,25099.3531,31935.0661,58121.7663,19724.6412,15762.5127,4708.2811
archetype,Fallen,maximum,9,hpr,9,-72.96,-14.592,0,0,0,353.6,592,90.3378,214.7018,0
archetype,Fallen,maximum,9,ehpr,9,-106.3006,-21.2601,0,0,0,801.5691,1343.4655,211.4733,481.8445,0
archetype,Fallen,maximum,9,ls,9,-227,-227,-227,0,273,1069,2145,303.7778,764.7239,227
archetype,Fallen,maximum,9,effective_ls,9,-439.0568,-424.064,-227,0,619.5373,2020.6333,6903.1666,835.9283,2315.4886,420.3158
archetype,Fallen,maximum,9,mr,9,-95,-51,-24,-12,0,10.4,36,-17.2222,36.0617,12
archetype,Fallen,maximum,9,total_mr,9,-70,-26,1,13,25,35.4,61,7.7778,36.0617,12
archetype,Fallen,maximum,9,ms,9,-13,-5,0,13,16,17,21,7.8889,11.1853,7
archetype,Fallen,maximum,9,mana_per_hit,9,-5.2209,-1.4344,0,1.3978,3.5556,9.9346,10.4575,2.4899,4.9659,1.8856
archetype,Fallen,maximum,9,total_mana,9,100,128,136,142,151,162.6,189,143.8889,23.4598,8
archetype,Fallen,maximum,9,walk_speed,9,7,13.4,25,103,124,164.4,218,92.3333,69.3181,48
archetype,Fallen,maximum,9,attack_tier,9,-49,-11.4,0,0,0,1.2,6,-5,16.6433,0
archetype,Fallen,maximum,9,attacks_per_second,9,0.51,0.51,0.83,2.05,3.1,3.34,4.3,2.1111,1.3634,1.05
archetype,Fallen,maximum,9,poison,9,0,0,0,0,8500,13842,15210,4712.2222,6255.3852,0
archetype,Fallen,maximum,9,main_attack_range_pct,9,0,0,0,0,0,7.8,39,4.3333,13,0
archetype,Fallen,maximum,9,main_attack_range_blocks,9,2,2,2,2,2,2.156,2.78,2.0867,0.26,0
archetype,Fallen,maximum,9,main_attack_dps,9,1598.6379,1885.1877,2526.4816,4212.9438,8079.1547,22488.9134,32574.9,8936.1124,10542.7403,2420.6499
archetype,Fallen,maximum,9,spell_display_avg_max,9,22606.0869,25530.8775,33950.9726,37802.9358,53267.413,57908.7799,60054.7823,41511.4418,13382.9881,11540.8606
archetype,Fallen,maximum,9,spell_display_avg_sum,9,58754.7506,65210.9786,73714.6584,82290.25,102246.0452,107032.7165,110359.0295,85138.9261,17925.7305,15465.2144
archetype,Fallen,maximum,9,heal_pct,9,-7,-1.4,0,0,0,3,15,0.8889,5.7759,0
archetype,Fallen,maximum,9,skill_points_assigned,9,158,163.6,186,192,196,198.4,200,186.3333,14.7986,6
archetype_class,Fallen:warrior,maximum,9,total_hp,9,7510,8706,9435,11235,13535,16220,18060,12031.6667,3385.4154,2230
archetype_class,Fallen:warrior,maximum,9,ehp,9,7510,10170,16369.0693,26179.0053,29249.2719,40236.5385,58121.7663,25534.8276,15323.7525,9586.2262
archetype_class,Fallen:warrior,maximum,9,ehp_no_agi,9,7510,9088.1158,10835,14190.9258,25099.3531,31935.0661,58121.7663,19724.6412,15762.5127,4708.2811
archetype_class,Fallen:warrior,maximum,9,hpr,9,-72.96,-14.592,0,0,0,353.6,592,90.3378,214.7018,0
archetype_class,Fallen:warrior,maximum,9,ehpr,9,-106.3006,-21.2601,0,0,0,801.5691,1343.4655,211.4733,481.8445,0
archetype_class,Fallen:warrior,maximum,9,ls,9,-227,-227,-227,0,273,1069,2145,303.7778,764.7239,227
archetype_class,Fallen:warrior,maximum,9,effective_ls,9,-439.0568,-424.064,-227,0,619.5373,2020.6333,6903.1666,835.9283,2315.4886,420.3158
archetype_class,Fallen:warrior,maximum,9,mr,9,-95,-51,-24,-12,0,10.4,36,-17.2222,36.0617,12
archetype_class,Fallen:warrior,maximum,9,total_mr,9,-70,-26,1,13,25,35.4,61,7.7778,36.0617,12
archetype_class,Fallen:warrior,maximum,9,ms,9,-13,-5,0,13,16,17,21,7.8889,11.1853,7
archetype_class,Fallen:warrior,maximum,9,mana_per_hit,9,-5.2209,-1.4344,0,1.3978,3.5556,9.9346,10.4575,2.4899,4.9659,1.8856
archetype_class,Fallen:warrior,maximum,9,total_mana,9,100,128,136,142,151,162.6,189,143.8889,23.4598,8
archetype_class,Fallen:warrior,maximum,9,walk_speed,9,7,13.4,25,103,124,164.4,218,92.3333,69.3181,48
archetype_class,Fallen:warrior,maximum,9,attack_tier,9,-49,-11.4,0,0,0,1.2,6,-5,16.6433,0
archetype_class,Fallen:warrior,maximum,9,attacks_per_second,9,0.51,0.51,0.83,2.05,3.1,3.34,4.3,2.1111,1.3634,1.05
archetype_class,Fallen:warrior,maximum,9,poison,9,0,0,0,0,8500,13842,15210,4712.2222,6255.3852,0
archetype_class,Fallen:warrior,maximum,9,main_attack_range_pct,9,0,0,0,0,0,7.8,39,4.3333,13,0
archetype_class,Fallen:warrior,maximum,9,main_attack_range_blocks,9,2,2,2,2,2,2.156,2.78,2.0867,0.26,0
archetype_class,Fallen:warrior,maximum,9,main_attack_dps,9,1598.6379,1885.1877,2526.4816,4212.9438,8079.1547,22488.9134,32574.9,8936.1124,10542.7403,2420.6499
archetype_class,Fallen:warrior,maximum,9,spell_display_avg_max,9,22606.0869,25530.8775,33950.9726,37802.9358,53267.413,57908.7799,60054.7823,41511.4418,13382.9881,11540.8606
archetype_class,Fallen:warrior,maximum,9,spell_display_avg_sum,9,58754.7506,65210.9786,73714.6584,82290.25,102246.0452,107032.7165,110359.0295,85138.9261,17925.7305,15465.2144
archetype_class,Fallen:warrior,maximum,9,heal_pct,9,-7,-1.4,0,0,0,3,15,0.8889,5.7759,0
archetype_class,Fallen:warrior,maximum,9,skill_points_assigned,9,158,163.6,186,192,196,198.4,200,186.3333,14.7986,6
family_class,family_heavy_melee:warrior,median,1,total_hp,1,18060,18060,18060,18060,18060,18060,18060,18060,0,0
family_class,family_heavy_melee:warrior,median,1,ehp,1,58121.7663,58121.7663,58121.7663,58121.7663,58121.7663,58121.7663,58121.7663,58121.7663,0,0
family_class,family_heavy_melee:warrior,median,1,ehp_no_agi,1,58121.7663,58121.7663,58121.7663,58121.7663,58121.7663,58121.7663,58121.7663,58121.7663,0,0
family_class,family_heavy_melee:warrior,median,1,hpr,1,0,0,0,0,0,0,0,0,0,0
family_class,family_heavy_melee:warrior,median,1,ehpr,1,0,0,0,0,0,0,0,0,0,0
family_class,family_heavy_melee:warrior,median,1,ls,1,1320,1320,1320,1320,1320,1320,1320,1320,0,0
family_class,family_heavy_melee:warrior,median,1,effective_ls,1,4248.1025,4248.1025,4248.1025,4248.1025,4248.1025,4248.1025,4248.1025,4248.1025,0,0
family_class,family_heavy_melee:warrior,median,1,mr,1,-16,-16,-16,-16,-16,-16,-16,-16,0,0
family_class,family_heavy_melee:warrior,median,1,total_mr,1,9,9,9,9,9,9,9,9,0,0
family_class,family_heavy_melee:warrior,median,1,ms,1,10,10,10,10,10,10,10,10,0,0
family_class,family_heavy_melee:warrior,median,1,mana_per_hit,1,6.5359,6.5359,6.5359,6.5359,6.5359,6.5359,6.5359,6.5359,0,0
family_class,family_heavy_melee:warrior,median,1,total_mana,1,122,122,122,122,122,122,122,122,0,0
family_class,family_heavy_melee:warrior,median,1,walk_speed,1,2,2,2,2,2,2,2,2,0,0
family_class,family_heavy_melee:warrior,median,1,attack_tier,1,-49,-49,-49,-49,-49,-49,-49,-49,0,0
family_class,family_heavy_melee:warrior,median,1,attacks_per_second,1,0.51,0.51,0.51,0.51,0.51,0.51,0.51,0.51,0,0
family_class,family_heavy_melee:warrior,median,1,poison,1,9360,9360,9360,9360,9360,9360,9360,9360,0,0
family_class,family_heavy_melee:warrior,median,1,main_attack_range_pct,1,24,24,24,24,24,24,24,24,0,0
family_class,family_heavy_melee:warrior,median,1,main_attack_range_blocks,1,2.48,2.48,2.48,2.48,2.48,2.48,2.48,2.48,0,0
family_class,family_heavy_melee:warrior,median,1,main_attack_dps,1,22262.8222,22262.8222,22262.8222,22262.8222,22262.8222,22262.8222,22262.8222,22262.8222,0,0
family_class,family_heavy_melee:warrior,median,1,spell_display_avg_max,1,44541.2208,44541.2208,44541.2208,44541.2208,44541.2208,44541.2208,44541.2208,44541.2208,0,0
family_class,family_heavy_melee:warrior,median,1,spell_display_avg_sum,1,71936.6858,71936.6858,71936.6858,71936.6858,71936.6858,71936.6858,71936.6858,71936.6858,0,0
family_class,family_heavy_melee:warrior,median,1,heal_pct,1,0,0,0,0,0,0,0,0,0,0
family_class,family_heavy_melee:warrior,median,1,skill_points_assigned,1,200,200,200,200,200,200,200,200,0,0
family_class,family_heavy_melee:warrior,upper_quartile_proxy,1,total_hp,1,18060,18060,18060,18060,18060,18060,18060,18060,0,0
family_class,family_heavy_melee:warrior,upper_quartile_proxy,1,ehp,1,58121.7663,58121.7663,58121.7663,58121.7663,58121.7663,58121.7663,58121.7663,58121.7663,0,0
family_class,family_heavy_melee:warrior,upper_quartile_proxy,1,ehp_no_agi,1,58121.7663,58121.7663,58121.7663,58121.7663,58121.7663,58121.7663,58121.7663,58121.7663,0,0
family_class,family_heavy_melee:warrior,upper_quartile_proxy,1,hpr,1,0,0,0,0,0,0,0,0,0,0
family_class,family_heavy_melee:warrior,upper_quartile_proxy,1,ehpr,1,0,0,0,0,0,0,0,0,0,0
family_class,family_heavy_melee:warrior,upper_quartile_proxy,1,ls,1,1733,1733,1733,1733,1733,1733,1733,1733,0,0
family_class,family_heavy_melee:warrior,upper_quartile_proxy,1,effective_ls,1,5577.2437,5577.2437,5577.2437,5577.2437,5577.2437,5577.2437,5577.2437,5577.2437,0,0
family_class,family_heavy_melee:warrior,upper_quartile_proxy,1,mr,1,-14,-14,-14,-14,-14,-14,-14,-14,0,0
family_class,family_heavy_melee:warrior,upper_quartile_proxy,1,total_mr,1,11,11,11,11,11,11,11,11,0,0
family_class,family_heavy_melee:warrior,upper_quartile_proxy,1,ms,1,13,13,13,13,13,13,13,13,0,0
family_class,family_heavy_melee:warrior,upper_quartile_proxy,1,mana_per_hit,1,8.4967,8.4967,8.4967,8.4967,8.4967,8.4967,8.4967,8.4967,0,0
family_class,family_heavy_melee:warrior,upper_quartile_proxy,1,total_mana,1,130,130,130,130,130,130,130,130,0,0
family_class,family_heavy_melee:warrior,upper_quartile_proxy,1,walk_speed,1,5,5,5,5,5,5,5,5,0,0
family_class,family_heavy_melee:warrior,upper_quartile_proxy,1,attack_tier,1,-49,-49,-49,-49,-49,-49,-49,-49,0,0
family_class,family_heavy_melee:warrior,upper_quartile_proxy,1,attacks_per_second,1,0.51,0.51,0.51,0.51,0.51,0.51,0.51,0.51,0,0
family_class,family_heavy_melee:warrior,upper_quartile_proxy,1,poison,1,12285,12285,12285,12285,12285,12285,12285,12285,0,0
family_class,family_heavy_melee:warrior,upper_quartile_proxy,1,main_attack_range_pct,1,32,32,32,32,32,32,32,32,0,0
family_class,family_heavy_melee:warrior,upper_quartile_proxy,1,main_attack_range_blocks,1,2.64,2.64,2.64,2.64,2.64,2.64,2.64,2.64,0,0
family_class,family_heavy_melee:warrior,upper_quartile_proxy,1,main_attack_dps,1,27382.202,27382.202,27382.202,27382.202,27382.202,27382.202,27382.202,27382.202,0,0
family_class,family_heavy_melee:warrior,upper_quartile_proxy,1,spell_display_avg_max,1,48698.948,48698.948,48698.948,48698.948,48698.948,48698.948,48698.948,48698.948,0,0
family_class,family_heavy_melee:warrior,upper_quartile_proxy,1,spell_display_avg_sum,1,78627.2278,78627.2278,78627.2278,78627.2278,78627.2278,78627.2278,78627.2278,78627.2278,0,0
family_class,family_heavy_melee:warrior,upper_quartile_proxy,1,heal_pct,1,0,0,0,0,0,0,0,0,0,0
family_class,family_heavy_melee:warrior,upper_quartile_proxy,1,skill_points_assigned,1,200,200,200,200,200,200,200,200,0,0
family_class,family_heavy_melee:warrior,solver_default,1,total_hp,1,18060,18060,18060,18060,18060,18060,18060,18060,0,0
family_class,family_heavy_melee:warrior,solver_default,1,ehp,1,58121.7663,58121.7663,58121.7663,58121.7663,58121.7663,58121.7663,58121.7663,58121.7663,0,0
family_class,family_heavy_melee:warrior,solver_default,1,ehp_no_agi,1,58121.7663,58121.7663,58121.7663,58121.7663,58121.7663,58121.7663,58121.7663,58121.7663,0,0
family_class,family_heavy_melee:warrior,solver_default,1,hpr,1,0,0,0,0,0,0,0,0,0,0
family_class,family_heavy_melee:warrior,solver_default,1,ehpr,1,0,0,0,0,0,0,0,0,0,0
family_class,family_heavy_melee:warrior,solver_default,1,ls,1,1898,1898,1898,1898,1898,1898,1898,1898,0,0
family_class,family_heavy_melee:warrior,solver_default,1,effective_ls,1,6108.2565,6108.2565,6108.2565,6108.2565,6108.2565,6108.2565,6108.2565,6108.2565,0,0
family_class,family_heavy_melee:warrior,solver_default,1,mr,1,-12,-12,-12,-12,-12,-12,-12,-12,0,0
family_class,family_heavy_melee:warrior,solver_default,1,total_mr,1,13,13,13,13,13,13,13,13,0,0
family_class,family_heavy_melee:warrior,solver_default,1,ms,1,16,16,16,16,16,16,16,16,0,0
family_class,family_heavy_melee:warrior,solver_default,1,mana_per_hit,1,10.4575,10.4575,10.4575,10.4575,10.4575,10.4575,10.4575,10.4575,0,0
family_class,family_heavy_melee:warrior,solver_default,1,total_mana,1,136,136,136,136,136,136,136,136,0,0
family_class,family_heavy_melee:warrior,solver_default,1,walk_speed,1,6,6,6,6,6,6,6,6,0,0
family_class,family_heavy_melee:warrior,solver_default,1,attack_tier,1,-49,-49,-49,-49,-49,-49,-49,-49,0,0
family_class,family_heavy_melee:warrior,solver_default,1,attacks_per_second,1,0.51,0.51,0.51,0.51,0.51,0.51,0.51,0.51,0,0
family_class,family_heavy_melee:warrior,solver_default,1,poison,1,13455,13455,13455,13455,13455,13455,13455,13455,0,0
family_class,family_heavy_melee:warrior,solver_default,1,main_attack_range_pct,1,35,35,35,35,35,35,35,35,0,0
family_class,family_heavy_melee:warrior,solver_default,1,main_attack_range_blocks,1,2.7,2.7,2.7,2.7,2.7,2.7,2.7,2.7,0,0
family_class,family_heavy_melee:warrior,solver_default,1,main_attack_dps,1,29486.6806,29486.6806,29486.6806,29486.6806,29486.6806,29486.6806,29486.6806,29486.6806,0,0
family_class,family_heavy_melee:warrior,solver_default,1,spell_display_avg_max,1,50663.246,50663.246,50663.246,50663.246,50663.246,50663.246,50663.246,50663.246,0,0
family_class,family_heavy_melee:warrior,solver_default,1,spell_display_avg_sum,1,81781.956,81781.956,81781.956,81781.956,81781.956,81781.956,81781.956,81781.956,0,0
family_class,family_heavy_melee:warrior,solver_default,1,heal_pct,1,0,0,0,0,0,0,0,0,0,0
family_class,family_heavy_melee:warrior,solver_default,1,skill_points_assigned,1,200,200,200,200,200,200,200,200,0,0
family_class,family_heavy_melee:warrior,maximum,1,total_hp,1,18060,18060,18060,18060,18060,18060,18060,18060,0,0
family_class,family_heavy_melee:warrior,maximum,1,ehp,1,58121.7663,58121.7663,58121.7663,58121.7663,58121.7663,58121.7663,58121.7663,58121.7663,0,0
family_class,family_heavy_melee:warrior,maximum,1,ehp_no_agi,1,58121.7663,58121.7663,58121.7663,58121.7663,58121.7663,58121.7663,58121.7663,58121.7663,0,0
family_class,family_heavy_melee:warrior,maximum,1,hpr,1,0,0,0,0,0,0,0,0,0,0
family_class,family_heavy_melee:warrior,maximum,1,ehpr,1,0,0,0,0,0,0,0,0,0,0
family_class,family_heavy_melee:warrior,maximum,1,ls,1,2145,2145,2145,2145,2145,2145,2145,2145,0,0
family_class,family_heavy_melee:warrior,maximum,1,effective_ls,1,6903.1666,6903.1666,6903.1666,6903.1666,6903.1666,6903.1666,6903.1666,6903.1666,0,0
family_class,family_heavy_melee:warrior,maximum,1,mr,1,-12,-12,-12,-12,-12,-12,-12,-12,0,0
family_class,family_heavy_melee:warrior,maximum,1,total_mr,1,13,13,13,13,13,13,13,13,0,0
family_class,family_heavy_melee:warrior,maximum,1,ms,1,16,16,16,16,16,16,16,16,0,0
family_class,family_heavy_melee:warrior,maximum,1,mana_per_hit,1,10.4575,10.4575,10.4575,10.4575,10.4575,10.4575,10.4575,10.4575,0,0
family_class,family_heavy_melee:warrior,maximum,1,total_mana,1,136,136,136,136,136,136,136,136,0,0
family_class,family_heavy_melee:warrior,maximum,1,walk_speed,1,7,7,7,7,7,7,7,7,0,0
family_class,family_heavy_melee:warrior,maximum,1,attack_tier,1,-49,-49,-49,-49,-49,-49,-49,-49,0,0
family_class,family_heavy_melee:warrior,maximum,1,attacks_per_second,1,0.51,0.51,0.51,0.51,0.51,0.51,0.51,0.51,0,0
family_class,family_heavy_melee:warrior,maximum,1,poison,1,15210,15210,15210,15210,15210,15210,15210,15210,0,0
family_class,family_heavy_melee:warrior,maximum,1,main_attack_range_pct,1,39,39,39,39,39,39,39,39,0,0
family_class,family_heavy_melee:warrior,maximum,1,main_attack_range_blocks,1,2.78,2.78,2.78,2.78,2.78,2.78,2.78,2.78,0,0
family_class,family_heavy_melee:warrior,maximum,1,main_attack_dps,1,32574.9,32574.9,32574.9,32574.9,32574.9,32574.9,32574.9,32574.9,0,0
family_class,family_heavy_melee:warrior,maximum,1,spell_display_avg_max,1,53267.413,53267.413,53267.413,53267.413,53267.413,53267.413,53267.413,53267.413,0,0
family_class,family_heavy_melee:warrior,maximum,1,spell_display_avg_sum,1,85964.281,85964.281,85964.281,85964.281,85964.281,85964.281,85964.281,85964.281,0,0
family_class,family_heavy_melee:warrior,maximum,1,heal_pct,1,0,0,0,0,0,0,0,0,0,0
family_class,family_heavy_melee:warrior,maximum,1,skill_points_assigned,1,200,200,200,200,200,200,200,200,0,0
archetype,Paladin,median,1,total_hp,1,6016,6016,6016,6016,6016,6016,6016,6016,0,0
archetype,Paladin,median,1,ehp,1,19678.73,19678.73,19678.73,19678.73,19678.73,19678.73,19678.73,19678.73,0,0
archetype,Paladin,median,1,ehp_no_agi,1,11878.4874,11878.4874,11878.4874,11878.4874,11878.4874,11878.4874,11878.4874,11878.4874,0,0
archetype,Paladin,median,1,hpr,1,1415.88,1415.88,1415.88,1415.88,1415.88,1415.88,1415.88,1415.88,0,0
archetype,Paladin,median,1,ehpr,1,4631.4362,4631.4362,4631.4362,4631.4362,4631.4362,4631.4362,4631.4362,4631.4362,0,0
archetype,Paladin,median,1,ls,1,0,0,0,0,0,0,0,0,0,0
archetype,Paladin,median,1,effective_ls,1,0,0,0,0,0,0,0,0,0,0
archetype,Paladin,median,1,mr,1,10,10,10,10,10,10,10,10,0,0
archetype,Paladin,median,1,total_mr,1,35,35,35,35,35,35,35,35,0,0
archetype,Paladin,median,1,ms,1,-8,-8,-8,-8,-8,-8,-8,-8,0,0
archetype,Paladin,median,1,mana_per_hit,1,-1.0667,-1.0667,-1.0667,-1.0667,-1.0667,-1.0667,-1.0667,-1.0667,0,0
archetype,Paladin,median,1,total_mana,1,136,136,136,136,136,136,136,136,0,0
archetype,Paladin,median,1,walk_speed,1,41,41,41,41,41,41,41,41,0,0
archetype,Paladin,median,1,attack_tier,1,0,0,0,0,0,0,0,0,0,0
archetype,Paladin,median,1,attacks_per_second,1,2.5,2.5,2.5,2.5,2.5,2.5,2.5,2.5,0,0
archetype,Paladin,median,1,poison,1,0,0,0,0,0,0,0,0,0,0
archetype,Paladin,median,1,main_attack_range_pct,1,0,0,0,0,0,0,0,0,0,0
archetype,Paladin,median,1,main_attack_range_blocks,1,2,2,2,2,2,2,2,2,0,0
archetype,Paladin,median,1,main_attack_dps,1,949.4602,949.4602,949.4602,949.4602,949.4602,949.4602,949.4602,949.4602,0,0
archetype,Paladin,median,1,spell_display_avg_max,1,8759.184,8759.184,8759.184,8759.184,8759.184,8759.184,8759.184,8759.184,0,0
archetype,Paladin,median,1,spell_display_avg_sum,1,21708.3387,21708.3387,21708.3387,21708.3387,21708.3387,21708.3387,21708.3387,21708.3387,0,0
archetype,Paladin,median,1,heal_pct,1,13,13,13,13,13,13,13,13,0,0
archetype,Paladin,median,1,skill_points_assigned,1,174,174,174,174,174,174,174,174,0,0
archetype_class,Paladin:warrior,median,1,total_hp,1,6016,6016,6016,6016,6016,6016,6016,6016,0,0
archetype_class,Paladin:warrior,median,1,ehp,1,19678.73,19678.73,19678.73,19678.73,19678.73,19678.73,19678.73,19678.73,0,0
archetype_class,Paladin:warrior,median,1,ehp_no_agi,1,11878.4874,11878.4874,11878.4874,11878.4874,11878.4874,11878.4874,11878.4874,11878.4874,0,0
archetype_class,Paladin:warrior,median,1,hpr,1,1415.88,1415.88,1415.88,1415.88,1415.88,1415.88,1415.88,1415.88,0,0
archetype_class,Paladin:warrior,median,1,ehpr,1,4631.4362,4631.4362,4631.4362,4631.4362,4631.4362,4631.4362,4631.4362,4631.4362,0,0
archetype_class,Paladin:warrior,median,1,ls,1,0,0,0,0,0,0,0,0,0,0
archetype_class,Paladin:warrior,median,1,effective_ls,1,0,0,0,0,0,0,0,0,0,0
archetype_class,Paladin:warrior,median,1,mr,1,10,10,10,10,10,10,10,10,0,0
archetype_class,Paladin:warrior,median,1,total_mr,1,35,35,35,35,35,35,35,35,0,0
archetype_class,Paladin:warrior,median,1,ms,1,-8,-8,-8,-8,-8,-8,-8,-8,0,0
archetype_class,Paladin:warrior,median,1,mana_per_hit,1,-1.0667,-1.0667,-1.0667,-1.0667,-1.0667,-1.0667,-1.0667,-1.0667,0,0
archetype_class,Paladin:warrior,median,1,total_mana,1,136,136,136,136,136,136,136,136,0,0
archetype_class,Paladin:warrior,median,1,walk_speed,1,41,41,41,41,41,41,41,41,0,0
archetype_class,Paladin:warrior,median,1,attack_tier,1,0,0,0,0,0,0,0,0,0,0
archetype_class,Paladin:warrior,median,1,attacks_per_second,1,2.5,2.5,2.5,2.5,2.5,2.5,2.5,2.5,0,0
archetype_class,Paladin:warrior,median,1,poison,1,0,0,0,0,0,0,0,0,0,0
archetype_class,Paladin:warrior,median,1,main_attack_range_pct,1,0,0,0,0,0,0,0,0,0,0
archetype_class,Paladin:warrior,median,1,main_attack_range_blocks,1,2,2,2,2,2,2,2,2,0,0
archetype_class,Paladin:warrior,median,1,main_attack_dps,1,949.4602,949.4602,949.4602,949.4602,949.4602,949.4602,949.4602,949.4602,0,0
archetype_class,Paladin:warrior,median,1,spell_display_avg_max,1,8759.184,8759.184,8759.184,8759.184,8759.184,8759.184,8759.184,8759.184,0,0
archetype_class,Paladin:warrior,median,1,spell_display_avg_sum,1,21708.3387,21708.3387,21708.3387,21708.3387,21708.3387,21708.3387,21708.3387,21708.3387,0,0
archetype_class,Paladin:warrior,median,1,heal_pct,1,13,13,13,13,13,13,13,13,0,0
archetype_class,Paladin:warrior,median,1,skill_points_assigned,1,174,174,174,174,174,174,174,174,0,0
archetype,Paladin,upper_quartile_proxy,1,total_hp,1,6184,6184,6184,6184,6184,6184,6184,6184,0,0
archetype,Paladin,upper_quartile_proxy,1,ehp,1,20228.269,20228.269,20228.269,20228.269,20228.269,20228.269,20228.269,20228.269,0,0
archetype,Paladin,upper_quartile_proxy,1,ehp_no_agi,1,12210.2004,12210.2004,12210.2004,12210.2004,12210.2004,12210.2004,12210.2004,12210.2004,0,0
archetype,Paladin,upper_quartile_proxy,1,hpr,1,2017.5,2017.5,2017.5,2017.5,2017.5,2017.5,2017.5,2017.5,0,0
archetype,Paladin,upper_quartile_proxy,1,ehpr,1,6599.3746,6599.3746,6599.3746,6599.3746,6599.3746,6599.3746,6599.3746,6599.3746,0,0
archetype,Paladin,upper_quartile_proxy,1,ls,1,0,0,0,0,0,0,0,0,0,0
archetype,Paladin,upper_quartile_proxy,1,effective_ls,1,0,0,0,0,0,0,0,0,0,0
archetype,Paladin,upper_quartile_proxy,1,mr,1,15,15,15,15,15,15,15,15,0,0
archetype,Paladin,upper_quartile_proxy,1,total_mr,1,40,40,40,40,40,40,40,40,0,0
archetype,Paladin,upper_quartile_proxy,1,ms,1,-7,-7,-7,-7,-7,-7,-7,-7,0,0
archetype,Paladin,upper_quartile_proxy,1,mana_per_hit,1,-0.9333,-0.9333,-0.9333,-0.9333,-0.9333,-0.9333,-0.9333,-0.9333,0,0
archetype,Paladin,upper_quartile_proxy,1,total_mana,1,139,139,139,139,139,139,139,139,0,0
archetype,Paladin,upper_quartile_proxy,1,walk_speed,1,47,47,47,47,47,47,47,47,0,0
archetype,Paladin,upper_quartile_proxy,1,attack_tier,1,0,0,0,0,0,0,0,0,0,0
archetype,Paladin,upper_quartile_proxy,1,attacks_per_second,1,2.5,2.5,2.5,2.5,2.5,2.5,2.5,2.5,0,0
archetype,Paladin,upper_quartile_proxy,1,poison,1,0,0,0,0,0,0,0,0,0,0
archetype,Paladin,upper_quartile_proxy,1,main_attack_range_pct,1,0,0,0,0,0,0,0,0,0,0
archetype,Paladin,upper_quartile_proxy,1,main_attack_range_blocks,1,2,2,2,2,2,2,2,2,0,0
archetype,Paladin,upper_quartile_proxy,1,main_attack_dps,1,1091.1237,1091.1237,1091.1237,1091.1237,1091.1237,1091.1237,1091.1237,1091.1237,0,0
archetype,Paladin,upper_quartile_proxy,1,spell_display_avg_max,1,10395.6439,10395.6439,10395.6439,10395.6439,10395.6439,10395.6439,10395.6439,10395.6439,0,0
archetype,Paladin,upper_quartile_proxy,1,spell_display_avg_sum,1,25639.7599,25639.7599,25639.7599,25639.7599,25639.7599,25639.7599,25639.7599,25639.7599,0,0
archetype,Paladin,upper_quartile_proxy,1,heal_pct,1,17,17,17,17,17,17,17,17,0,0
archetype,Paladin,upper_quartile_proxy,1,skill_points_assigned,1,174,174,174,174,174,174,174,174,0,0
archetype_class,Paladin:warrior,upper_quartile_proxy,1,total_hp,1,6184,6184,6184,6184,6184,6184,6184,6184,0,0
archetype_class,Paladin:warrior,upper_quartile_proxy,1,ehp,1,20228.269,20228.269,20228.269,20228.269,20228.269,20228.269,20228.269,20228.269,0,0
archetype_class,Paladin:warrior,upper_quartile_proxy,1,ehp_no_agi,1,12210.2004,12210.2004,12210.2004,12210.2004,12210.2004,12210.2004,12210.2004,12210.2004,0,0
archetype_class,Paladin:warrior,upper_quartile_proxy,1,hpr,1,2017.5,2017.5,2017.5,2017.5,2017.5,2017.5,2017.5,2017.5,0,0
archetype_class,Paladin:warrior,upper_quartile_proxy,1,ehpr,1,6599.3746,6599.3746,6599.3746,6599.3746,6599.3746,6599.3746,6599.3746,6599.3746,0,0
archetype_class,Paladin:warrior,upper_quartile_proxy,1,ls,1,0,0,0,0,0,0,0,0,0,0
archetype_class,Paladin:warrior,upper_quartile_proxy,1,effective_ls,1,0,0,0,0,0,0,0,0,0,0
archetype_class,Paladin:warrior,upper_quartile_proxy,1,mr,1,15,15,15,15,15,15,15,15,0,0
archetype_class,Paladin:warrior,upper_quartile_proxy,1,total_mr,1,40,40,40,40,40,40,40,40,0,0
archetype_class,Paladin:warrior,upper_quartile_proxy,1,ms,1,-7,-7,-7,-7,-7,-7,-7,-7,0,0
archetype_class,Paladin:warrior,upper_quartile_proxy,1,mana_per_hit,1,-0.9333,-0.9333,-0.9333,-0.9333,-0.9333,-0.9333,-0.9333,-0.9333,0,0
archetype_class,Paladin:warrior,upper_quartile_proxy,1,total_mana,1,139,139,139,139,139,139,139,139,0,0
archetype_class,Paladin:warrior,upper_quartile_proxy,1,walk_speed,1,47,47,47,47,47,47,47,47,0,0
archetype_class,Paladin:warrior,upper_quartile_proxy,1,attack_tier,1,0,0,0,0,0,0,0,0,0,0
archetype_class,Paladin:warrior,upper_quartile_proxy,1,attacks_per_second,1,2.5,2.5,2.5,2.5,2.5,2.5,2.5,2.5,0,0
archetype_class,Paladin:warrior,upper_quartile_proxy,1,poison,1,0,0,0,0,0,0,0,0,0,0
archetype_class,Paladin:warrior,upper_quartile_proxy,1,main_attack_range_pct,1,0,0,0,0,0,0,0,0,0,0
archetype_class,Paladin:warrior,upper_quartile_proxy,1,main_attack_range_blocks,1,2,2,2,2,2,2,2,2,0,0
archetype_class,Paladin:warrior,upper_quartile_proxy,1,main_attack_dps,1,1091.1237,1091.1237,1091.1237,1091.1237,1091.1237,1091.1237,1091.1237,1091.1237,0,0
archetype_class,Paladin:warrior,upper_quartile_proxy,1,spell_display_avg_max,1,10395.6439,10395.6439,10395.6439,10395.6439,10395.6439,10395.6439,10395.6439,10395.6439,0,0
archetype_class,Paladin:warrior,upper_quartile_proxy,1,spell_display_avg_sum,1,25639.7599,25639.7599,25639.7599,25639.7599,25639.7599,25639.7599,25639.7599,25639.7599,0,0
archetype_class,Paladin:warrior,upper_quartile_proxy,1,heal_pct,1,17,17,17,17,17,17,17,17,0,0
archetype_class,Paladin:warrior,upper_quartile_proxy,1,skill_points_assigned,1,174,174,174,174,174,174,174,174,0,0
archetype,Paladin,solver_default,1,total_hp,1,6251,6251,6251,6251,6251,6251,6251,6251,0,0
archetype,Paladin,solver_default,1,ehp,1,20447.4304,20447.4304,20447.4304,20447.4304,20447.4304,20447.4304,20447.4304,20447.4304,0,0
archetype,Paladin,solver_default,1,ehp_no_agi,1,12342.4908,12342.4908,12342.4908,12342.4908,12342.4908,12342.4908,12342.4908,12342.4908,0,0
archetype,Paladin,solver_default,1,hpr,1,2283.15,2283.15,2283.15,2283.15,2283.15,2283.15,2283.15,2283.15,0,0
archetype,Paladin,solver_default,1,ehpr,1,7468.3332,7468.3332,7468.3332,7468.3332,7468.3332,7468.3332,7468.3332,7468.3332,0,0
archetype,Paladin,solver_default,1,ls,1,0,0,0,0,0,0,0,0,0,0
archetype,Paladin,solver_default,1,effective_ls,1,0,0,0,0,0,0,0,0,0,0
archetype,Paladin,solver_default,1,mr,1,20,20,20,20,20,20,20,20,0,0
archetype,Paladin,solver_default,1,total_mr,1,45,45,45,45,45,45,45,45,0,0
archetype,Paladin,solver_default,1,ms,1,-6,-6,-6,-6,-6,-6,-6,-6,0,0
archetype,Paladin,solver_default,1,mana_per_hit,1,-0.8,-0.8,-0.8,-0.8,-0.8,-0.8,-0.8,-0.8,0,0
archetype,Paladin,solver_default,1,total_mana,1,142,142,142,142,142,142,142,142,0,0
archetype,Paladin,solver_default,1,walk_speed,1,49,49,49,49,49,49,49,49,0,0
archetype,Paladin,solver_default,1,attack_tier,1,0,0,0,0,0,0,0,0,0,0
archetype,Paladin,solver_default,1,attacks_per_second,1,2.5,2.5,2.5,2.5,2.5,2.5,2.5,2.5,0,0
archetype,Paladin,solver_default,1,poison,1,0,0,0,0,0,0,0,0,0,0
archetype,Paladin,solver_default,1,main_attack_range_pct,1,0,0,0,0,0,0,0,0,0,0
archetype,Paladin,solver_default,1,main_attack_range_blocks,1,2,2,2,2,2,2,2,2,0,0
archetype,Paladin,solver_default,1,main_attack_dps,1,1143.2477,1143.2477,1143.2477,1143.2477,1143.2477,1143.2477,1143.2477,1143.2477,0,0
archetype,Paladin,solver_default,1,spell_display_avg_max,1,11007.9089,11007.9089,11007.9089,11007.9089,11007.9089,11007.9089,11007.9089,11007.9089,0,0
archetype,Paladin,solver_default,1,spell_display_avg_sum,1,27111.8443,27111.8443,27111.8443,27111.8443,27111.8443,27111.8443,27111.8443,27111.8443,0,0
archetype,Paladin,solver_default,1,heal_pct,1,19,19,19,19,19,19,19,19,0,0
archetype,Paladin,solver_default,1,skill_points_assigned,1,174,174,174,174,174,174,174,174,0,0
archetype_class,Paladin:warrior,solver_default,1,total_hp,1,6251,6251,6251,6251,6251,6251,6251,6251,0,0
archetype_class,Paladin:warrior,solver_default,1,ehp,1,20447.4304,20447.4304,20447.4304,20447.4304,20447.4304,20447.4304,20447.4304,20447.4304,0,0
archetype_class,Paladin:warrior,solver_default,1,ehp_no_agi,1,12342.4908,12342.4908,12342.4908,12342.4908,12342.4908,12342.4908,12342.4908,12342.4908,0,0
archetype_class,Paladin:warrior,solver_default,1,hpr,1,2283.15,2283.15,2283.15,2283.15,2283.15,2283.15,2283.15,2283.15,0,0
archetype_class,Paladin:warrior,solver_default,1,ehpr,1,7468.3332,7468.3332,7468.3332,7468.3332,7468.3332,7468.3332,7468.3332,7468.3332,0,0
archetype_class,Paladin:warrior,solver_default,1,ls,1,0,0,0,0,0,0,0,0,0,0
archetype_class,Paladin:warrior,solver_default,1,effective_ls,1,0,0,0,0,0,0,0,0,0,0
archetype_class,Paladin:warrior,solver_default,1,mr,1,20,20,20,20,20,20,20,20,0,0
archetype_class,Paladin:warrior,solver_default,1,total_mr,1,45,45,45,45,45,45,45,45,0,0
archetype_class,Paladin:warrior,solver_default,1,ms,1,-6,-6,-6,-6,-6,-6,-6,-6,0,0
archetype_class,Paladin:warrior,solver_default,1,mana_per_hit,1,-0.8,-0.8,-0.8,-0.8,-0.8,-0.8,-0.8,-0.8,0,0
archetype_class,Paladin:warrior,solver_default,1,total_mana,1,142,142,142,142,142,142,142,142,0,0
archetype_class,Paladin:warrior,solver_default,1,walk_speed,1,49,49,49,49,49,49,49,49,0,0
archetype_class,Paladin:warrior,solver_default,1,attack_tier,1,0,0,0,0,0,0,0,0,0,0
archetype_class,Paladin:warrior,solver_default,1,attacks_per_second,1,2.5,2.5,2.5,2.5,2.5,2.5,2.5,2.5,0,0
archetype_class,Paladin:warrior,solver_default,1,poison,1,0,0,0,0,0,0,0,0,0,0
archetype_class,Paladin:warrior,solver_default,1,main_attack_range_pct,1,0,0,0,0,0,0,0,0,0,0
archetype_class,Paladin:warrior,solver_default,1,main_attack_range_blocks,1,2,2,2,2,2,2,2,2,0,0
archetype_class,Paladin:warrior,solver_default,1,main_attack_dps,1,1143.2477,1143.2477,1143.2477,1143.2477,1143.2477,1143.2477,1143.2477,1143.2477,0,0
archetype_class,Paladin:warrior,solver_default,1,spell_display_avg_max,1,11007.9089,11007.9089,11007.9089,11007.9089,11007.9089,11007.9089,11007.9089,11007.9089,0,0
archetype_class,Paladin:warrior,solver_default,1,spell_display_avg_sum,1,27111.8443,27111.8443,27111.8443,27111.8443,27111.8443,27111.8443,27111.8443,27111.8443,0,0
archetype_class,Paladin:warrior,solver_default,1,heal_pct,1,19,19,19,19,19,19,19,19,0,0
archetype_class,Paladin:warrior,solver_default,1,skill_points_assigned,1,174,174,174,174,174,174,174,174,0,0
archetype,Paladin,maximum,1,total_hp,1,6352,6352,6352,6352,6352,6352,6352,6352,0,0
archetype,Paladin,maximum,1,ehp,1,20777.8081,20777.8081,20777.8081,20777.8081,20777.8081,20777.8081,20777.8081,20777.8081,0,0
archetype,Paladin,maximum,1,ehp_no_agi,1,12541.9135,12541.9135,12541.9135,12541.9135,12541.9135,12541.9135,12541.9135,12541.9135,0,0
archetype,Paladin,maximum,1,hpr,1,2697.3,2697.3,2697.3,2697.3,2697.3,2697.3,2697.3,2697.3,0,0
archetype,Paladin,maximum,1,ehpr,1,8823.045,8823.045,8823.045,8823.045,8823.045,8823.045,8823.045,8823.045,0,0
archetype,Paladin,maximum,1,ls,1,0,0,0,0,0,0,0,0,0,0
archetype,Paladin,maximum,1,effective_ls,1,0,0,0,0,0,0,0,0,0,0
archetype,Paladin,maximum,1,mr,1,20,20,20,20,20,20,20,20,0,0
archetype,Paladin,maximum,1,total_mr,1,45,45,45,45,45,45,45,45,0,0
archetype,Paladin,maximum,1,ms,1,-6,-6,-6,-6,-6,-6,-6,-6,0,0
archetype,Paladin,maximum,1,mana_per_hit,1,-0.8,-0.8,-0.8,-0.8,-0.8,-0.8,-0.8,-0.8,0,0
archetype,Paladin,maximum,1,total_mana,1,142,142,142,142,142,142,142,142,0,0
archetype,Paladin,maximum,1,walk_speed,1,53,53,53,53,53,53,53,53,0,0
archetype,Paladin,maximum,1,attack_tier,1,0,0,0,0,0,0,0,0,0,0
archetype,Paladin,maximum,1,attacks_per_second,1,2.5,2.5,2.5,2.5,2.5,2.5,2.5,2.5,0,0
archetype,Paladin,maximum,1,poison,1,0,0,0,0,0,0,0,0,0,0
archetype,Paladin,maximum,1,main_attack_range_pct,1,0,0,0,0,0,0,0,0,0,0
archetype,Paladin,maximum,1,main_attack_range_blocks,1,2,2,2,2,2,2,2,2,0,0
archetype,Paladin,maximum,1,main_attack_dps,1,1226.2092,1226.2092,1226.2092,1226.2092,1226.2092,1226.2092,1226.2092,1226.2092,0,0
archetype,Paladin,maximum,1,spell_display_avg_max,1,11979.6839,11979.6839,11979.6839,11979.6839,11979.6839,11979.6839,11979.6839,11979.6839,0,0
archetype,Paladin,maximum,1,spell_display_avg_sum,1,29444.1636,29444.1636,29444.1636,29444.1636,29444.1636,29444.1636,29444.1636,29444.1636,0,0
archetype,Paladin,maximum,1,heal_pct,1,21,21,21,21,21,21,21,21,0,0
archetype,Paladin,maximum,1,skill_points_assigned,1,174,174,174,174,174,174,174,174,0,0
archetype_class,Paladin:warrior,maximum,1,total_hp,1,6352,6352,6352,6352,6352,6352,6352,6352,0,0
archetype_class,Paladin:warrior,maximum,1,ehp,1,20777.8081,20777.8081,20777.8081,20777.8081,20777.8081,20777.8081,20777.8081,20777.8081,0,0
archetype_class,Paladin:warrior,maximum,1,ehp_no_agi,1,12541.9135,12541.9135,12541.9135,12541.9135,12541.9135,12541.9135,12541.9135,12541.9135,0,0
archetype_class,Paladin:warrior,maximum,1,hpr,1,2697.3,2697.3,2697.3,2697.3,2697.3,2697.3,2697.3,2697.3,0,0
archetype_class,Paladin:warrior,maximum,1,ehpr,1,8823.045,8823.045,8823.045,8823.045,8823.045,8823.045,8823.045,8823.045,0,0
archetype_class,Paladin:warrior,maximum,1,ls,1,0,0,0,0,0,0,0,0,0,0
archetype_class,Paladin:warrior,maximum,1,effective_ls,1,0,0,0,0,0,0,0,0,0,0
archetype_class,Paladin:warrior,maximum,1,mr,1,20,20,20,20,20,20,20,20,0,0
archetype_class,Paladin:warrior,maximum,1,total_mr,1,45,45,45,45,45,45,45,45,0,0
archetype_class,Paladin:warrior,maximum,1,ms,1,-6,-6,-6,-6,-6,-6,-6,-6,0,0
archetype_class,Paladin:warrior,maximum,1,mana_per_hit,1,-0.8,-0.8,-0.8,-0.8,-0.8,-0.8,-0.8,-0.8,0,0
archetype_class,Paladin:warrior,maximum,1,total_mana,1,142,142,142,142,142,142,142,142,0,0
archetype_class,Paladin:warrior,maximum,1,walk_speed,1,53,53,53,53,53,53,53,53,0,0
archetype_class,Paladin:warrior,maximum,1,attack_tier,1,0,0,0,0,0,0,0,0,0,0
archetype_class,Paladin:warrior,maximum,1,attacks_per_second,1,2.5,2.5,2.5,2.5,2.5,2.5,2.5,2.5,0,0
archetype_class,Paladin:warrior,maximum,1,poison,1,0,0,0,0,0,0,0,0,0,0
archetype_class,Paladin:warrior,maximum,1,main_attack_range_pct,1,0,0,0,0,0,0,0,0,0,0
archetype_class,Paladin:warrior,maximum,1,main_attack_range_blocks,1,2,2,2,2,2,2,2,2,0,0
archetype_class,Paladin:warrior,maximum,1,main_attack_dps,1,1226.2092,1226.2092,1226.2092,1226.2092,1226.2092,1226.2092,1226.2092,1226.2092,0,0
archetype_class,Paladin:warrior,maximum,1,spell_display_avg_max,1,11979.6839,11979.6839,11979.6839,11979.6839,11979.6839,11979.6839,11979.6839,11979.6839,0,0
archetype_class,Paladin:warrior,maximum,1,spell_display_avg_sum,1,29444.1636,29444.1636,29444.1636,29444.1636,29444.1636,29444.1636,29444.1636,29444.1636,0,0
archetype_class,Paladin:warrior,maximum,1,heal_pct,1,21,21,21,21,21,21,21,21,0,0
archetype_class,Paladin:warrior,maximum,1,skill_points_assigned,1,174,174,174,174,174,174,174,174,0,0
family_class,family_spell_sustained:warrior,median,7,total_hp,7,6310,7477,8316.5,10835,13222.5,14425,15760,10854.7143,3391.5926,2580
family_class,family_spell_sustained:warrior,median,7,ehp,7,6310,9025,13173.8998,25955.9492,27714.1386,31855.6557,35765.2315,21401.0368,10689.192,9809.2823
family_class,family_spell_sustained:warrior,median,7,ehp_no_agi,7,6310,7739.7178,9763.9315,13904.4516,19645.1395,25214.9683,25388.391,14917.2835,7575.903,5211.5886
family_class,family_spell_sustained:warrior,median,7,hpr,7,0,0,0,0,134.75,270.1,271,77.2143,131.8692,0
family_class,family_spell_sustained:warrior,median,7,ehpr,7,0,0,0,0,305.2935,612.3516,614.9986,175.0837,299.015,0
family_class,family_spell_sustained:warrior,median,7,ls,7,-324,-324,-324,0,84,298,493,-44.4286,308.8645,324
family_class,family_spell_sustained:warrior,median,7,effective_ls,7,-626.6714,-610.6218,-461.961,0,190.6269,425.9522,493,-96.62,443.5942,381.2537
family_class,family_spell_sustained:warrior,median,7,mr,7,-136,-82,-40,-25,-9.5,5.2,22,-34,49.9833,19
family_class,family_spell_sustained:warrior,median,7,total_mr,7,-111,-57,-15,0,15.5,30.2,47,-9,49.9833,19
family_class,family_spell_sustained:warrior,median,7,ms,7,-19,-13,-5,2,8,12.4,19,1.1429,12.4288,6
family_class,family_spell_sustained:warrior,median,7,mana_per_hit,7,-7.6305,-3.9302,-0.7854,0.8602,1.5425,1.8839,2.043,-0.459,3.3834,0.9677
family_class,family_spell_sustained:warrior,median,7,total_mana,7,135,135.6,139,150,153.5,161.2,169,148.4286,12.0119,8
family_class,family_spell_sustained:warrior,median,7,walk_speed,7,-6,34.8,67.5,82,115,148.2,165,86.5714,54.945,20
family_class,family_spell_sustained:warrior,median,7,attack_tier,7,-2,-0.8,0,0,0,0,0,-0.2857,0.7559,0
family_class,family_spell_sustained:warrior,median,7,attacks_per_second,7,0.51,0.702,1.165,2.05,3.1,3.1,3.1,2.0271,1.1155,1.05
family_class,family_spell_sustained:warrior,median,7,poison,7,0,0,0,0,4250,9730.8,11577,2868.1429,4978.1728,0
family_class,family_spell_sustained:warrior,median,7,main_attack_range_pct,7,0,0,0,0,0,0,0,0,0,0
family_class,family_spell_sustained:warrior,median,7,main_attack_range_blocks,7,2,2,2,2,2,2,2,2,0,0
family_class,family_spell_sustained:warrior,median,7,main_attack_dps,7,1111.9235,1477.1641,1963.7036,2268.8757,4407.973,5642.7207,6741.7688,3266.5602,2014.0206,1156.9522
family_class,family_spell_sustained:warrior,median,7,spell_display_avg_max,7,22747.9712,24720.7511,28189.9066,33160.6115,42416.7332,48800.2492,50260.4135,35340.3251,10457.4741,7124.6738
family_class,family_spell_sustained:warrior,median,7,spell_display_avg_sum,7,55107.6436,59887.1844,63398.7872,70594.4126,87098.6858,89274.8491,89732.5788,73775.6544,14087.9166,14633.263
family_class,family_spell_sustained:warrior,median,7,heal_pct,7,-10,-4,0,0,0,2.8,7,-0.4286,4.9618,0
family_class,family_spell_sustained:warrior,median,7,skill_points_assigned,7,158,162.2,175.5,190,194,196.8,198,183.5714,15.7041,6
family_class,family_spell_sustained:warrior,upper_quartile_proxy,7,total_hp,7,6910,7942,8768,10835,13222.5,14425,15760,11069.4286,3147.8893,2205
family_class,family_spell_sustained:warrior,upper_quartile_proxy,7,ehp,7,6910,9265,13662.7251,26179.0053,28192.1612,31855.6557,35765.2315,21794.8585,10553.7691,9586.2262
family_class,family_spell_sustained:warrior,upper_quartile_proxy,7,ehp_no_agi,7,6910,8216.6523,9961.3769,14190.9258,19940.047,25214.9683,25388.391,15184.5949,7395.153,5103.172
family_class,family_spell_sustained:warrior,upper_quartile_proxy,7,hpr,7,0,0,0,0,141.75,342.1,430,101.9286,179.1397,0
family_class,family_spell_sustained:warrior,upper_quartile_proxy,7,ehpr,7,0,0,0,0,321.1529,775.7147,975.828,231.162,406.355,0
family_class,family_spell_sustained:warrior,upper_quartile_proxy,7,ls,7,-276,-276,-276,0,110.5,391,646,5.5714,340.2126,276
family_class,family_spell_sustained:warrior,upper_quartile_proxy,7,effective_ls,7,-533.8312,-520.1593,-393.5223,0,250.7651,559.3181,646,-24.7637,463.1188,501.5302
family_class,family_spell_sustained:warrior,upper_quartile_proxy,7,mr,7,-115,-71.8,-35.5,-22,-4.5,9.6,30,-26.7143,45.2538,18
family_class,family_spell_sustained:warrior,upper_quartile_proxy,7,total_mr,7,-90,-46.8,-10.5,3,20.5,34.6,55,-1.7143,45.2538,18
family_class,family_spell_sustained:warrior,upper_quartile_proxy,7,ms,7,-16,-10,-1.5,9,11.5,15.2,20,4.7143,12.189,6
family_class,family_spell_sustained:warrior,upper_quartile_proxy,7,mana_per_hit,7,-6.4257,-3.1556,-0.3265,1.1828,2.4086,3.953,5.8824,0.6862,3.8032,1.4839
family_class,family_spell_sustained:warrior,upper_quartile_proxy,7,total_mana,7,135,135.6,139,150,153.5,165.2,179,149.8571,15.0713,8
family_class,family_spell_sustained:warrior,upper_quartile_proxy,7,walk_speed,7,5,45.2,80,94,126,163.2,192,100.4286,58.3834,22
family_class,family_spell_sustained:warrior,upper_quartile_proxy,7,attack_tier,7,-2,-0.8,0,0,0,0,0,-0.2857,0.7559,0
family_class,family_spell_sustained:warrior,upper_quartile_proxy,7,attacks_per_second,7,0.51,0.702,1.165,2.05,3.1,3.1,3.1,2.0271,1.1155,1.05
family_class,family_spell_sustained:warrior,upper_quartile_proxy,7,poison,7,0,0,0,0,4250,10115.6,12539,3005.5714,5263.7487,0
family_class,family_spell_sustained:warrior,upper_quartile_proxy,7,main_attack_range_pct,7,0,0,0,0,0,0,0,0,0,0
family_class,family_spell_sustained:warrior,upper_quartile_proxy,7,main_attack_range_blocks,7,2,2,2,2,2,2,2,2,0,0
family_class,family_spell_sustained:warrior,upper_quartile_proxy,7,main_attack_dps,7,1355.7751,1647.6766,2108.8065,2578.0778,4918.4608,6433.6901,7426.5136,3630.7002,2244.9555,1222.3027
family_class,family_spell_sustained:warrior,upper_quartile_proxy,7,spell_display_avg_max,7,24486.34,27765.264,31803.4286,35527.3022,47036.0632,53651.5972,55220.3616,38987.5696,11456.0554,5939.0698
family_class,family_spell_sustained:warrior,upper_quartile_proxy,7,spell_display_avg_sum,7,61137.2271,65653.2223,70621.5329,75342.8922,95713.2392,98837.6226,100564.3315,81387.7136,15663.5434,14205.6651
family_class,family_spell_sustained:warrior,upper_quartile_proxy,7,heal_pct,7,-8,-3.2,0,0,0,4.4,11,0.4286,5.5334,0
family_class,family_spell_sustained:warrior,upper_quartile_proxy,7,skill_points_assigned,7,158,162.2,175.5,190,194,196.8,198,183.5714,15.7041,6
family_class,family_spell_sustained:warrior,solver_default,7,total_hp,7,7150,8128,8949,10835,13222.5,14425,15760,11155.4286,3051.8537,2075
family_class,family_spell_sustained:warrior,solver_default,7,ehp,7,7150,9361,13858.9959,26179.0053,28427.9814,31855.6557,35765.2315,21952.5988,10506.1917,9296.0135
family_class,family_spell_sustained:warrior,solver_default,7,ehp_no_agi,7,7150,8407.4261,10040.3551,14190.9258,20115.9686,25214.9683,25388.391,15291.7092,7326.5919,4945.2156
family_class,family_spell_sustained:warrior,solver_default,7,hpr,7,0,0,0,0,143.5,370.6,496,111.8571,200.3334,0
family_class,family_spell_sustained:warrior,solver_default,7,ehpr,7,0,0,0,0,325.1178,840.3839,1125.6063,253.6917,454.474,0
family_class,family_spell_sustained:warrior,solver_default,7,ls,7,-256,-256,-256,0,121,428.4,708,26,353.9548,256
family_class,family_spell_sustained:warrior,solver_default,7,effective_ls,7,-495.1478,-482.4666,-365.0062,0,274.5935,612.7121,708,4.5752,472.2497,474.0125
family_class,family_spell_sustained:warrior,solver_default,7,mr,7,-95,-62,-32,-20,0,16.8,36,-20.4286,40.8406,20
family_class,family_spell_sustained:warrior,solver_default,7,total_mr,7,-70,-37,-7,5,25,41.8,61,4.5714,40.8406,20
family_class,family_spell_sustained:warrior,solver_default,7,ms,7,-13,-7,1.5,13,15.5,18,21,7.8571,12.0614,7
family_class,family_spell_sustained:warrior,solver_default,7,mana_per_hit,7,-5.2209,-2.381,0.0787,1.3978,2.9069,6.0549,9.8039,1.7074,4.5335,1.8856
family_class,family_spell_sustained:warrior,solver_default,7,total_mana,7,135,135.6,139,150,153.5,169.2,189,151.2857,18.4003,8
family_class,family_spell_sustained:warrior,solver_default,7,walk_speed,7,8,48.8,84.5,99,131,169,202,105.7143,60.1379,23
family_class,family_spell_sustained:warrior,solver_default,7,attack_tier,7,-2,-0.8,0,0,0,0,0,-0.2857,0.7559,0
family_class,family_spell_sustained:warrior,solver_default,7,attacks_per_second,7,0.51,0.702,1.165,2.05,3.1,3.1,3.1,2.0271,1.1155,1.05
family_class,family_spell_sustained:warrior,solver_default,7,poison,7,0,0,0,0,4250,10269.2,12923,3060.4286,5380.3712,0
family_class,family_spell_sustained:warrior,solver_default,7,main_attack_range_pct,7,0,0,0,0,0,0,0,0,0,0
family_class,family_spell_sustained:warrior,solver_default,7,main_attack_range_blocks,7,2,2,2,2,2,2,2,2,0,0
family_class,family_spell_sustained:warrior,solver_default,7,main_attack_dps,7,1448.8975,1713.4349,2158.7243,2694.1638,5116.2587,6734.3832,7669.2062,3766.0333,2334.1744,1245.2663
family_class,family_spell_sustained:warrior,solver_default,7,spell_display_avg_max,7,25161.7865,29004.0283,33227.972,36501.3007,48720.8669,55478.9109,57013.422,40367.741,11804.377,6484.5297
family_class,family_spell_sustained:warrior,solver_default,7,spell_display_avg_sum,7,63382.1965,67703.3182,73541.3629,77289.457,98953.5064,102206.726,104234.7622,84270.8792,16174.8692,13907.2605
family_class,family_spell_sustained:warrior,solver_default,7,heal_pct,7,-8,-3.2,0,0,0,5.2,13,0.7143,6.1837,0
family_class,family_spell_sustained:warrior,solver_default,7,skill_points_assigned,7,158,162.2,175.5,190,194,196.8,198,183.5714,15.7041,6
family_class,family_spell_sustained:warrior,maximum,7,total_hp,7,7510,8407,9220,10835,13222.5,14425,15760,11284.2857,2909.8331,2075
family_class,family_spell_sustained:warrior,maximum,7,ehp,7,7510,9505,14152.4763,26179.0053,28781.7118,31855.6557,35765.2315,22188.9447,10442.3408,8709.0527
family_class,family_spell_sustained:warrior,maximum,7,ehp_no_agi,7,7510,8693.5868,10158.8224,14190.9258,20379.0213,25214.9683,25388.391,15452.1434,7227.9731,4708.2811
family_class,family_spell_sustained:warrior,maximum,7,hpr,7,0,0,0,0,147,413.2,592,126.5714,232.6506,0
family_class,family_spell_sustained:warrior,maximum,7,ehpr,7,0,0,0,0,333.0475,937.0432,1343.4655,287.0801,527.8379,0
family_class,family_spell_sustained:warrior,maximum,7,ls,7,-227,-227,-227,0,136.5,483.8,800,56,375.7579,227
family_class,family_spell_sustained:warrior,maximum,7,effective_ls,7,-439.0568,-427.8122,-323.6579,0,309.7687,691.7224,800,47.595,488.0121,420.3158
family_class,family_spell_sustained:warrior,maximum,7,mr,7,-95,-62,-32,-20,0,16.8,36,-20.4286,40.8406,20
family_class,family_spell_sustained:warrior,maximum,7,total_mr,7,-70,-37,-7,5,25,41.8,61,4.5714,40.8406,20
family_class,family_spell_sustained:warrior,maximum,7,ms,7,-13,-7,1.5,13,15.5,18,21,7.8571,12.0614,7
family_class,family_spell_sustained:warrior,maximum,7,mana_per_hit,7,-5.2209,-2.381,0.0787,1.3978,2.9069,6.0549,9.8039,1.7074,4.5335,1.8856
family_class,family_spell_sustained:warrior,maximum,7,total_mana,7,135,135.6,139,150,153.5,169.2,189,151.2857,18.4003,8
family_class,family_spell_sustained:warrior,maximum,7,walk_speed,7,15,55.2,92.5,106,137.5,177.8,218,114.1429,62.3095,24
family_class,family_spell_sustained:warrior,maximum,7,attack_tier,7,-2,-0.8,0,0,0,0,0,-0.2857,0.7559,0
family_class,family_spell_sustained:warrior,maximum,7,attacks_per_second,7,0.51,0.702,1.165,2.05,3.1,3.1,3.1,2.0271,1.1155,1.05
family_class,family_spell_sustained:warrior,maximum,7,poison,7,0,0,0,0,4250,10500,13500,3142.8571,5558.1343,0
family_class,family_spell_sustained:warrior,maximum,7,main_attack_range_pct,7,0,0,0,0,0,0,0,0,0,0
family_class,family_spell_sustained:warrior,maximum,7,main_attack_range_blocks,7,2,2,2,2,2,2,2,2,0,0
family_class,family_spell_sustained:warrior,maximum,7,main_attack_dps,7,1598.6379,1813.5503,2241.6534,2875.0577,5423.2688,7211.8181,8079.1547,3983.2421,2483.1617,1276.4198
family_class,family_spell_sustained:warrior,maximum,7,spell_display_avg_max,7,26262.0752,30875.4136,35365.6397,37802.9358,51439.202,58445.2805,60054.7823,42532.7824,12449.3488,7703.1889
family_class,family_spell_sustained:warrior,maximum,7,spell_display_avg_sum,7,66825.0356,70958.8093,76804.9026,82290.25,104223.5917,107864.2948,110359.0295,88790.1862,17226.5622,15465.2144
family_class,family_spell_sustained:warrior,maximum,7,heal_pct,7,-7,-2.8,0,0,0,6,15,1.1429,6.644,0
family_class,family_spell_sustained:warrior,maximum,7,skill_points_assigned,7,158,162.2,175.5,190,194,196.8,198,183.5714,15.7041,6
family_class,family_spellsteal:warrior,median,1,total_hp,1,15110,15110,15110,15110,15110,15110,15110,15110,0,0
family_class,family_spellsteal:warrior,median,1,ehp,1,34632.7941,34632.7941,34632.7941,34632.7941,34632.7941,34632.7941,34632.7941,34632.7941,0,0
family_class,family_spellsteal:warrior,median,1,ehp_no_agi,1,33858.4121,33858.4121,33858.4121,33858.4121,33858.4121,33858.4121,33858.4121,33858.4121,0,0
family_class,family_spellsteal:warrior,median,1,hpr,1,1141,1141,1141,1141,1141,1141,1141,1141,0,0
family_class,family_spellsteal:warrior,median,1,ehpr,1,2615.2229,2615.2229,2615.2229,2615.2229,2615.2229,2615.2229,2615.2229,2615.2229,0,0
family_class,family_spellsteal:warrior,median,1,ls,1,-250,-250,-250,-250,-250,-250,-250,-250,0,0
family_class,family_spellsteal:warrior,median,1,effective_ls,1,-573.0112,-573.0112,-573.0112,-573.0112,-573.0112,-573.0112,-573.0112,-573.0112,0,0
family_class,family_spellsteal:warrior,median,1,mr,1,64,64,64,64,64,64,64,64,0,0
family_class,family_spellsteal:warrior,median,1,total_mr,1,89,89,89,89,89,89,89,89,0,0
family_class,family_spellsteal:warrior,median,1,ms,1,0,0,0,0,0,0,0,0,0,0
family_class,family_spellsteal:warrior,median,1,mana_per_hit,1,0,0,0,0,0,0,0,0,0,0
family_class,family_spellsteal:warrior,median,1,total_mana,1,241,241,241,241,241,241,241,241,0,0
family_class,family_spellsteal:warrior,median,1,walk_speed,1,6,6,6,6,6,6,6,6,0,0
family_class,family_spellsteal:warrior,median,1,attack_tier,1,0,0,0,0,0,0,0,0,0,0
family_class,family_spellsteal:warrior,median,1,attacks_per_second,1,2.05,2.05,2.05,2.05,2.05,2.05,2.05,2.05,0,0
family_class,family_spellsteal:warrior,median,1,poison,1,0,0,0,0,0,0,0,0,0,0
family_class,family_spellsteal:warrior,median,1,main_attack_range_pct,1,0,0,0,0,0,0,0,0,0,0
family_class,family_spellsteal:warrior,median,1,main_attack_range_blocks,1,1,1,1,1,1,1,1,1,0,0
family_class,family_spellsteal:warrior,median,1,main_attack_dps,1,1003.3284,1003.3284,1003.3284,1003.3284,1003.3284,1003.3284,1003.3284,1003.3284,0,0
family_class,family_spellsteal:warrior,median,1,spell_display_avg_max,1,15631.5826,15631.5826,15631.5826,15631.5826,15631.5826,15631.5826,15631.5826,15631.5826,0,0
family_class,family_spellsteal:warrior,median,1,spell_display_avg_sum,1,45795.1478,45795.1478,45795.1478,45795.1478,45795.1478,45795.1478,45795.1478,45795.1478,0,0
family_class,family_spellsteal:warrior,median,1,heal_pct,1,-30,-30,-30,-30,-30,-30,-30,-30,0,0
family_class,family_spellsteal:warrior,median,1,skill_points_assigned,1,181,181,181,181,181,181,181,181,0,0
archetype_class,none:warrior,median,1,total_hp,1,15110,15110,15110,15110,15110,15110,15110,15110,0,0
archetype_class,none:warrior,median,1,ehp,1,34632.7941,34632.7941,34632.7941,34632.7941,34632.7941,34632.7941,34632.7941,34632.7941,0,0
archetype_class,none:warrior,median,1,ehp_no_agi,1,33858.4121,33858.4121,33858.4121,33858.4121,33858.4121,33858.4121,33858.4121,33858.4121,0,0
archetype_class,none:warrior,median,1,hpr,1,1141,1141,1141,1141,1141,1141,1141,1141,0,0
archetype_class,none:warrior,median,1,ehpr,1,2615.2229,2615.2229,2615.2229,2615.2229,2615.2229,2615.2229,2615.2229,2615.2229,0,0
archetype_class,none:warrior,median,1,ls,1,-250,-250,-250,-250,-250,-250,-250,-250,0,0
archetype_class,none:warrior,median,1,effective_ls,1,-573.0112,-573.0112,-573.0112,-573.0112,-573.0112,-573.0112,-573.0112,-573.0112,0,0
archetype_class,none:warrior,median,1,mr,1,64,64,64,64,64,64,64,64,0,0
archetype_class,none:warrior,median,1,total_mr,1,89,89,89,89,89,89,89,89,0,0
archetype_class,none:warrior,median,1,ms,1,0,0,0,0,0,0,0,0,0,0
archetype_class,none:warrior,median,1,mana_per_hit,1,0,0,0,0,0,0,0,0,0,0
archetype_class,none:warrior,median,1,total_mana,1,241,241,241,241,241,241,241,241,0,0
archetype_class,none:warrior,median,1,walk_speed,1,6,6,6,6,6,6,6,6,0,0
archetype_class,none:warrior,median,1,attack_tier,1,0,0,0,0,0,0,0,0,0,0
archetype_class,none:warrior,median,1,attacks_per_second,1,2.05,2.05,2.05,2.05,2.05,2.05,2.05,2.05,0,0
archetype_class,none:warrior,median,1,poison,1,0,0,0,0,0,0,0,0,0,0
archetype_class,none:warrior,median,1,main_attack_range_pct,1,0,0,0,0,0,0,0,0,0,0
archetype_class,none:warrior,median,1,main_attack_range_blocks,1,1,1,1,1,1,1,1,1,0,0
archetype_class,none:warrior,median,1,main_attack_dps,1,1003.3284,1003.3284,1003.3284,1003.3284,1003.3284,1003.3284,1003.3284,1003.3284,0,0
archetype_class,none:warrior,median,1,spell_display_avg_max,1,15631.5826,15631.5826,15631.5826,15631.5826,15631.5826,15631.5826,15631.5826,15631.5826,0,0
archetype_class,none:warrior,median,1,spell_display_avg_sum,1,45795.1478,45795.1478,45795.1478,45795.1478,45795.1478,45795.1478,45795.1478,45795.1478,0,0
archetype_class,none:warrior,median,1,heal_pct,1,-30,-30,-30,-30,-30,-30,-30,-30,0,0
archetype_class,none:warrior,median,1,skill_points_assigned,1,181,181,181,181,181,181,181,181,0,0
family_class,family_spellsteal:warrior,upper_quartile_proxy,1,total_hp,1,15110,15110,15110,15110,15110,15110,15110,15110,0,0
family_class,family_spellsteal:warrior,upper_quartile_proxy,1,ehp,1,34632.7941,34632.7941,34632.7941,34632.7941,34632.7941,34632.7941,34632.7941,34632.7941,0,0
family_class,family_spellsteal:warrior,upper_quartile_proxy,1,ehp_no_agi,1,33858.4121,33858.4121,33858.4121,33858.4121,33858.4121,33858.4121,33858.4121,33858.4121,0,0
family_class,family_spellsteal:warrior,upper_quartile_proxy,1,hpr,1,1497,1497,1497,1497,1497,1497,1497,1497,0,0
family_class,family_spellsteal:warrior,upper_quartile_proxy,1,ehpr,1,3431.1908,3431.1908,3431.1908,3431.1908,3431.1908,3431.1908,3431.1908,3431.1908,0,0
family_class,family_spellsteal:warrior,upper_quartile_proxy,1,ls,1,-212,-212,-212,-212,-212,-212,-212,-212,0,0
family_class,family_spellsteal:warrior,upper_quartile_proxy,1,effective_ls,1,-485.9135,-485.9135,-485.9135,-485.9135,-485.9135,-485.9135,-485.9135,-485.9135,0,0
family_class,family_spellsteal:warrior,upper_quartile_proxy,1,mr,1,81,81,81,81,81,81,81,81,0,0
family_class,family_spellsteal:warrior,upper_quartile_proxy,1,total_mr,1,106,106,106,106,106,106,106,106,0,0
family_class,family_spellsteal:warrior,upper_quartile_proxy,1,ms,1,0,0,0,0,0,0,0,0,0,0
family_class,family_spellsteal:warrior,upper_quartile_proxy,1,mana_per_hit,1,0,0,0,0,0,0,0,0,0,0
family_class,family_spellsteal:warrior,upper_quartile_proxy,1,total_mana,1,260,260,260,260,260,260,260,260,0,0
family_class,family_spellsteal:warrior,upper_quartile_proxy,1,walk_speed,1,8,8,8,8,8,8,8,8,0,0
family_class,family_spellsteal:warrior,upper_quartile_proxy,1,attack_tier,1,0,0,0,0,0,0,0,0,0,0
family_class,family_spellsteal:warrior,upper_quartile_proxy,1,attacks_per_second,1,2.05,2.05,2.05,2.05,2.05,2.05,2.05,2.05,0,0
family_class,family_spellsteal:warrior,upper_quartile_proxy,1,poison,1,0,0,0,0,0,0,0,0,0,0
family_class,family_spellsteal:warrior,upper_quartile_proxy,1,main_attack_range_pct,1,0,0,0,0,0,0,0,0,0,0
family_class,family_spellsteal:warrior,upper_quartile_proxy,1,main_attack_range_blocks,1,1,1,1,1,1,1,1,1,0,0
family_class,family_spellsteal:warrior,upper_quartile_proxy,1,main_attack_dps,1,1122.8628,1122.8628,1122.8628,1122.8628,1122.8628,1122.8628,1122.8628,1122.8628,0,0
family_class,family_spellsteal:warrior,upper_quartile_proxy,1,spell_display_avg_max,1,18015.0325,18015.0325,18015.0325,18015.0325,18015.0325,18015.0325,18015.0325,18015.0325,0,0
family_class,family_spellsteal:warrior,upper_quartile_proxy,1,spell_display_avg_sum,1,52800.2835,52800.2835,52800.2835,52800.2835,52800.2835,52800.2835,52800.2835,52800.2835,0,0
family_class,family_spellsteal:warrior,upper_quartile_proxy,1,heal_pct,1,-25,-25,-25,-25,-25,-25,-25,-25,0,0
family_class,family_spellsteal:warrior,upper_quartile_proxy,1,skill_points_assigned,1,181,181,181,181,181,181,181,181,0,0
archetype_class,none:warrior,upper_quartile_proxy,1,total_hp,1,15110,15110,15110,15110,15110,15110,15110,15110,0,0
archetype_class,none:warrior,upper_quartile_proxy,1,ehp,1,34632.7941,34632.7941,34632.7941,34632.7941,34632.7941,34632.7941,34632.7941,34632.7941,0,0
archetype_class,none:warrior,upper_quartile_proxy,1,ehp_no_agi,1,33858.4121,33858.4121,33858.4121,33858.4121,33858.4121,33858.4121,33858.4121,33858.4121,0,0
archetype_class,none:warrior,upper_quartile_proxy,1,hpr,1,1497,1497,1497,1497,1497,1497,1497,1497,0,0
archetype_class,none:warrior,upper_quartile_proxy,1,ehpr,1,3431.1908,3431.1908,3431.1908,3431.1908,3431.1908,3431.1908,3431.1908,3431.1908,0,0
archetype_class,none:warrior,upper_quartile_proxy,1,ls,1,-212,-212,-212,-212,-212,-212,-212,-212,0,0
archetype_class,none:warrior,upper_quartile_proxy,1,effective_ls,1,-485.9135,-485.9135,-485.9135,-485.9135,-485.9135,-485.9135,-485.9135,-485.9135,0,0
archetype_class,none:warrior,upper_quartile_proxy,1,mr,1,81,81,81,81,81,81,81,81,0,0
archetype_class,none:warrior,upper_quartile_proxy,1,total_mr,1,106,106,106,106,106,106,106,106,0,0
archetype_class,none:warrior,upper_quartile_proxy,1,ms,1,0,0,0,0,0,0,0,0,0,0
archetype_class,none:warrior,upper_quartile_proxy,1,mana_per_hit,1,0,0,0,0,0,0,0,0,0,0
archetype_class,none:warrior,upper_quartile_proxy,1,total_mana,1,260,260,260,260,260,260,260,260,0,0
archetype_class,none:warrior,upper_quartile_proxy,1,walk_speed,1,8,8,8,8,8,8,8,8,0,0
archetype_class,none:warrior,upper_quartile_proxy,1,attack_tier,1,0,0,0,0,0,0,0,0,0,0
archetype_class,none:warrior,upper_quartile_proxy,1,attacks_per_second,1,2.05,2.05,2.05,2.05,2.05,2.05,2.05,2.05,0,0
archetype_class,none:warrior,upper_quartile_proxy,1,poison,1,0,0,0,0,0,0,0,0,0,0
archetype_class,none:warrior,upper_quartile_proxy,1,main_attack_range_pct,1,0,0,0,0,0,0,0,0,0,0
archetype_class,none:warrior,upper_quartile_proxy,1,main_attack_range_blocks,1,1,1,1,1,1,1,1,1,0,0
archetype_class,none:warrior,upper_quartile_proxy,1,main_attack_dps,1,1122.8628,1122.8628,1122.8628,1122.8628,1122.8628,1122.8628,1122.8628,1122.8628,0,0
archetype_class,none:warrior,upper_quartile_proxy,1,spell_display_avg_max,1,18015.0325,18015.0325,18015.0325,18015.0325,18015.0325,18015.0325,18015.0325,18015.0325,0,0
archetype_class,none:warrior,upper_quartile_proxy,1,spell_display_avg_sum,1,52800.2835,52800.2835,52800.2835,52800.2835,52800.2835,52800.2835,52800.2835,52800.2835,0,0
archetype_class,none:warrior,upper_quartile_proxy,1,heal_pct,1,-25,-25,-25,-25,-25,-25,-25,-25,0,0
archetype_class,none:warrior,upper_quartile_proxy,1,skill_points_assigned,1,181,181,181,181,181,181,181,181,0,0
family_class,family_spellsteal:warrior,solver_default,1,total_hp,1,15110,15110,15110,15110,15110,15110,15110,15110,0,0
family_class,family_spellsteal:warrior,solver_default,1,ehp,1,34632.7941,34632.7941,34632.7941,34632.7941,34632.7941,34632.7941,34632.7941,34632.7941,0,0
family_class,family_spellsteal:warrior,solver_default,1,ehp_no_agi,1,33858.4121,33858.4121,33858.4121,33858.4121,33858.4121,33858.4121,33858.4121,33858.4121,0,0
family_class,family_spellsteal:warrior,solver_default,1,hpr,1,1640,1640,1640,1640,1640,1640,1640,1640,0,0
family_class,family_spellsteal:warrior,solver_default,1,ehpr,1,3758.9532,3758.9532,3758.9532,3758.9532,3758.9532,3758.9532,3758.9532,3758.9532,0,0
family_class,family_spellsteal:warrior,solver_default,1,ls,1,-197,-197,-197,-197,-197,-197,-197,-197,0,0
family_class,family_spellsteal:warrior,solver_default,1,effective_ls,1,-451.5328,-451.5328,-451.5328,-451.5328,-451.5328,-451.5328,-451.5328,-451.5328,0,0
family_class,family_spellsteal:warrior,solver_default,1,mr,1,96,96,96,96,96,96,96,96,0,0
family_class,family_spellsteal:warrior,solver_default,1,total_mr,1,121,121,121,121,121,121,121,121,0,0
family_class,family_spellsteal:warrior,solver_default,1,ms,1,0,0,0,0,0,0,0,0,0,0
family_class,family_spellsteal:warrior,solver_default,1,mana_per_hit,1,0,0,0,0,0,0,0,0,0,0
family_class,family_spellsteal:warrior,solver_default,1,total_mana,1,279,279,279,279,279,279,279,279,0,0
family_class,family_spellsteal:warrior,solver_default,1,walk_speed,1,9,9,9,9,9,9,9,9,0,0
family_class,family_spellsteal:warrior,solver_default,1,attack_tier,1,0,0,0,0,0,0,0,0,0,0
family_class,family_spellsteal:warrior,solver_default,1,attacks_per_second,1,2.05,2.05,2.05,2.05,2.05,2.05,2.05,2.05,0,0
family_class,family_spellsteal:warrior,solver_default,1,poison,1,0,0,0,0,0,0,0,0,0,0
family_class,family_spellsteal:warrior,solver_default,1,main_attack_range_pct,1,0,0,0,0,0,0,0,0,0,0
family_class,family_spellsteal:warrior,solver_default,1,main_attack_range_blocks,1,1,1,1,1,1,1,1,1,0,0
family_class,family_spellsteal:warrior,solver_default,1,main_attack_dps,1,1173.2855,1173.2855,1173.2855,1173.2855,1173.2855,1173.2855,1173.2855,1173.2855,0,0
family_class,family_spellsteal:warrior,solver_default,1,spell_display_avg_max,1,19089.5194,19089.5194,19089.5194,19089.5194,19089.5194,19089.5194,19089.5194,19089.5194,0,0
family_class,family_spellsteal:warrior,solver_default,1,spell_display_avg_sum,1,55841.1164,55841.1164,55841.1164,55841.1164,55841.1164,55841.1164,55841.1164,55841.1164,0,0
family_class,family_spellsteal:warrior,solver_default,1,heal_pct,1,-24,-24,-24,-24,-24,-24,-24,-24,0,0
family_class,family_spellsteal:warrior,solver_default,1,skill_points_assigned,1,181,181,181,181,181,181,181,181,0,0
archetype_class,none:warrior,solver_default,1,total_hp,1,15110,15110,15110,15110,15110,15110,15110,15110,0,0
archetype_class,none:warrior,solver_default,1,ehp,1,34632.7941,34632.7941,34632.7941,34632.7941,34632.7941,34632.7941,34632.7941,34632.7941,0,0
archetype_class,none:warrior,solver_default,1,ehp_no_agi,1,33858.4121,33858.4121,33858.4121,33858.4121,33858.4121,33858.4121,33858.4121,33858.4121,0,0
archetype_class,none:warrior,solver_default,1,hpr,1,1640,1640,1640,1640,1640,1640,1640,1640,0,0
archetype_class,none:warrior,solver_default,1,ehpr,1,3758.9532,3758.9532,3758.9532,3758.9532,3758.9532,3758.9532,3758.9532,3758.9532,0,0
archetype_class,none:warrior,solver_default,1,ls,1,-197,-197,-197,-197,-197,-197,-197,-197,0,0
archetype_class,none:warrior,solver_default,1,effective_ls,1,-451.5328,-451.5328,-451.5328,-451.5328,-451.5328,-451.5328,-451.5328,-451.5328,0,0
archetype_class,none:warrior,solver_default,1,mr,1,96,96,96,96,96,96,96,96,0,0
archetype_class,none:warrior,solver_default,1,total_mr,1,121,121,121,121,121,121,121,121,0,0
archetype_class,none:warrior,solver_default,1,ms,1,0,0,0,0,0,0,0,0,0,0
archetype_class,none:warrior,solver_default,1,mana_per_hit,1,0,0,0,0,0,0,0,0,0,0
archetype_class,none:warrior,solver_default,1,total_mana,1,279,279,279,279,279,279,279,279,0,0
archetype_class,none:warrior,solver_default,1,walk_speed,1,9,9,9,9,9,9,9,9,0,0
archetype_class,none:warrior,solver_default,1,attack_tier,1,0,0,0,0,0,0,0,0,0,0
archetype_class,none:warrior,solver_default,1,attacks_per_second,1,2.05,2.05,2.05,2.05,2.05,2.05,2.05,2.05,0,0
archetype_class,none:warrior,solver_default,1,poison,1,0,0,0,0,0,0,0,0,0,0
archetype_class,none:warrior,solver_default,1,main_attack_range_pct,1,0,0,0,0,0,0,0,0,0,0
archetype_class,none:warrior,solver_default,1,main_attack_range_blocks,1,1,1,1,1,1,1,1,1,0,0
archetype_class,none:warrior,solver_default,1,main_attack_dps,1,1173.2855,1173.2855,1173.2855,1173.2855,1173.2855,1173.2855,1173.2855,1173.2855,0,0
archetype_class,none:warrior,solver_default,1,spell_display_avg_max,1,19089.5194,19089.5194,19089.5194,19089.5194,19089.5194,19089.5194,19089.5194,19089.5194,0,0
archetype_class,none:warrior,solver_default,1,spell_display_avg_sum,1,55841.1164,55841.1164,55841.1164,55841.1164,55841.1164,55841.1164,55841.1164,55841.1164,0,0
archetype_class,none:warrior,solver_default,1,heal_pct,1,-24,-24,-24,-24,-24,-24,-24,-24,0,0
archetype_class,none:warrior,solver_default,1,skill_points_assigned,1,181,181,181,181,181,181,181,181,0,0
family_class,family_spellsteal:warrior,maximum,1,total_hp,1,15110,15110,15110,15110,15110,15110,15110,15110,0,0
family_class,family_spellsteal:warrior,maximum,1,ehp,1,34632.7941,34632.7941,34632.7941,34632.7941,34632.7941,34632.7941,34632.7941,34632.7941,0,0
family_class,family_spellsteal:warrior,maximum,1,ehp_no_agi,1,33858.4121,33858.4121,33858.4121,33858.4121,33858.4121,33858.4121,33858.4121,33858.4121,0,0
family_class,family_spellsteal:warrior,maximum,1,hpr,1,1853,1853,1853,1853,1853,1853,1853,1853,0,0
family_class,family_spellsteal:warrior,maximum,1,ehpr,1,4247.1587,4247.1587,4247.1587,4247.1587,4247.1587,4247.1587,4247.1587,4247.1587,0,0
family_class,family_spellsteal:warrior,maximum,1,ls,1,-175,-175,-175,-175,-175,-175,-175,-175,0,0
family_class,family_spellsteal:warrior,maximum,1,effective_ls,1,-401.1078,-401.1078,-401.1078,-401.1078,-401.1078,-401.1078,-401.1078,-401.1078,0,0
family_class,family_spellsteal:warrior,maximum,1,mr,1,96,96,96,96,96,96,96,96,0,0
family_class,family_spellsteal:warrior,maximum,1,total_mr,1,121,121,121,121,121,121,121,121,0,0
family_class,family_spellsteal:warrior,maximum,1,ms,1,0,0,0,0,0,0,0,0,0,0
family_class,family_spellsteal:warrior,maximum,1,mana_per_hit,1,0,0,0,0,0,0,0,0,0,0
family_class,family_spellsteal:warrior,maximum,1,total_mana,1,279,279,279,279,279,279,279,279,0,0
family_class,family_spellsteal:warrior,maximum,1,walk_speed,1,10,10,10,10,10,10,10,10,0,0
family_class,family_spellsteal:warrior,maximum,1,attack_tier,1,0,0,0,0,0,0,0,0,0,0
family_class,family_spellsteal:warrior,maximum,1,attacks_per_second,1,2.05,2.05,2.05,2.05,2.05,2.05,2.05,2.05,0,0
family_class,family_spellsteal:warrior,maximum,1,poison,1,0,0,0,0,0,0,0,0,0,0
family_class,family_spellsteal:warrior,maximum,1,main_attack_range_pct,1,0,0,0,0,0,0,0,0,0,0
family_class,family_spellsteal:warrior,maximum,1,main_attack_range_blocks,1,1,1,1,1,1,1,1,1,0,0
family_class,family_spellsteal:warrior,maximum,1,main_attack_dps,1,1244.2208,1244.2208,1244.2208,1244.2208,1244.2208,1244.2208,1244.2208,1244.2208,0,0
family_class,family_spellsteal:warrior,maximum,1,spell_display_avg_max,1,20636.9473,20636.9473,20636.9473,20636.9473,20636.9473,20636.9473,20636.9473,20636.9473,0,0
family_class,family_spellsteal:warrior,maximum,1,spell_display_avg_sum,1,60272.0423,60272.0423,60272.0423,60272.0423,60272.0423,60272.0423,60272.0423,60272.0423,0,0
family_class,family_spellsteal:warrior,maximum,1,heal_pct,1,-21,-21,-21,-21,-21,-21,-21,-21,0,0
family_class,family_spellsteal:warrior,maximum,1,skill_points_assigned,1,181,181,181,181,181,181,181,181,0,0
archetype_class,none:warrior,maximum,1,total_hp,1,15110,15110,15110,15110,15110,15110,15110,15110,0,0
archetype_class,none:warrior,maximum,1,ehp,1,34632.7941,34632.7941,34632.7941,34632.7941,34632.7941,34632.7941,34632.7941,34632.7941,0,0
archetype_class,none:warrior,maximum,1,ehp_no_agi,1,33858.4121,33858.4121,33858.4121,33858.4121,33858.4121,33858.4121,33858.4121,33858.4121,0,0
archetype_class,none:warrior,maximum,1,hpr,1,1853,1853,1853,1853,1853,1853,1853,1853,0,0
archetype_class,none:warrior,maximum,1,ehpr,1,4247.1587,4247.1587,4247.1587,4247.1587,4247.1587,4247.1587,4247.1587,4247.1587,0,0
archetype_class,none:warrior,maximum,1,ls,1,-175,-175,-175,-175,-175,-175,-175,-175,0,0
archetype_class,none:warrior,maximum,1,effective_ls,1,-401.1078,-401.1078,-401.1078,-401.1078,-401.1078,-401.1078,-401.1078,-401.1078,0,0
archetype_class,none:warrior,maximum,1,mr,1,96,96,96,96,96,96,96,96,0,0
archetype_class,none:warrior,maximum,1,total_mr,1,121,121,121,121,121,121,121,121,0,0
archetype_class,none:warrior,maximum,1,ms,1,0,0,0,0,0,0,0,0,0,0
archetype_class,none:warrior,maximum,1,mana_per_hit,1,0,0,0,0,0,0,0,0,0,0
archetype_class,none:warrior,maximum,1,total_mana,1,279,279,279,279,279,279,279,279,0,0
archetype_class,none:warrior,maximum,1,walk_speed,1,10,10,10,10,10,10,10,10,0,0
archetype_class,none:warrior,maximum,1,attack_tier,1,0,0,0,0,0,0,0,0,0,0
archetype_class,none:warrior,maximum,1,attacks_per_second,1,2.05,2.05,2.05,2.05,2.05,2.05,2.05,2.05,0,0
archetype_class,none:warrior,maximum,1,poison,1,0,0,0,0,0,0,0,0,0,0
archetype_class,none:warrior,maximum,1,main_attack_range_pct,1,0,0,0,0,0,0,0,0,0,0
archetype_class,none:warrior,maximum,1,main_attack_range_blocks,1,1,1,1,1,1,1,1,1,0,0
archetype_class,none:warrior,maximum,1,main_attack_dps,1,1244.2208,1244.2208,1244.2208,1244.2208,1244.2208,1244.2208,1244.2208,1244.2208,0,0
archetype_class,none:warrior,maximum,1,spell_display_avg_max,1,20636.9473,20636.9473,20636.9473,20636.9473,20636.9473,20636.9473,20636.9473,20636.9473,0,0
archetype_class,none:warrior,maximum,1,spell_display_avg_sum,1,60272.0423,60272.0423,60272.0423,60272.0423,60272.0423,60272.0423,60272.0423,60272.0423,0,0
archetype_class,none:warrior,maximum,1,heal_pct,1,-21,-21,-21,-21,-21,-21,-21,-21,0,0
archetype_class,none:warrior,maximum,1,skill_points_assigned,1,181,181,181,181,181,181,181,181,0,0
family_class,family_unclassified:warrior,median,1,total_hp,1,16660,16660,16660,16660,16660,16660,16660,16660,0,0
family_class,family_unclassified:warrior,median,1,ehp,1,34482.1232,34482.1232,34482.1232,34482.1232,34482.1232,34482.1232,34482.1232,34482.1232,0,0
family_class,family_unclassified:warrior,median,1,ehp_no_agi,1,33701.9413,33701.9413,33701.9413,33701.9413,33701.9413,33701.9413,33701.9413,33701.9413,0,0
family_class,family_unclassified:warrior,median,1,hpr,1,226,226,226,226,226,226,226,226,0,0
family_class,family_unclassified:warrior,median,1,ehpr,1,467.7647,467.7647,467.7647,467.7647,467.7647,467.7647,467.7647,467.7647,0,0
family_class,family_unclassified:warrior,median,1,ls,1,-250,-250,-250,-250,-250,-250,-250,-250,0,0
family_class,family_unclassified:warrior,median,1,effective_ls,1,-517.4388,-517.4388,-517.4388,-517.4388,-517.4388,-517.4388,-517.4388,-517.4388,0,0
family_class,family_unclassified:warrior,median,1,mr,1,31,31,31,31,31,31,31,31,0,0
family_class,family_unclassified:warrior,median,1,total_mr,1,56,56,56,56,56,56,56,56,0,0
family_class,family_unclassified:warrior,median,1,ms,1,12,12,12,12,12,12,12,12,0,0
family_class,family_unclassified:warrior,median,1,mana_per_hit,1,1.9512,1.9512,1.9512,1.9512,1.9512,1.9512,1.9512,1.9512,0,0
family_class,family_unclassified:warrior,median,1,total_mana,1,230,230,230,230,230,230,230,230,0,0
family_class,family_unclassified:warrior,median,1,walk_speed,1,1,1,1,1,1,1,1,1,0,0
family_class,family_unclassified:warrior,median,1,attack_tier,1,0,0,0,0,0,0,0,0,0,0
family_class,family_unclassified:warrior,median,1,attacks_per_second,1,2.05,2.05,2.05,2.05,2.05,2.05,2.05,2.05,0,0
family_class,family_unclassified:warrior,median,1,poison,1,0,0,0,0,0,0,0,0,0,0
family_class,family_unclassified:warrior,median,1,main_attack_range_pct,1,0,0,0,0,0,0,0,0,0,0
family_class,family_unclassified:warrior,median,1,main_attack_range_blocks,1,1,1,1,1,1,1,1,1,0,0
family_class,family_unclassified:warrior,median,1,main_attack_dps,1,0,0,0,0,0,0,0,0,0,0
family_class,family_unclassified:warrior,median,1,spell_display_avg_max,1,17369.9777,17369.9777,17369.9777,17369.9777,17369.9777,17369.9777,17369.9777,17369.9777,0,0
family_class,family_unclassified:warrior,median,1,spell_display_avg_sum,1,56367.8802,56367.8802,56367.8802,56367.8802,56367.8802,56367.8802,56367.8802,56367.8802,0,0
family_class,family_unclassified:warrior,median,1,heal_pct,1,-30,-30,-30,-30,-30,-30,-30,-30,0,0
family_class,family_unclassified:warrior,median,1,skill_points_assigned,1,191,191,191,191,191,191,191,191,0,0
archetype,Battle Monk,median,1,total_hp,1,16660,16660,16660,16660,16660,16660,16660,16660,0,0
archetype,Battle Monk,median,1,ehp,1,34482.1232,34482.1232,34482.1232,34482.1232,34482.1232,34482.1232,34482.1232,34482.1232,0,0
archetype,Battle Monk,median,1,ehp_no_agi,1,33701.9413,33701.9413,33701.9413,33701.9413,33701.9413,33701.9413,33701.9413,33701.9413,0,0
archetype,Battle Monk,median,1,hpr,1,226,226,226,226,226,226,226,226,0,0
archetype,Battle Monk,median,1,ehpr,1,467.7647,467.7647,467.7647,467.7647,467.7647,467.7647,467.7647,467.7647,0,0
archetype,Battle Monk,median,1,ls,1,-250,-250,-250,-250,-250,-250,-250,-250,0,0
archetype,Battle Monk,median,1,effective_ls,1,-517.4388,-517.4388,-517.4388,-517.4388,-517.4388,-517.4388,-517.4388,-517.4388,0,0
archetype,Battle Monk,median,1,mr,1,31,31,31,31,31,31,31,31,0,0
archetype,Battle Monk,median,1,total_mr,1,56,56,56,56,56,56,56,56,0,0
archetype,Battle Monk,median,1,ms,1,12,12,12,12,12,12,12,12,0,0
archetype,Battle Monk,median,1,mana_per_hit,1,1.9512,1.9512,1.9512,1.9512,1.9512,1.9512,1.9512,1.9512,0,0
archetype,Battle Monk,median,1,total_mana,1,230,230,230,230,230,230,230,230,0,0
archetype,Battle Monk,median,1,walk_speed,1,1,1,1,1,1,1,1,1,0,0
archetype,Battle Monk,median,1,attack_tier,1,0,0,0,0,0,0,0,0,0,0
archetype,Battle Monk,median,1,attacks_per_second,1,2.05,2.05,2.05,2.05,2.05,2.05,2.05,2.05,0,0
archetype,Battle Monk,median,1,poison,1,0,0,0,0,0,0,0,0,0,0
archetype,Battle Monk,median,1,main_attack_range_pct,1,0,0,0,0,0,0,0,0,0,0
archetype,Battle Monk,median,1,main_attack_range_blocks,1,1,1,1,1,1,1,1,1,0,0
archetype,Battle Monk,median,1,main_attack_dps,1,0,0,0,0,0,0,0,0,0,0
archetype,Battle Monk,median,1,spell_display_avg_max,1,17369.9777,17369.9777,17369.9777,17369.9777,17369.9777,17369.9777,17369.9777,17369.9777,0,0
archetype,Battle Monk,median,1,spell_display_avg_sum,1,56367.8802,56367.8802,56367.8802,56367.8802,56367.8802,56367.8802,56367.8802,56367.8802,0,0
archetype,Battle Monk,median,1,heal_pct,1,-30,-30,-30,-30,-30,-30,-30,-30,0,0
archetype,Battle Monk,median,1,skill_points_assigned,1,191,191,191,191,191,191,191,191,0,0
archetype_class,Battle Monk:warrior,median,1,total_hp,1,16660,16660,16660,16660,16660,16660,16660,16660,0,0
archetype_class,Battle Monk:warrior,median,1,ehp,1,34482.1232,34482.1232,34482.1232,34482.1232,34482.1232,34482.1232,34482.1232,34482.1232,0,0
archetype_class,Battle Monk:warrior,median,1,ehp_no_agi,1,33701.9413,33701.9413,33701.9413,33701.9413,33701.9413,33701.9413,33701.9413,33701.9413,0,0
archetype_class,Battle Monk:warrior,median,1,hpr,1,226,226,226,226,226,226,226,226,0,0
archetype_class,Battle Monk:warrior,median,1,ehpr,1,467.7647,467.7647,467.7647,467.7647,467.7647,467.7647,467.7647,467.7647,0,0
archetype_class,Battle Monk:warrior,median,1,ls,1,-250,-250,-250,-250,-250,-250,-250,-250,0,0
archetype_class,Battle Monk:warrior,median,1,effective_ls,1,-517.4388,-517.4388,-517.4388,-517.4388,-517.4388,-517.4388,-517.4388,-517.4388,0,0
archetype_class,Battle Monk:warrior,median,1,mr,1,31,31,31,31,31,31,31,31,0,0
archetype_class,Battle Monk:warrior,median,1,total_mr,1,56,56,56,56,56,56,56,56,0,0
archetype_class,Battle Monk:warrior,median,1,ms,1,12,12,12,12,12,12,12,12,0,0
archetype_class,Battle Monk:warrior,median,1,mana_per_hit,1,1.9512,1.9512,1.9512,1.9512,1.9512,1.9512,1.9512,1.9512,0,0
archetype_class,Battle Monk:warrior,median,1,total_mana,1,230,230,230,230,230,230,230,230,0,0
archetype_class,Battle Monk:warrior,median,1,walk_speed,1,1,1,1,1,1,1,1,1,0,0
archetype_class,Battle Monk:warrior,median,1,attack_tier,1,0,0,0,0,0,0,0,0,0,0
archetype_class,Battle Monk:warrior,median,1,attacks_per_second,1,2.05,2.05,2.05,2.05,2.05,2.05,2.05,2.05,0,0
archetype_class,Battle Monk:warrior,median,1,poison,1,0,0,0,0,0,0,0,0,0,0
archetype_class,Battle Monk:warrior,median,1,main_attack_range_pct,1,0,0,0,0,0,0,0,0,0,0
archetype_class,Battle Monk:warrior,median,1,main_attack_range_blocks,1,1,1,1,1,1,1,1,1,0,0
archetype_class,Battle Monk:warrior,median,1,main_attack_dps,1,0,0,0,0,0,0,0,0,0,0
archetype_class,Battle Monk:warrior,median,1,spell_display_avg_max,1,17369.9777,17369.9777,17369.9777,17369.9777,17369.9777,17369.9777,17369.9777,17369.9777,0,0
archetype_class,Battle Monk:warrior,median,1,spell_display_avg_sum,1,56367.8802,56367.8802,56367.8802,56367.8802,56367.8802,56367.8802,56367.8802,56367.8802,0,0
archetype_class,Battle Monk:warrior,median,1,heal_pct,1,-30,-30,-30,-30,-30,-30,-30,-30,0,0
archetype_class,Battle Monk:warrior,median,1,skill_points_assigned,1,191,191,191,191,191,191,191,191,0,0
family_class,family_unclassified:warrior,upper_quartile_proxy,1,total_hp,1,16660,16660,16660,16660,16660,16660,16660,16660,0,0
family_class,family_unclassified:warrior,upper_quartile_proxy,1,ehp,1,34482.1232,34482.1232,34482.1232,34482.1232,34482.1232,34482.1232,34482.1232,34482.1232,0,0
family_class,family_unclassified:warrior,upper_quartile_proxy,1,ehp_no_agi,1,33701.9413,33701.9413,33701.9413,33701.9413,33701.9413,33701.9413,33701.9413,33701.9413,0,0
family_class,family_unclassified:warrior,upper_quartile_proxy,1,hpr,1,461,461,461,461,461,461,461,461,0,0
family_class,family_unclassified:warrior,upper_quartile_proxy,1,ehpr,1,954.1572,954.1572,954.1572,954.1572,954.1572,954.1572,954.1572,954.1572,0,0
family_class,family_unclassified:warrior,upper_quartile_proxy,1,ls,1,-212,-212,-212,-212,-212,-212,-212,-212,0,0
family_class,family_unclassified:warrior,upper_quartile_proxy,1,effective_ls,1,-438.7881,-438.7881,-438.7881,-438.7881,-438.7881,-438.7881,-438.7881,-438.7881,0,0
family_class,family_unclassified:warrior,upper_quartile_proxy,1,mr,1,38,38,38,38,38,38,38,38,0,0
family_class,family_unclassified:warrior,upper_quartile_proxy,1,total_mr,1,63,63,63,63,63,63,63,63,0,0
family_class,family_unclassified:warrior,upper_quartile_proxy,1,ms,1,12,12,12,12,12,12,12,12,0,0
family_class,family_unclassified:warrior,upper_quartile_proxy,1,mana_per_hit,1,1.9512,1.9512,1.9512,1.9512,1.9512,1.9512,1.9512,1.9512,0,0
family_class,family_unclassified:warrior,upper_quartile_proxy,1,total_mana,1,249,249,249,249,249,249,249,249,0,0
family_class,family_unclassified:warrior,upper_quartile_proxy,1,walk_speed,1,4,4,4,4,4,4,4,4,0,0
family_class,family_unclassified:warrior,upper_quartile_proxy,1,attack_tier,1,0,0,0,0,0,0,0,0,0,0
family_class,family_unclassified:warrior,upper_quartile_proxy,1,attacks_per_second,1,2.05,2.05,2.05,2.05,2.05,2.05,2.05,2.05,0,0
family_class,family_unclassified:warrior,upper_quartile_proxy,1,poison,1,0,0,0,0,0,0,0,0,0,0
family_class,family_unclassified:warrior,upper_quartile_proxy,1,main_attack_range_pct,1,0,0,0,0,0,0,0,0,0,0
family_class,family_unclassified:warrior,upper_quartile_proxy,1,main_attack_range_blocks,1,1,1,1,1,1,1,1,1,0,0
family_class,family_unclassified:warrior,upper_quartile_proxy,1,main_attack_dps,1,1.9856,1.9856,1.9856,1.9856,1.9856,1.9856,1.9856,1.9856,0,0
family_class,family_unclassified:warrior,upper_quartile_proxy,1,spell_display_avg_max,1,20568.9231,20568.9231,20568.9231,20568.9231,20568.9231,20568.9231,20568.9231,20568.9231,0,0
family_class,family_unclassified:warrior,upper_quartile_proxy,1,spell_display_avg_sum,1,66433.326,66433.326,66433.326,66433.326,66433.326,66433.326,66433.326,66433.326,0,0
family_class,family_unclassified:warrior,upper_quartile_proxy,1,heal_pct,1,-25,-25,-25,-25,-25,-25,-25,-25,0,0
family_class,family_unclassified:warrior,upper_quartile_proxy,1,skill_points_assigned,1,191,191,191,191,191,191,191,191,0,0
archetype,Battle Monk,upper_quartile_proxy,1,total_hp,1,16660,16660,16660,16660,16660,16660,16660,16660,0,0
archetype,Battle Monk,upper_quartile_proxy,1,ehp,1,34482.1232,34482.1232,34482.1232,34482.1232,34482.1232,34482.1232,34482.1232,34482.1232,0,0
archetype,Battle Monk,upper_quartile_proxy,1,ehp_no_agi,1,33701.9413,33701.9413,33701.9413,33701.9413,33701.9413,33701.9413,33701.9413,33701.9413,0,0
archetype,Battle Monk,upper_quartile_proxy,1,hpr,1,461,461,461,461,461,461,461,461,0,0
archetype,Battle Monk,upper_quartile_proxy,1,ehpr,1,954.1572,954.1572,954.1572,954.1572,954.1572,954.1572,954.1572,954.1572,0,0
archetype,Battle Monk,upper_quartile_proxy,1,ls,1,-212,-212,-212,-212,-212,-212,-212,-212,0,0
archetype,Battle Monk,upper_quartile_proxy,1,effective_ls,1,-438.7881,-438.7881,-438.7881,-438.7881,-438.7881,-438.7881,-438.7881,-438.7881,0,0
archetype,Battle Monk,upper_quartile_proxy,1,mr,1,38,38,38,38,38,38,38,38,0,0
archetype,Battle Monk,upper_quartile_proxy,1,total_mr,1,63,63,63,63,63,63,63,63,0,0
archetype,Battle Monk,upper_quartile_proxy,1,ms,1,12,12,12,12,12,12,12,12,0,0
archetype,Battle Monk,upper_quartile_proxy,1,mana_per_hit,1,1.9512,1.9512,1.9512,1.9512,1.9512,1.9512,1.9512,1.9512,0,0
archetype,Battle Monk,upper_quartile_proxy,1,total_mana,1,249,249,249,249,249,249,249,249,0,0
archetype,Battle Monk,upper_quartile_proxy,1,walk_speed,1,4,4,4,4,4,4,4,4,0,0
archetype,Battle Monk,upper_quartile_proxy,1,attack_tier,1,0,0,0,0,0,0,0,0,0,0
archetype,Battle Monk,upper_quartile_proxy,1,attacks_per_second,1,2.05,2.05,2.05,2.05,2.05,2.05,2.05,2.05,0,0
archetype,Battle Monk,upper_quartile_proxy,1,poison,1,0,0,0,0,0,0,0,0,0,0
archetype,Battle Monk,upper_quartile_proxy,1,main_attack_range_pct,1,0,0,0,0,0,0,0,0,0,0
archetype,Battle Monk,upper_quartile_proxy,1,main_attack_range_blocks,1,1,1,1,1,1,1,1,1,0,0
archetype,Battle Monk,upper_quartile_proxy,1,main_attack_dps,1,1.9856,1.9856,1.9856,1.9856,1.9856,1.9856,1.9856,1.9856,0,0
archetype,Battle Monk,upper_quartile_proxy,1,spell_display_avg_max,1,20568.9231,20568.9231,20568.9231,20568.9231,20568.9231,20568.9231,20568.9231,20568.9231,0,0
archetype,Battle Monk,upper_quartile_proxy,1,spell_display_avg_sum,1,66433.326,66433.326,66433.326,66433.326,66433.326,66433.326,66433.326,66433.326,0,0
archetype,Battle Monk,upper_quartile_proxy,1,heal_pct,1,-25,-25,-25,-25,-25,-25,-25,-25,0,0
archetype,Battle Monk,upper_quartile_proxy,1,skill_points_assigned,1,191,191,191,191,191,191,191,191,0,0
archetype_class,Battle Monk:warrior,upper_quartile_proxy,1,total_hp,1,16660,16660,16660,16660,16660,16660,16660,16660,0,0
archetype_class,Battle Monk:warrior,upper_quartile_proxy,1,ehp,1,34482.1232,34482.1232,34482.1232,34482.1232,34482.1232,34482.1232,34482.1232,34482.1232,0,0
archetype_class,Battle Monk:warrior,upper_quartile_proxy,1,ehp_no_agi,1,33701.9413,33701.9413,33701.9413,33701.9413,33701.9413,33701.9413,33701.9413,33701.9413,0,0
archetype_class,Battle Monk:warrior,upper_quartile_proxy,1,hpr,1,461,461,461,461,461,461,461,461,0,0
archetype_class,Battle Monk:warrior,upper_quartile_proxy,1,ehpr,1,954.1572,954.1572,954.1572,954.1572,954.1572,954.1572,954.1572,954.1572,0,0
archetype_class,Battle Monk:warrior,upper_quartile_proxy,1,ls,1,-212,-212,-212,-212,-212,-212,-212,-212,0,0
archetype_class,Battle Monk:warrior,upper_quartile_proxy,1,effective_ls,1,-438.7881,-438.7881,-438.7881,-438.7881,-438.7881,-438.7881,-438.7881,-438.7881,0,0
archetype_class,Battle Monk:warrior,upper_quartile_proxy,1,mr,1,38,38,38,38,38,38,38,38,0,0
archetype_class,Battle Monk:warrior,upper_quartile_proxy,1,total_mr,1,63,63,63,63,63,63,63,63,0,0
archetype_class,Battle Monk:warrior,upper_quartile_proxy,1,ms,1,12,12,12,12,12,12,12,12,0,0
archetype_class,Battle Monk:warrior,upper_quartile_proxy,1,mana_per_hit,1,1.9512,1.9512,1.9512,1.9512,1.9512,1.9512,1.9512,1.9512,0,0
archetype_class,Battle Monk:warrior,upper_quartile_proxy,1,total_mana,1,249,249,249,249,249,249,249,249,0,0
archetype_class,Battle Monk:warrior,upper_quartile_proxy,1,walk_speed,1,4,4,4,4,4,4,4,4,0,0
archetype_class,Battle Monk:warrior,upper_quartile_proxy,1,attack_tier,1,0,0,0,0,0,0,0,0,0,0
archetype_class,Battle Monk:warrior,upper_quartile_proxy,1,attacks_per_second,1,2.05,2.05,2.05,2.05,2.05,2.05,2.05,2.05,0,0
archetype_class,Battle Monk:warrior,upper_quartile_proxy,1,poison,1,0,0,0,0,0,0,0,0,0,0
archetype_class,Battle Monk:warrior,upper_quartile_proxy,1,main_attack_range_pct,1,0,0,0,0,0,0,0,0,0,0
archetype_class,Battle Monk:warrior,upper_quartile_proxy,1,main_attack_range_blocks,1,1,1,1,1,1,1,1,1,0,0
archetype_class,Battle Monk:warrior,upper_quartile_proxy,1,main_attack_dps,1,1.9856,1.9856,1.9856,1.9856,1.9856,1.9856,1.9856,1.9856,0,0
archetype_class,Battle Monk:warrior,upper_quartile_proxy,1,spell_display_avg_max,1,20568.9231,20568.9231,20568.9231,20568.9231,20568.9231,20568.9231,20568.9231,20568.9231,0,0
archetype_class,Battle Monk:warrior,upper_quartile_proxy,1,spell_display_avg_sum,1,66433.326,66433.326,66433.326,66433.326,66433.326,66433.326,66433.326,66433.326,0,0
archetype_class,Battle Monk:warrior,upper_quartile_proxy,1,heal_pct,1,-25,-25,-25,-25,-25,-25,-25,-25,0,0
archetype_class,Battle Monk:warrior,upper_quartile_proxy,1,skill_points_assigned,1,191,191,191,191,191,191,191,191,0,0
family_class,family_unclassified:warrior,solver_default,1,total_hp,1,16660,16660,16660,16660,16660,16660,16660,16660,0,0
family_class,family_unclassified:warrior,solver_default,1,ehp,1,34482.1232,34482.1232,34482.1232,34482.1232,34482.1232,34482.1232,34482.1232,34482.1232,0,0
family_class,family_unclassified:warrior,solver_default,1,ehp_no_agi,1,33701.9413,33701.9413,33701.9413,33701.9413,33701.9413,33701.9413,33701.9413,33701.9413,0,0
family_class,family_unclassified:warrior,solver_default,1,hpr,1,555,555,555,555,555,555,555,555,0,0
family_class,family_unclassified:warrior,solver_default,1,ehpr,1,1148.7142,1148.7142,1148.7142,1148.7142,1148.7142,1148.7142,1148.7142,1148.7142,0,0
family_class,family_unclassified:warrior,solver_default,1,ls,1,-197,-197,-197,-197,-197,-197,-197,-197,0,0
family_class,family_unclassified:warrior,solver_default,1,effective_ls,1,-407.7418,-407.7418,-407.7418,-407.7418,-407.7418,-407.7418,-407.7418,-407.7418,0,0
family_class,family_unclassified:warrior,solver_default,1,mr,1,43,43,43,43,43,43,43,43,0,0
family_class,family_unclassified:warrior,solver_default,1,total_mr,1,68,68,68,68,68,68,68,68,0,0
family_class,family_unclassified:warrior,solver_default,1,ms,1,12,12,12,12,12,12,12,12,0,0
family_class,family_unclassified:warrior,solver_default,1,mana_per_hit,1,1.9512,1.9512,1.9512,1.9512,1.9512,1.9512,1.9512,1.9512,0,0
family_class,family_unclassified:warrior,solver_default,1,total_mana,1,268,268,268,268,268,268,268,268,0,0
family_class,family_unclassified:warrior,solver_default,1,walk_speed,1,5,5,5,5,5,5,5,5,0,0
family_class,family_unclassified:warrior,solver_default,1,attack_tier,1,0,0,0,0,0,0,0,0,0,0
family_class,family_unclassified:warrior,solver_default,1,attacks_per_second,1,2.05,2.05,2.05,2.05,2.05,2.05,2.05,2.05,0,0
family_class,family_unclassified:warrior,solver_default,1,poison,1,0,0,0,0,0,0,0,0,0,0
family_class,family_unclassified:warrior,solver_default,1,main_attack_range_pct,1,0,0,0,0,0,0,0,0,0,0
family_class,family_unclassified:warrior,solver_default,1,main_attack_range_blocks,1,1,1,1,1,1,1,1,1,0,0
family_class,family_unclassified:warrior,solver_default,1,main_attack_dps,1,114.2122,114.2122,114.2122,114.2122,114.2122,114.2122,114.2122,114.2122,0,0
family_class,family_unclassified:warrior,solver_default,1,spell_display_avg_max,1,21901.8399,21901.8399,21901.8399,21901.8399,21901.8399,21901.8399,21901.8399,21901.8399,0,0
family_class,family_unclassified:warrior,solver_default,1,spell_display_avg_sum,1,70544.3188,70544.3188,70544.3188,70544.3188,70544.3188,70544.3188,70544.3188,70544.3188,0,0
family_class,family_unclassified:warrior,solver_default,1,heal_pct,1,-24,-24,-24,-24,-24,-24,-24,-24,0,0
family_class,family_unclassified:warrior,solver_default,1,skill_points_assigned,1,191,191,191,191,191,191,191,191,0,0
archetype,Battle Monk,solver_default,1,total_hp,1,16660,16660,16660,16660,16660,16660,16660,16660,0,0
archetype,Battle Monk,solver_default,1,ehp,1,34482.1232,34482.1232,34482.1232,34482.1232,34482.1232,34482.1232,34482.1232,34482.1232,0,0
archetype,Battle Monk,solver_default,1,ehp_no_agi,1,33701.9413,33701.9413,33701.9413,33701.9413,33701.9413,33701.9413,33701.9413,33701.9413,0,0
archetype,Battle Monk,solver_default,1,hpr,1,555,555,555,555,555,555,555,555,0,0
archetype,Battle Monk,solver_default,1,ehpr,1,1148.7142,1148.7142,1148.7142,1148.7142,1148.7142,1148.7142,1148.7142,1148.7142,0,0
archetype,Battle Monk,solver_default,1,ls,1,-197,-197,-197,-197,-197,-197,-197,-197,0,0
archetype,Battle Monk,solver_default,1,effective_ls,1,-407.7418,-407.7418,-407.7418,-407.7418,-407.7418,-407.7418,-407.7418,-407.7418,0,0
archetype,Battle Monk,solver_default,1,mr,1,43,43,43,43,43,43,43,43,0,0
archetype,Battle Monk,solver_default,1,total_mr,1,68,68,68,68,68,68,68,68,0,0
archetype,Battle Monk,solver_default,1,ms,1,12,12,12,12,12,12,12,12,0,0
archetype,Battle Monk,solver_default,1,mana_per_hit,1,1.9512,1.9512,1.9512,1.9512,1.9512,1.9512,1.9512,1.9512,0,0
archetype,Battle Monk,solver_default,1,total_mana,1,268,268,268,268,268,268,268,268,0,0
archetype,Battle Monk,solver_default,1,walk_speed,1,5,5,5,5,5,5,5,5,0,0
archetype,Battle Monk,solver_default,1,attack_tier,1,0,0,0,0,0,0,0,0,0,0
archetype,Battle Monk,solver_default,1,attacks_per_second,1,2.05,2.05,2.05,2.05,2.05,2.05,2.05,2.05,0,0
archetype,Battle Monk,solver_default,1,poison,1,0,0,0,0,0,0,0,0,0,0
archetype,Battle Monk,solver_default,1,main_attack_range_pct,1,0,0,0,0,0,0,0,0,0,0
archetype,Battle Monk,solver_default,1,main_attack_range_blocks,1,1,1,1,1,1,1,1,1,0,0
archetype,Battle Monk,solver_default,1,main_attack_dps,1,114.2122,114.2122,114.2122,114.2122,114.2122,114.2122,114.2122,114.2122,0,0
archetype,Battle Monk,solver_default,1,spell_display_avg_max,1,21901.8399,21901.8399,21901.8399,21901.8399,21901.8399,21901.8399,21901.8399,21901.8399,0,0
archetype,Battle Monk,solver_default,1,spell_display_avg_sum,1,70544.3188,70544.3188,70544.3188,70544.3188,70544.3188,70544.3188,70544.3188,70544.3188,0,0
archetype,Battle Monk,solver_default,1,heal_pct,1,-24,-24,-24,-24,-24,-24,-24,-24,0,0
archetype,Battle Monk,solver_default,1,skill_points_assigned,1,191,191,191,191,191,191,191,191,0,0
archetype_class,Battle Monk:warrior,solver_default,1,total_hp,1,16660,16660,16660,16660,16660,16660,16660,16660,0,0
archetype_class,Battle Monk:warrior,solver_default,1,ehp,1,34482.1232,34482.1232,34482.1232,34482.1232,34482.1232,34482.1232,34482.1232,34482.1232,0,0
archetype_class,Battle Monk:warrior,solver_default,1,ehp_no_agi,1,33701.9413,33701.9413,33701.9413,33701.9413,33701.9413,33701.9413,33701.9413,33701.9413,0,0
archetype_class,Battle Monk:warrior,solver_default,1,hpr,1,555,555,555,555,555,555,555,555,0,0
archetype_class,Battle Monk:warrior,solver_default,1,ehpr,1,1148.7142,1148.7142,1148.7142,1148.7142,1148.7142,1148.7142,1148.7142,1148.7142,0,0
archetype_class,Battle Monk:warrior,solver_default,1,ls,1,-197,-197,-197,-197,-197,-197,-197,-197,0,0
archetype_class,Battle Monk:warrior,solver_default,1,effective_ls,1,-407.7418,-407.7418,-407.7418,-407.7418,-407.7418,-407.7418,-407.7418,-407.7418,0,0
archetype_class,Battle Monk:warrior,solver_default,1,mr,1,43,43,43,43,43,43,43,43,0,0
archetype_class,Battle Monk:warrior,solver_default,1,total_mr,1,68,68,68,68,68,68,68,68,0,0
archetype_class,Battle Monk:warrior,solver_default,1,ms,1,12,12,12,12,12,12,12,12,0,0
archetype_class,Battle Monk:warrior,solver_default,1,mana_per_hit,1,1.9512,1.9512,1.9512,1.9512,1.9512,1.9512,1.9512,1.9512,0,0
archetype_class,Battle Monk:warrior,solver_default,1,total_mana,1,268,268,268,268,268,268,268,268,0,0
archetype_class,Battle Monk:warrior,solver_default,1,walk_speed,1,5,5,5,5,5,5,5,5,0,0
archetype_class,Battle Monk:warrior,solver_default,1,attack_tier,1,0,0,0,0,0,0,0,0,0,0
archetype_class,Battle Monk:warrior,solver_default,1,attacks_per_second,1,2.05,2.05,2.05,2.05,2.05,2.05,2.05,2.05,0,0
archetype_class,Battle Monk:warrior,solver_default,1,poison,1,0,0,0,0,0,0,0,0,0,0
archetype_class,Battle Monk:warrior,solver_default,1,main_attack_range_pct,1,0,0,0,0,0,0,0,0,0,0
archetype_class,Battle Monk:warrior,solver_default,1,main_attack_range_blocks,1,1,1,1,1,1,1,1,1,0,0
archetype_class,Battle Monk:warrior,solver_default,1,main_attack_dps,1,114.2122,114.2122,114.2122,114.2122,114.2122,114.2122,114.2122,114.2122,0,0
archetype_class,Battle Monk:warrior,solver_default,1,spell_display_avg_max,1,21901.8399,21901.8399,21901.8399,21901.8399,21901.8399,21901.8399,21901.8399,21901.8399,0,0
archetype_class,Battle Monk:warrior,solver_default,1,spell_display_avg_sum,1,70544.3188,70544.3188,70544.3188,70544.3188,70544.3188,70544.3188,70544.3188,70544.3188,0,0
archetype_class,Battle Monk:warrior,solver_default,1,heal_pct,1,-24,-24,-24,-24,-24,-24,-24,-24,0,0
archetype_class,Battle Monk:warrior,solver_default,1,skill_points_assigned,1,191,191,191,191,191,191,191,191,0,0
family_class,family_unclassified:warrior,maximum,1,total_hp,1,16660,16660,16660,16660,16660,16660,16660,16660,0,0
family_class,family_unclassified:warrior,maximum,1,ehp,1,34482.1232,34482.1232,34482.1232,34482.1232,34482.1232,34482.1232,34482.1232,34482.1232,0,0
family_class,family_unclassified:warrior,maximum,1,ehp_no_agi,1,33701.9413,33701.9413,33701.9413,33701.9413,33701.9413,33701.9413,33701.9413,33701.9413,0,0
family_class,family_unclassified:warrior,maximum,1,hpr,1,696,696,696,696,696,696,696,696,0,0
family_class,family_unclassified:warrior,maximum,1,ehpr,1,1440.5497,1440.5497,1440.5497,1440.5497,1440.5497,1440.5497,1440.5497,1440.5497,0,0
family_class,family_unclassified:warrior,maximum,1,ls,1,-175,-175,-175,-175,-175,-175,-175,-175,0,0
family_class,family_unclassified:warrior,maximum,1,effective_ls,1,-362.2072,-362.2072,-362.2072,-362.2072,-362.2072,-362.2072,-362.2072,-362.2072,0,0
family_class,family_unclassified:warrior,maximum,1,mr,1,43,43,43,43,43,43,43,43,0,0
family_class,family_unclassified:warrior,maximum,1,total_mr,1,68,68,68,68,68,68,68,68,0,0
family_class,family_unclassified:warrior,maximum,1,ms,1,12,12,12,12,12,12,12,12,0,0
family_class,family_unclassified:warrior,maximum,1,mana_per_hit,1,1.9512,1.9512,1.9512,1.9512,1.9512,1.9512,1.9512,1.9512,0,0
family_class,family_unclassified:warrior,maximum,1,total_mana,1,268,268,268,268,268,268,268,268,0,0
family_class,family_unclassified:warrior,maximum,1,walk_speed,1,7,7,7,7,7,7,7,7,0,0
family_class,family_unclassified:warrior,maximum,1,attack_tier,1,0,0,0,0,0,0,0,0,0,0
family_class,family_unclassified:warrior,maximum,1,attacks_per_second,1,2.05,2.05,2.05,2.05,2.05,2.05,2.05,2.05,0,0
family_class,family_unclassified:warrior,maximum,1,poison,1,0,0,0,0,0,0,0,0,0,0
family_class,family_unclassified:warrior,maximum,1,main_attack_range_pct,1,0,0,0,0,0,0,0,0,0,0
family_class,family_unclassified:warrior,maximum,1,main_attack_range_blocks,1,1,1,1,1,1,1,1,1,0,0
family_class,family_unclassified:warrior,maximum,1,main_attack_dps,1,339.8206,339.8206,339.8206,339.8206,339.8206,339.8206,339.8206,339.8206,0,0
family_class,family_unclassified:warrior,maximum,1,spell_display_avg_max,1,23842.7751,23842.7751,23842.7751,23842.7751,23842.7751,23842.7751,23842.7751,23842.7751,0,0
family_class,family_unclassified:warrior,maximum,1,spell_display_avg_sum,1,76532.2309,76532.2309,76532.2309,76532.2309,76532.2309,76532.2309,76532.2309,76532.2309,0,0
family_class,family_unclassified:warrior,maximum,1,heal_pct,1,-21,-21,-21,-21,-21,-21,-21,-21,0,0
family_class,family_unclassified:warrior,maximum,1,skill_points_assigned,1,191,191,191,191,191,191,191,191,0,0
archetype,Battle Monk,maximum,1,total_hp,1,16660,16660,16660,16660,16660,16660,16660,16660,0,0
archetype,Battle Monk,maximum,1,ehp,1,34482.1232,34482.1232,34482.1232,34482.1232,34482.1232,34482.1232,34482.1232,34482.1232,0,0
archetype,Battle Monk,maximum,1,ehp_no_agi,1,33701.9413,33701.9413,33701.9413,33701.9413,33701.9413,33701.9413,33701.9413,33701.9413,0,0
archetype,Battle Monk,maximum,1,hpr,1,696,696,696,696,696,696,696,696,0,0
archetype,Battle Monk,maximum,1,ehpr,1,1440.5497,1440.5497,1440.5497,1440.5497,1440.5497,1440.5497,1440.5497,1440.5497,0,0
archetype,Battle Monk,maximum,1,ls,1,-175,-175,-175,-175,-175,-175,-175,-175,0,0
archetype,Battle Monk,maximum,1,effective_ls,1,-362.2072,-362.2072,-362.2072,-362.2072,-362.2072,-362.2072,-362.2072,-362.2072,0,0
archetype,Battle Monk,maximum,1,mr,1,43,43,43,43,43,43,43,43,0,0
archetype,Battle Monk,maximum,1,total_mr,1,68,68,68,68,68,68,68,68,0,0
archetype,Battle Monk,maximum,1,ms,1,12,12,12,12,12,12,12,12,0,0
archetype,Battle Monk,maximum,1,mana_per_hit,1,1.9512,1.9512,1.9512,1.9512,1.9512,1.9512,1.9512,1.9512,0,0
archetype,Battle Monk,maximum,1,total_mana,1,268,268,268,268,268,268,268,268,0,0
archetype,Battle Monk,maximum,1,walk_speed,1,7,7,7,7,7,7,7,7,0,0
archetype,Battle Monk,maximum,1,attack_tier,1,0,0,0,0,0,0,0,0,0,0
archetype,Battle Monk,maximum,1,attacks_per_second,1,2.05,2.05,2.05,2.05,2.05,2.05,2.05,2.05,0,0
archetype,Battle Monk,maximum,1,poison,1,0,0,0,0,0,0,0,0,0,0
archetype,Battle Monk,maximum,1,main_attack_range_pct,1,0,0,0,0,0,0,0,0,0,0
archetype,Battle Monk,maximum,1,main_attack_range_blocks,1,1,1,1,1,1,1,1,1,0,0
archetype,Battle Monk,maximum,1,main_attack_dps,1,339.8206,339.8206,339.8206,339.8206,339.8206,339.8206,339.8206,339.8206,0,0
archetype,Battle Monk,maximum,1,spell_display_avg_max,1,23842.7751,23842.7751,23842.7751,23842.7751,23842.7751,23842.7751,23842.7751,23842.7751,0,0
archetype,Battle Monk,maximum,1,spell_display_avg_sum,1,76532.2309,76532.2309,76532.2309,76532.2309,76532.2309,76532.2309,76532.2309,76532.2309,0,0
archetype,Battle Monk,maximum,1,heal_pct,1,-21,-21,-21,-21,-21,-21,-21,-21,0,0
archetype,Battle Monk,maximum,1,skill_points_assigned,1,191,191,191,191,191,191,191,191,0,0
archetype_class,Battle Monk:warrior,maximum,1,total_hp,1,16660,16660,16660,16660,16660,16660,16660,16660,0,0
archetype_class,Battle Monk:warrior,maximum,1,ehp,1,34482.1232,34482.1232,34482.1232,34482.1232,34482.1232,34482.1232,34482.1232,34482.1232,0,0
archetype_class,Battle Monk:warrior,maximum,1,ehp_no_agi,1,33701.9413,33701.9413,33701.9413,33701.9413,33701.9413,33701.9413,33701.9413,33701.9413,0,0
archetype_class,Battle Monk:warrior,maximum,1,hpr,1,696,696,696,696,696,696,696,696,0,0
archetype_class,Battle Monk:warrior,maximum,1,ehpr,1,1440.5497,1440.5497,1440.5497,1440.5497,1440.5497,1440.5497,1440.5497,1440.5497,0,0
archetype_class,Battle Monk:warrior,maximum,1,ls,1,-175,-175,-175,-175,-175,-175,-175,-175,0,0
archetype_class,Battle Monk:warrior,maximum,1,effective_ls,1,-362.2072,-362.2072,-362.2072,-362.2072,-362.2072,-362.2072,-362.2072,-362.2072,0,0
archetype_class,Battle Monk:warrior,maximum,1,mr,1,43,43,43,43,43,43,43,43,0,0
archetype_class,Battle Monk:warrior,maximum,1,total_mr,1,68,68,68,68,68,68,68,68,0,0
archetype_class,Battle Monk:warrior,maximum,1,ms,1,12,12,12,12,12,12,12,12,0,0
archetype_class,Battle Monk:warrior,maximum,1,mana_per_hit,1,1.9512,1.9512,1.9512,1.9512,1.9512,1.9512,1.9512,1.9512,0,0
archetype_class,Battle Monk:warrior,maximum,1,total_mana,1,268,268,268,268,268,268,268,268,0,0
archetype_class,Battle Monk:warrior,maximum,1,walk_speed,1,7,7,7,7,7,7,7,7,0,0
archetype_class,Battle Monk:warrior,maximum,1,attack_tier,1,0,0,0,0,0,0,0,0,0,0
archetype_class,Battle Monk:warrior,maximum,1,attacks_per_second,1,2.05,2.05,2.05,2.05,2.05,2.05,2.05,2.05,0,0
archetype_class,Battle Monk:warrior,maximum,1,poison,1,0,0,0,0,0,0,0,0,0,0
archetype_class,Battle Monk:warrior,maximum,1,main_attack_range_pct,1,0,0,0,0,0,0,0,0,0,0
archetype_class,Battle Monk:warrior,maximum,1,main_attack_range_blocks,1,1,1,1,1,1,1,1,1,0,0
archetype_class,Battle Monk:warrior,maximum,1,main_attack_dps,1,339.8206,339.8206,339.8206,339.8206,339.8206,339.8206,339.8206,339.8206,0,0
archetype_class,Battle Monk:warrior,maximum,1,spell_display_avg_max,1,23842.7751,23842.7751,23842.7751,23842.7751,23842.7751,23842.7751,23842.7751,23842.7751,0,0
archetype_class,Battle Monk:warrior,maximum,1,spell_display_avg_sum,1,76532.2309,76532.2309,76532.2309,76532.2309,76532.2309,76532.2309,76532.2309,76532.2309,0,0
archetype_class,Battle Monk:warrior,maximum,1,heal_pct,1,-21,-21,-21,-21,-21,-21,-21,-21,0,0
archetype_class,Battle Monk:warrior,maximum,1,skill_points_assigned,1,191,191,191,191,191,191,191,191,0,0
